plant_id,name,country,iso3,latitude,longitude,capacity_mw,commissioning_year,gem_status,hrsg_units,chp,gas_steam_turbine_models,turbine_class,technology,owner,co2_tonnes_per_year,co2_source,co2_basis,generation_gwh,region,nearest_place,data_source,gas_turbine_count,duct_burners,hrsg_bypass_capability,carbon_capture,planned_retirement_year,us_eia_plant_code,measured_thermal_efficiency_pct,measured_heat_rate_btu_per_kwh,measured_co2_intensity_kg_per_mwh,measured_capacity_factor,measured_net_generation_gwh
GOGPT_millenium_vietna,Millenium power station,Vietnam,VNM,12.589317,109.228395,9600.0,2027,,2,False,,,CCGT,Millennium Energy Vietnam Co Ltd [100%],,,,,Khanh Hoa,Ninh Hoa,GEM-GOGPT,,,,,,,,,,,
WRI1003821,Surgutskaya GRES-2,Russia,RUS,61.2794,73.4889,8865.0,1979,operating,2,True,,,CCGT,"PJSC ""Unipro""",,,,,Khanty-Mansiyskiy Avtonomnyy Okrug,Surgut,WRI,,,,,,,,,,,
GOGPT_alnuwaiseeb_kuwait,Al-Nuwaiseeb power plant,Kuwait,KWT,28.577428,48.381681,7200.0,2028,pre-construction,2,False,,,CCGT,Ministry of Electricity and Water and Renewable Energy (Kuwait) [100%],,,,,Al Ahmadi,Al-Nuwaiseeb,GEM-GOGPT,,,,,,,,,,,
GOGPT_fermiamericamatador_united,Fermi America Project Matador power station,United States,US,35.2837621,'-101.568974,6000.0,2026,pre-construction,5,False,Siemens Energy: SGT800,other/unspecified,CCGT,Fermi America LLC,,,,,Texas,Amarillo,GEM-GOGPT,,,,,,,,,,,
GOGPT_cana_vietna,Ca Na power station,Vietnam,VNM,11.335591,108.88906,6000.0,2026,pre-construction,4,False,,,CCGT,B.Grimm Power PCL; Gulf Development PCL,,,,,Ninh Thuan,Ca Na,GEM-GOGPT,,,,,,,,,,,
GOGPT_mygiang_vietna,My Giang power station,Vietnam,VNM,12.319486,108.50867,6000.0,,,4,False,,,CCGT,Vietnam Electricity LLC [100%],,,,,Đắk Lắk,,GEM-GOGPT,,,,,,,,,,,
WRI1008685,Az Zour South CCGT,Kuwait,KWT,28.7072,48.3742,5805.0,1987,operating,5,False,,,CCGT,Ministry of Electricity and Water and Renewable Energy (Kuwait) [100%],,,,,Eastern Province,Al Khafji,WRI,,,,,,,,,,,
WRI1003692,CHP-23,Russia,RUS,55.9162,37.6879,5690.0,1966,operating,2,True,,,CCGT,"PJSC ""Mosenergo""",,,,,Moscow,Vatutino,WRI,,,,,,,,,,,
WRI1008692,Sabiya,Kuwait,KWT,29.567,48.171,5366.5,1998,operating,5,True,"GE Power: 9FA, GE Power: 9FA, GE Power: D11",F-class,CCGT,Ministry of Electricity and Water and Renewable Energy (Kuwait) [100%],,,,,Al Asimah,Az Zawr,WRI,,,,,,,,,,,
GOGPT_permgres_russia,Perm GRES power station,Russia,RUS,58.494354,56.351611,5063.0,1986,operating,1,True,,,CCGT,Inter RAO – Electric Power Generation JSC [100%],,,,,Perm Krai,Dobryanka,GEM-GOGPT,,,,,,,,,,,
WRI1000621,Futtsu,Japan,JPN,35.3421,139.8319,5040.0,1985,operating,21,False,,,CCGT,Tokyo,,,,,Chiba,Futtsu,WRI,,,,,,,,,,,
WRI1008743,Shuweihat S1,United Arab Emirates,ARE,24.165,52.568,4889.0,2005,operating,2,True,,,CCGT,Shuweihat CMS International Power Company,6410300,Climate TRACE,modelled (Climate TRACE),,Abu Dhabi,Ar Ruways,WRI,,,,,,,,,,,
WRI1000617,Higashi Niigata,Japan,JPN,37.9963,139.2373,4810.0,1972,operating,4,False,,,CCGT,Tohoku,6455600,Climate TRACE,modelled (Climate TRACE),,Niigata,Shibata,WRI,,,,,,,,,,,
GOGPT_edccombinedcycle_cambod,EDC Combined Cycle power station,Cambodia,KHM,10.599174,103.533377,4800.0,,,4,False,,,CCGT,Electricite du Cambodge [100%],,,,,Cambodia,,GEM-GOGPT,,,,,,,,,,,
GOGPT_benisuef_egypt,Beni Suef power plant,Egypt,EGY,28.921806,30.984389,4800.0,2017,operating,4,False,,,CCGT,Upper Egypt Electricity Production Co [100%],,,,,Beni Suef,Biba,GEM-GOGPT,,,,,,,,,,,
GOGPT_burullus_egypt,Burullus power plant,Egypt,EGY,31.530299,30.807289,4800.0,2018,operating,4,False,,,CCGT,Middle Delta Electricity Production Co [100%],,,,,Kafr El Sheikh,Al Haddadi WA Izabeha,GEM-GOGPT,,,,,,,,,,,
GOGPT_newcapital_egypt,New Capital power station,Egypt,EGY,29.909415,31.75584,4800.0,2018,operating,4,False,,,CCGT,Egyptian Electricity Holding Co [100%],,,,,New Capital,New Capital,GEM-GOGPT,,,,,,,,,,,
GOGPT_batubara_indone,Batubara power station,Indonesia,IDN,3.285553,99.508176,4800.0,2024,,6,False,,,CCGT,PT Hanlim Power Corp [100%],,,,,North Sumatra,Perupuk,GEM-GOGPT,,,,,,,,,,,
GOGPT_besmaya_iraq,Besmaya power station,Iraq,IRQ,33.166744,44.662947,4800.0,2017,operating,6,False,,,CCGT,Mass Energy Group Holding [100%],,,,,Diyala,Al Wihda,GEM-GOGPT,,,,,,,,,,,
GOGPT_thanhhoa_vietna,Thanh Hoa Power Station,Vietnam,VNM,19.779962,105.744363,4800.0,,,6,False,,,CCGT,,,,,,Thanh Hóa,Thanh Hóa,GEM-GOGPT,,,,,,,,,,,
GOGPT_lngnghison_vietna,LNG Nghi Son power station,Vietnam,VNM,19.437793,105.768091,4700.0,2031,pre-construction,6,False,,,CCGT,JERA Co Inc [100%],,,,,Thanh Hóa,Nghi Sơn,GEM-GOGPT,,,,,,,,,,,
GOGPT_thaibinhcombinedcycle_vietna,Thai Binh Combined Cycle power station,Vietnam,VNM,20.447935,106.356951,4500.0,2028,construction,6,False,,,CCGT,Thai Binh LNG Power JSC,,,,,Thai Binh,Thai Binh,GEM-GOGPT,,,,,,,,,,,
GOGPT_tienlang_vietna,Tien Lang power station,Vietnam,VNM,20.741565,106.568259,4500.0,,,6,False,,,CCGT,Exxon Mobil Corp [100%],,,,,Hai Phong,Hai Phong,GEM-GOGPT,,,,,,,,,,,
WRI1000622,Kashima,Japan,JPN,35.9409,140.6888,4400.0,2020,operating,3,False,,,CCGT,Tokyo,3224900,Climate TRACE,modelled (Climate TRACE),,Ibaraki,Kashima-shi,WRI,,,,,,,,,,,
WRI1000161,Bang Pakong,Thailand,THA,13.501,101.0253,4384.0,1992,operating,3,False,GE Power: 9HA.02,H/J-class,CCGT,Electric Generating Authority of Thailand,,,,,Chachoengsao,Bang Pakong,WRI,,,,,,,,,,,
USA0056407,West County Energy Center,United States of America,USA,26.6986,'-80.3747,4263.0,2009,operating,3,False,,,CCGT,Florida Power & Light Co,,,,21486.0,Florida,Loxahatchee Groves,WRI,9,True,False,False,,56407,52.4,6512,351,0.523,19536.3
WRI1030653,GHAZLAN,Saudi Arabia,SAU,26.85,49.896,4256.0,2003,operating,2,False,Doosan Enerbility Co.,other/unspecified,CCGT,Saudi Electricity Company (SEC),16027000,Climate TRACE,modelled (Climate TRACE),,Eastern Province,Umm as Sahik,WRI,,,,,,,,,,,
WRI1030656,Hajr for Electricity Production Co. Station,Saudi Arabia,SAU,25.83,50.132,4098.0,2014,operating,6,False,GE Power,other/unspecified,CCGT,Hajr for Electricity Production Company,,,,,Central Governorate,Dar Kulayb,WRI,,,,,,,,,,,
WRI1070089,Guangdong Shajiao power complex,China,CHN,22.7489,113.6807,3970.0,1992,pre-construction,2,False,,,CCGT,Guangdong Guanghope Power Co Ltd,5849700,Climate TRACE,modelled (Climate TRACE),,Guangdong,Xinwan,WRI,,,,,,,,,,,
WRI1000638,Chita,Japan,JPN,34.9867,136.8436,3966.0,1968,operating,2,False,GE Vernova,other/unspecified,CCGT,Chubu,,,,,Aichi,Tokoname,WRI,,,,,,,,,,,
GOGPT_munshiganj_bangla,Munshiganj power station,Bangladesh,BGD,23.541887,90.571471,3960.0,2030,announced,6,False,,,CCGT,Electricity Generation Company of Bangladesh Ltd [100%],,,,,Dhaka,,GEM-GOGPT,,,,,,,,,,,
GOGPT_longson_vietna,Long Son power station,Vietnam,VNM,10.452733,107.08938,3900.0,2030,announced,6,False,,,CCGT,Power Generation 3 JSC [100%],,,,,Ba Ria - Vung Tau,Long Son Commune,GEM-GOGPT,,,,,,,,,,,
CT-6407,Jizan IGCC power plant,Saudi Arabia,SA,17.2775,42.3626,3850.0,2020,operating,5,False,,,CCGT,Air Products and Chemicals Inc,9061700,Climate TRACE,modelled (Climate TRACE),,Jizan,Misliyah,Climate TRACE,,,,,,,,,,,
WRI1030694,QURAYYAH- CC,Saudi Arabia,SAU,25.86,50.118,3846.0,2014,operating,6,False,"GE Vernova: 7HA.03, GE Vernova: 7HA.02",H/J-class,CCGT,Saudi Electricity Company (SEC),9597400,Climate TRACE,modelled (Climate TRACE),,Eastern Province,Dhahran,WRI,,,,,,,,,,,
GOGPT_blackpoint_hongko,Black Point power station,Hong Kong,,22.413823,113.91098,3800.5,1996,operating,10,False,Siemens Energy: SGT5-8000H,other/unspecified,CCGT,Castle Peak Power Co [100%],,,,,Hong Kong,Lung Kwu Tan,GEM-GOGPT,,,,,,,,,,,
WRI1000157,Ratchaburi (RATCHGEN),Thailand,THA,13.5979,99.8841,3645.0,2002,operating,3,False,,,CCGT,Ratchaburi Electric Generating Company,,,,,Ratchaburi,Ratchaburi,WRI,,,,,,,,,,,
WRI1030690,Riyadh 9,Saudi Arabia,SAU,24.95,47.065,3616.6,2008,operating,4,False,,,CCGT,Saudi Electricity Company (SEC),11042500,Climate TRACE,modelled (Climate TRACE),,Ar Riyad,Riyadh,WRI,,,,,,,,,,,
WRI1000624,Sodegaura,Japan,JPN,35.4619,139.977,3600.0,1974,operating,3,False,,,CCGT,Tokyo,,,,,Chiba,Kisarazu,WRI,,,,,,,,,,,
GOGPT_acwalng_bangla,ACWA LNG power station,Bangladesh,BGD,21.612536,91.949029,3600.0,,,1,False,,,CCGT,ACWA Power Co [100%],,,,,Chittagong,Maheshkhali Upazila - Cox's Bazar District,GEM-GOGPT,,,,,,,,,,,
GOGPT_maheshkhali_bangla,Maheshkhali power station,Bangladesh,BGD,21.435764,91.964171,3600.0,,,3,False,,,CCGT,Bangladesh Power Development Board [51%]; General Electric (Switzerland) GmbH,,,,,Chittagong,Maheshkhali Upazila - Cox's Bazar District,GEM-GOGPT,,,,,,,,,,,
GOGPT_patuakhaliashuganj_bangla,Patuakhali power station (Ashuganj),Bangladesh,BGD,22.056481,90.319494,3600.0,2029,announced,6,False,,,CCGT,Ashuganj Power Station Co Ltd [100%],,,,,Barisal,Dhankhali,GEM-GOGPT,,,,,,,,,,,
GOGPT_payralng_bangla,Payra LNG power station,Bangladesh,BGD,21.999205,90.305597,3600.0,2029,announced,3,False,,,CCGT,Central Military Commission of the People's Republic of China [15%]; BP PLC [15%,,,,,Barisal,"Payra Port, Kalapara Upazila",GEM-GOGPT,,,,,,,,,,,
GOGPT_nairyah_saudia,Nairyah IPP Power Plant,Saudi Arabia,SAU,27.47574,48.49949,3600.0,2028,construction,2,False,Mitsubishi Power: M501JAC,H/J-class,CCGT,Korea Electric Power Corp; ACWA Power Co,,,,,Eastern Province,,GEM-GOGPT,,,,,,,,,,,
GOGPT_riyadh16_saudia,Riyadh 16  power plant,Saudi Arabia,SAU,24.776324,46.966724,3600.0,,pre-construction,1,False,,,CCGT,Saudi Power Procurement Co,,,,,Central Region,Riyadh,GEM-GOGPT,,,,,,,,,,,
GOGPT_rumah_saudia,Rumah IPP Power Plant,Saudi Arabia,SAU,25.56667,47.16255,3600.0,2028,construction,2,False,Mitsubishi Power: M501JAC,H/J-class,CCGT,Korea Electric Power Corp; ACWA Power Co,,,,,Central Province,,GEM-GOGPT,,,,,,,,,,,
GOGPT_taibaindependent_saudia,Taiba Independent Power Plant,Saudi Arabia,SAU,24.427059,39.724634,3600.0,2027,construction,2,False,GE Vernova: 7HA.03,H/J-class,CCGT,Saudi Power Procurement Co [100%],,,,,Western Region,Medina,GEM-GOGPT,,,,,,,,,,,
GOGPT_tanphuoc_vietna,Tan Phuoc power station,Vietnam,VNM,10.448,106.709,3550.0,,,4,False,,,CCGT,Vietnam Electricity LLC [100%],,,,,Tien Giang,,GEM-GOGPT,,,,,,,,,,,
USA0000703,Bowen,United States of America,USA,34.1256,'-84.9222,3498.6,1973,pre-construction,2,False,,,CCGT,Georgia Power Co,,,,10987.1,Georgia,Euharlee,WRI,,,,,,,,,,,
USA0000628,Crystal River,United States of America,USA,28.9656,'-82.6977,3449.0,2003,operating,2,False,,,CCGT,Duke Energy Florida  LLC,8392686,US EPA GHGRP,measured,15044.1,Florida,Inglis,WRI,4,True,False,False,,628,42.4,8041,556,0.52,15701.1
WRI1002912,MONTALTO (Alessandro Volta),Italy,ITA,42.3572,11.5373,3446.0,1997,operating,4,True,,,CCGT,ENEL,,,,1.5,Latium,Pescia Romana,WRI,,,,,,,,,,,
CT-6512,Emirates Aluminum Smelter Complex power station,United Arab Emirates,AE,24.7989,54.7105,3440.0,2009,operating,3,False,GE Power: 9FA,F-class,CCGT,Emirates Global Aluminium PJSC,5314800,Climate TRACE,modelled (Climate TRACE),,Abu Dhabi,Abu Dhabi,Climate TRACE,,,,,,,,,,,
GOGPT_portonortefluminense_brazil,Porto Norte Fluminense power station,Brazil,BRA,'-21.433874,'-41.022797,3400.0,,announced,2,False,,,CCGT,Porto Norte Fluminense SA [100%],,,,,Rio de Janeiro,São Francisco de Itabapoana,GEM-GOGPT,,,,,,,,,,,
USA0006113,Gibson,United States of America,USA,38.3722,'-87.7658,3339.5,1978,announced,1,False,,,CCGT,Duke Energy Indiana  LLC,,,,12184.1,Illinois,Mount Carmel,WRI,,,,,,,,,,,
WRI1000626,Yokohama,Japan,JPN,35.4768,139.679,3325.0,1964,operating,8,False,,,CCGT,Tokyo,,,,,Kanagawa,Yokohama,WRI,,,,,,,,,,,
GOGPT_richardsbaymhlathuze_southa,Richards Bay (Mhlathuze Energy) power station,South Africa,ZAF,'-28.789926,32.063574,3300.0,,,1,False,,,CCGT,Mhlathuze Energy [100%],,,,,KwaZulu-Natal,Richards Bay,GEM-GOGPT,,,,,,,,,,,
GOGPT_alnouf_united,Al-Nouf Power Plant,United Arab Emirates,ARE,24.213541,54.205961,3300.0,2029,pre-construction,1,False,,,CCGT,Abu Dhabi National Energy Company PJSC,,,,,United Arab Emirates,,GEM-GOGPT,,,,,,,,,,,
GOGPT_ckilamma_hongko,CKI Lamma power station,Hong Kong,,22.2188909,114.1082183,3260.0,1991,operating,4,False,Mitsubishi Heavy Industries: M701F,F-class,CCGT,Hong Kong Electric Co Ltd [100%],,,,,Hong Kong,Lamma Island,GEM-GOGPT,,,,,,,,,,,
GOGPT_mary_turkme,Mary power station,Turkmenistan,TKM,37.550344,61.841215,3259.0,1973,operating,2,False,"GE Power: F.03, GE Power: F.03",other/unspecified,CCGT,Turkmenenergo [100%],,,,,Mary,Karaba-Akhun,GEM-GOGPT,,,,,,,,,,,
GOGPT_jingnengbeihai_china,Jingneng Beihai power station,China,CHN,21.53549511,109.4258982,3200.0,,,4,False,,,CCGT,Beijing Jingneng Clean Energy Co Ltd,,,,,Guangxi,,GEM-GOGPT,,,,,,,,,,,
GOGPT_baclieu_vietna,Bac Lieu Project power station,Vietnam,VNM,9.305781,105.720516,3200.0,2028,pre-construction,4,False,GE Power: 9HA.02,H/J-class,CCGT,Bac Lieu LNG Power Company Ltd [100%],,,,,Bac Lieu,Hoa Binh,GEM-GOGPT,,,,,,,,,,,
WRI1030682,Riyadh 10,Saudi Arabia,SAU,24.41,47.013,3160.6,2016,operating,10,False,GE Power,other/unspecified,CCGT,Saudi Electricity Company (SEC),8074800,Climate TRACE,modelled (Climate TRACE),,Ar Riyad,Riyadh,WRI,,,,,,,,,,,
GOGPT_newrumaila_iraq,New Rumaila power station,Iraq,IRQ,30.54569,47.406037,3150.0,2020,operating,3,False,Mapna Group: MGT-70,other/unspecified,CCGT,Shamara Holding Group [100%],,,,,Basrah,North Rumaila,GEM-GOGPT,,,,,,,,,,,
GOGPT_jiangsurudongcombinedc_china,Jiangsu Rudong Combined Cycle Gas Turbine power station,China,CHN,32.450155,121.303627,3120.0,,,2,False,,,CCGT,Pacific Energy Corp Ltd [55%]; Jiangsu Guoxin Investment Group Ltd; PetroChina C,,,,,Jiangsu,,GEM-GOGPT,,,,,,,,,,,
GOGPT_wenzhoudongtou_china,Wenzhou Dongtou power station,China,CHN,27.96627,121.08572,3120.0,,announced,4,True,,,CCGT,Yueqing Wenzhou Combustion Engine Power Co,,,,,Zhejiang,Damen Town,GEM-GOGPT,,,,,,,,,,,
WRI1000639,Shin Nagoya,Japan,JPN,35.0645,136.8767,3058.0,1998,operating,10,False,,,CCGT,Chubu,,,,,Aichi,Kanie,WRI,,,,,,,,,,,
WRI1000195,Incheon,South Korea,KOR,37.5111,126.6078,3052.0,2015,operating,8,False,,,CCGT,Korea Midland Power (KOMIPO),,,,,Incheon,Incheon,WRI,,,,,,,,,,,
WRI1000209,Ulsan,South Korea,KOR,35.4754,129.3812,3000.0,1995,operating,4,False,,,CCGT,Korea East West Power,5295500,Climate TRACE,modelled (Climate TRACE),,Ulsan,Ulsan,WRI,,,,,,,,,,,
GOGPT_abughraib_iraq,Abu Ghraib power station,Iraq,IRQ,33.293546,44.100286,3000.0,2029,pre-construction,1,False,GE Vernova,other/unspecified,CCGT,Government of Iraq,,,,,Baghdad,Abu Ghraib,GEM-GOGPT,,,,,,,,,,,
GOGPT_coega_southa,Coega power station,South Africa,ZAF,'-33.78342,25.707426,3000.0,2026,pre-construction,3,False,,,CCGT,Coega Development Corporation Pty Ltd [100%],,,,,Eastern Cape,Port Elizabeth,GEM-GOGPT,,,,,,,,,,,
GOGPT_richardsbayeskom_southa,Richards Bay (Eskom) power station,South Africa,ZAF,'-28.770971,31.976485,3000.0,2028,pre-construction,1,False,,,CCGT,Eskom Holdings SOC Ltd [100%],,,,,KwaZulu-Natal,Richards Bay,GEM-GOGPT,,,,,,,,,,,
GOGPT_hailang_vietna,Hai Lang power station,Vietnam,VNM,16.994429,107.115361,3000.0,2029,pre-construction,2,False,,,CCGT,Hanwha Energy Corp [20%]; T&T Group JSC [40%]; Korea Gas Corp [20%]; Korea South,,,,,Quảng Trị,,GEM-GOGPT,,,,,,,,,,,
GOGPT_vanphongcombinedcycle_vietna,Van Phong Combined Cycle power station,Vietnam,VNM,12.505546,109.246356,3000.0,,,2,False,,,CCGT,Electric Power Development Co Ltd [100%],,,,,Khanh Hoa,Ninh Thuy,GEM-GOGPT,,,,,,,,,,,
GOGPT_schahfer_united,Schahfer Generating Station,United States,US,41.216194,'-87.023761,2958.0,1979,operating,4,False,,,CCGT,Northern Indiana Public Service Company LLC [100%],,,,,Indiana,Wheatfield,GEM-GOGPT,,,,,,,,,,,
USA0006042,Manatee,United States of America,USA,27.6058,'-82.3456,2951.2,1988,operating,1,False,,,CCGT,Florida Power & Light Co,,,,10424.6,Florida,Sun City Center,WRI,4,True,False,False,,6042,51.3,6657,359,0.262,6768.7
GOGPT_portodesergipe_brazil,Porto de Sergipe power station,Brazil,BRA,'-10.815646,'-36.937062,2909.0,2020,operating,1,False,,,CCGT,Eneva SA [100%],,,,,Sergipe,Barra dos Coqueiros,GEM-GOGPT,,,,,,,,,,,
GOGPT_guanghaibay_china,Guanghai Bay power station,China,CHN,21.991586,112.9895,2900.0,,pre-construction,4,True,,,CCGT,Guangdong Electric Power Development Co Ltd,,,,,Guangdong,Jiangmen,GEM-GOGPT,,,,,,,,,,,
WRI1000627,Chiba,Japan,JPN,35.5648,140.1053,2880.0,1998,operating,1,False,,,CCGT,Tokyo,491920,Climate TRACE,modelled (Climate TRACE),,Chiba,Chiba,WRI,,,,,,,,,,,
USA0000621,Turkey Point,United States of America,USA,25.4356,'-80.3308,2861.2,1987,operating,1,False,,,CCGT,Florida Power & Light Co,,,,19270.2,Florida,Leisure City,WRI,4,False,False,False,,621,,,111,0.83,20793.3
GOGPT_plaquemineslngterminal_united,Plaquemines LNG Terminal power station,United States,US,29.600411,'-89.886404,2860.0,2024,operating,1,False,Baker Hughes (Aero),other/unspecified,CCGT,Plaquemines Expansion LLC,,,,,Louisiana,,GEM-GOGPT,,,,,,,,,,,
USA0000710,Jack McDonough,United States of America,USA,33.8239,'-84.4758,2848.4,2010,operating,3,False,Mitsubishi Power: M501G/M501GAC,other/unspecified,CCGT,Georgia Power Co,,,,19071.8,Georgia,Vinings,WRI,6,True,False,False,,710,50.7,6727,363,0.739,18428.6
GEODB0005331,Senoko I-VII CCGT Power Plants Singapore,Singapore,SGP,1.4655,103.7996,2807.0,1996,operating,7,False,,,CCGT,Senoko Energy Pte Ltd [100%],,,,,Johor,Johor Bahru,WRI,,,,,,,,,,,
WRI1008128,Damavand C.C.,Iran,IRN,35.4156,51.851,2800.0,2012,operating,6,False,,,CCGT,Moshanir,,,,,Tehran,Sharifabad,WRI,,,,,,,,,,,
WRI1030726,RABIGH-2,Saudi Arabia,SAU,22.67,39.037,2800.0,2014,operating,3,False,Siemens Energy: F-class,other/unspecified,CCGT,Saudi Electricity Company (SEC),19711000,Climate TRACE,modelled (Climate TRACE),,Makkah,Rabigh,WRI,,,,,,,,,,,
GOGPT_chongqingchangshou_china,Chongqing Changshou power station,China,CHN,29.859766,107.070937,2800.0,,pre-construction,4,True,,,CCGT,China Huadian Group Co Ltd Chongqing Branch [100%],,,,,Chongqing,Economic Development Zone,GEM-GOGPT,,,,,,,,,,,
GOGPT_sichuandeyangzhongjian_china,Sichuan Deyang Zhongjiang power station,China,CHN,30.8584054,104.6092811,2800.0,2025,operating,1,False,Dongfang Electric Corporation: M701J,H/J-class,CCGT,Sichuan Energy Investment Zhongjiang Gas Power Generation Co Ltd [100%],,,,,Sichuan,Xinglong Town,GEM-GOGPT,,,,,,,,,,,
GOGPT_sichuansuininganjunatu_china,Sichuan Suining Anju Natural Gas power station,China,CHN,30.3527664,105.4401207,2800.0,2026,construction,4,False,Dongfang Electric Corporation: M701J,H/J-class,CCGT,Sichuan Energy Investment Anju Gas Power Generation Co Ltd [100%],,,,,Sichuan,Industrial Concentration Development Zone,GEM-GOGPT,,,,,,,,,,,
GOGPT_zhongshengfogang_china,Zhongsheng Fogang Gas power station,China,CHN,23.781246,113.392989,2800.0,,pre-construction,4,False,,,CCGT,Zhongsheng (Qingyuan) Natural Gas Power Generation Co Ltd,,,,,Guangdong,"Longshan Town, Zhizao City",GEM-GOGPT,,,,,,,,,,,
GOGPT_nseleniindependentfloa_southa,Nseleni Independent Floating power station,South Africa,ZAF,'-28.801119,32.039684,2800.0,,,4,False,,,CCGT,Nseleni Power Corp [100%],,,,,KwaZulu-Natal,Richards Bay,GEM-GOGPT,,,,,,,,,,,
WRI1005906,Janschwalde power station,Germany,DEU,51.8344,14.459,2790.0,1985,operating,1,True,,,CCGT,Vattenfall Europe AG,,,,19629.8,Brandenburg,Janschwalde,WRI,,,,,,,,,,,
GOGPT_shundejunan_china,Shunde Jun'an Gas Thermal power station,China,CHN,22.703163,113.110351,2760.0,,pre-construction,6,True,,,CCGT,Guangzhou Sanxin Holding Group Co Ltd [100%],,,,,Guangdong,Jun'an Town,GEM-GOGPT,,,,,,,,,,,
WRI1000103,Kuriemat 2,Egypt,EGY,29.2693,31.224,2754.0,1997,operating,2,False,,,CCGT,Upper Egypt Electricity Production Co [100%],,,,4726.0,Muhafazat al Fayyum,Al Wasitah,WRI,,,,,,,,,,,
GOGPT_oumache_algeri,Oumache power station,Algeria,DZA,34.441042,5.889285,2750.0,2016,operating,2,True,GE Vernova: 9F,other/unspecified,CCGT,Société Algérienne de Production de l'Electricité SpA [100%],,,,,Oumache,Oumache,GEM-GOGPT,,,,,,,,,,,
CT-6413,MARAFIQ Independent Water and power plant,Saudi Arabia,SA,27.0704,49.6078,2740.0,2010,operating,4,False,,,CCGT,Jubail Water and Power Co,6646700,Climate TRACE,modelled (Climate TRACE),,Eastern Province,Al Jubayl,Climate TRACE,,,,,,,,,,,
GOGPT_mobarakehsteel_iran,Mobarakeh Steel power station,Iran,IRN,32.244167,51.426389,2732.0,1991,operating,1,False,,,CCGT,Mobarakeh Steel Co [100%],,,,,Isfahan,Isfahan,GEM-GOGPT,,,,,,,,,,,
GOGPT_roxborosteam_united,Roxboro Steam Plant,United States,US,36.484086,'-79.072225,2720.0,2028,construction,2,False,GE Vernova: 7HA,H/J-class,CCGT,North Carolina Electric Membership Corp [16%]; Duke Energy Progress LLC [84%],,,,,North Carolina,Roxboro,GEM-GOGPT,,,,,,,,,,,
CT-6513,Emirates Global Aluminum Smelter power station,United Arab Emirates,AE,25.0251,55.0878,2717.6,1979,operating,2,False,,,CCGT,Emirates Global Aluminium PJSC,4590200,Climate TRACE,modelled (Climate TRACE),,Dubai,Dubai,Climate TRACE,,,,,,,,,,,
GOGPT_tianjinbeijiao_china,Tianjin Beijiao power station,China,CHN,39.234252,117.110926,2700.0,,pre-construction,6,True,,,CCGT,Tianjin Jinneng Engineering Management Co Ltd [100%],,,,,Tianjin,,GEM-GOGPT,,,,,,,,,,,
GOGPT_bfcandcheyennehub_united,BFC Power and Cheyenne Power Hub,United States,US,41.022293,'-104.819811,2700.0,2027,pre-construction,2,False,,,CCGT,Tallgrass Energy LP; Crusoe Energy Systems LLC,,,,,Wyoming,,GEM-GOGPT,,,,,,,,,,,
USA0000612,Fort Myers,United States of America,USA,26.6967,'-81.7831,2680.9,1995,operating,1,False,,,CCGT,Florida Power & Light Co,,,,8419.6,Florida,Tice,WRI,6,False,True,False,,612,48.3,7070,382,0.448,10511.2
WRI1002855,Brindisi Sud power station,Italy,ITA,40.5632,18.0318,2640.0,1992,mothballed,2,False,,,CCGT,Enel SpA,,,,6210.4,Apulia,San Pietro Vernotico,WRI,,,,,,,,,,,
GOGPT_kedahthb_malays,Kedah (THB Power) power station,Malaysia,MYS,5.812172,100.495477,2600.0,,announced,1,False,,,CCGT,THB Power Sdn Bhd [100%],,,,,Kedah,Gurun,GEM-GOGPT,,,,,,,,,,,
GOGPT_rasrakan_qatar,Ras Rakan power plant,Qatar,QAT,26.15038,51.238771,2600.0,2028,pre-construction,1,True,"Doosan Enerbility Co., Mitsubishi Power: M701JAC",H/J-class,CCGT,Qatar Electricity and Water Company QPSC [100%],,,,,Al Shamal,Khasooma,GEM-GOGPT,,,,,,,,,,,
WRI1003729,Kirishskaya GRES,Russia,RUS,59.4892,32.0503,2595.0,1965,operating,1,True,,,CCGT,"PJSC ""OGK-2""",,,,,Leningrad,Kirishi,WRI,,,,,,,,,,,
GOGPT_kilby_united,Kilby power plant,United States,US,31.1343,'-103.4383,2595.0,,pre-construction,1,False,GE Vernova: 7HA.02,H/J-class,CCGT,Energy Forge One LLC,,,,,Texas,Pecos,GEM-GOGPT,,,,,,,,,,,
WRI1008361,Orot Rabin,Israel,ISR,32.47,34.888,2590.0,2024,operating,2,False,GE Power: 9HA.01,H/J-class,CCGT,Israel Electric corporation,,,,,Haifa,Hadera,WRI,,,,,,,,,,,
USA0000003,Barry,United States of America,USA,31.0069,'-88.0103,2569.5,1980,operating,3,False,GE Power: 7F.04,other/unspecified,CCGT,Alabama Power Co,,,,12470.8,Alabama,Mount Vernon,WRI,5,True,False,False,,3,40.7,8378,579,0.528,11894.4
GOGPT_atimonan_philip,Atimonan power station,Philippines,PHL,14.0569,121.86168,2560.0,2028,pre-construction,4,False,,,CCGT,Atimonan One Energy Inc [100%],,,,,Calabarzon,Barangay Villa Ibaba,GEM-GOGPT,,,,,,,,,,,
USA0002500,Ravenswood,United States of America,USA,40.7592,'-73.9461,2551.0,1969,operating,1,False,,,CCGT,Helix Ravenswood  LLC,1286201,US EPA GHGRP,measured,2298.7,New York,Long Island City,WRI,1,False,False,False,,2500,39.6,8625,470,0.106,2015.8
CT-2763,Yudean Huizhou Gas power station,China,CN,22.7593,114.6137,2550.0,2007,operating,6,True,Mitsubishi Heavy Industries: M701F3,F-class,CCGT,Guangdong Huizhou Natural Gas Power Generation Co Ltd,2564400,Climate TRACE,modelled (Climate TRACE),,Guangdong,Xiayong,Climate TRACE,,,,,,,,,,,
GOGPT_weihainanhainewzone_china,Weihai Nanhai New Zone Gas Thermal power station,China,CHN,37.00016167,121.9841886,2548.0,2026,construction,4,True,,,CCGT,Weihai Nanhai Gas & Cogeneration Co [100%],,,,,Shandong,,GEM-GOGPT,,,,,,,,,,,
GOGPT_ummalhoul_qatar,Umm Al Houl power plant,Qatar,QAT,25.115086,51.613097,2520.0,2017,operating,2,False,,,CCGT,Umm Al Houl Power QSC [100%],,,,,Al Wakrah,Umm Al Houl,GEM-GOGPT,,,,,,,,,,,
GOGPT_chonburing_thaila,Chonburi Ng Project power station,Thailand,THA,13.049968,101.193335,2500.0,2021,operating,4,False,Mitsubishi Power: M701JAC,H/J-class,CCGT,Gulf SRC Co Ltd [100%],,,,,Chonburi,Khao Khansong,GEM-GOGPT,,,,,,,,,,,
GOGPT_rayonggulfpd_thaila,Rayong Gulf PD power station,Thailand,THA,12.950169,101.156081,2500.0,2023,operating,4,False,Mitsubishi Heavy Industries: M701JAC,H/J-class,CCGT,Gulf PD Co Ltd [100%],,,,,Rayong,Map Yang Phon,GEM-GOGPT,,,,,,,,,,,
GOGPT_taweelahcindependentpr_united,Taweelah C Independent Power Producer (IPP),United Arab Emirates,ARE,24.742035,54.69241,2500.0,2028,pre-construction,1,False,,,CCGT,Emirates Water and Electricity Company PJSC [60%],,,,,Abu Dhabi,Abu Dhabi,GEM-GOGPT,,,,,,,,,,,
CT-2898,Dongguan Ningzhou Gas power station,China,CN,22.7851,113.7106,2484.0,2024,operating,3,True,"Harbin Electric General Gas Turbine (Qinhuangdao) Co., Ltd.: 9HA.02",H/J-class,CCGT,Guangdong Yudean Binhai Bay Energy Co Ltd,1805900,Climate TRACE,modelled (Climate TRACE),,Guangdong,Xinwan,Climate TRACE,,,,,,,,,,,
WRI1019288,Eems,Netherlands,NLD,53.4441,6.856,2465.0,1996,operating,5,False,,,CCGT,Electrabel,,,,5215.8,Groningen,Appingedam,WRI,,,,,,,,,,,
GEODB0043036,Lukoml Thermal Power Plant Belarus,Belarus,BLR,54.6803,29.1341,2460.0,1972,operating,1,True,Siemens Energy: SGT5-4000F,F-class,CCGT,Vitebskenergo RUE [100%],,,,,Belarus,Novolukoml',WRI,,,,,,,,,,,
USA0006043,Martin,United States of America,USA,27.0536,'-80.5628,2448.5,1998,operating,3,False,,,CCGT,Florida Power & Light Co,3286219,US EPA GHGRP,measured,11744.8,Florida,Indiantown,WRI,8,True,False,False,,6043,48.0,7114,384,0.444,9527.7
USA0001403,Nine Mile Point,United States of America,USA,29.9472,'-90.1458,2439.7,1983,operating,1,False,,,CCGT,Entergy Louisiana LLC,4233330,Climate TRACE,modelled (Climate TRACE),9832.5,Louisiana,Jefferson,WRI,2,True,False,False,,1403,38.7,8826,476,0.396,8461.8
WRI1008747,APC UAN,United Arab Emirates,ARE,24.4375,54.491,2430.0,2003,operating,1,True,GE Power: 935IFA,other/unspecified,CCGT,Arabian power Company  ADWEA  IPR  TEPCO  and Mitsui,,,,,Abu Dhabi,Abu Dhabi,WRI,,,,,,,,,,,
USA0055380,Union Power Station,United States of America,USA,33.2961,'-92.5894,2428.0,2003,operating,4,False,,,CCGT,Entergy Arkansas LLC,,,,11267.5,Arkansas,El Dorado,WRI,8,False,False,False,,55380,46.9,7272,392,0.601,12788.4
WRI1000245,Kapar Energy Ventures (KEV),Malaysia,MYS,3.1167,101.3217,2420.0,2031,pre-construction,1,False,,,CCGT,Widad Business Group Sdn Bhd; TNB Power Generation Sdn Bhd,,,,,Perak,Kampong Dungun,WRI,,,,,,,,,,,
WRI1003819,Stavropolskaya GRES,Russia,RUS,45.3122,41.5111,2415.0,1971,operating,1,True,,,CCGT,"PJSC ""OGK-2""",,,,,Stavropol'skiy,Novotroitskaya,WRI,,,,,,,,,,,
CT-2940,Hangzhou Banshan power station,China,CN,30.3618,120.1433,2415.0,2005,operating,6,True,,,CCGT,Hangzhou Huadian Banshan Power Generation Co Ltd,1539700,Climate TRACE,modelled (Climate TRACE),,Zhejiang Sheng,Kangqiao,Climate TRACE,,,,,,,,,,,
WRI1000366,Hsinta (gas),Taiwan,TWN,22.8519,120.1991,2410.0,2023,operating,6,False,Siemens Energy: SGT6-8000H,other/unspecified,CCGT,CHIMEI Corp [100%],,,,,Taiwan,Tainan,WRI,,,,,,,,,,,
CT-5409,Dangjin Combined Cycle power station,South Korea,KR,36.959,126.7825,2406.0,2001,operating,4,False,,,CCGT,GS EPS Co Ltd,3255100,Climate TRACE,modelled (Climate TRACE),,Chungcheongnam-do,Tangjin,Climate TRACE,,,,,,,,,,,
WRI1002179,Azerbaijan TPP,Azerbaijan,AZE,40.78,46.9901,2400.0,1990,operating,4,True,Ansaldo Energia: AE94.3A,other/unspecified,CCGT,AzerEnerji,,,,,Mingacevir City,Mingelchaur,WRI,,,,,,,,,,,
WRI1000535,Huizhou,China,CHN,23.27,114.31,2400.0,2011,operating,2,True,GE Power: 9F,other/unspecified,CCGT,Guoneng (Huizhou) Thermal Power Co Ltd [100%],,,,,Guangdong,Xiangshui,WRI,,,,,,,,,,,
GOGPT_matarbarisummit_bangla,Matarbari Summit power station,Bangladesh,BGD,21.58341,91.929468,2400.0,,,4,False,,,CCGT,Summit-Mitsubishi-GE JV JV [100%],,,,,Chittagong,Maheshkhali Upazila - Cox's Bazar District,GEM-GOGPT,,,,,,,,,,,
GOGPT_alrais_saudia,Al-Rais power plant,Saudi Arabia,SAU,25.265086,44.200283,2400.0,,pre-construction,1,False,,,CCGT,Saudi Power Procurement Co,,,,,Western Region,,GEM-GOGPT,,,,,,,,,,,
GOGPT_mailiao_taiwan,Mailiao power station,Taiwan,TWN,23.803419,120.189024,2400.0,2029,pre-construction,2,False,,,CCGT,Mai-Liao Power Corp [100%],,,,,Mailiao,Mailiao,GEM-GOGPT,,,,,,,,,,,
GOGPT_grangemouthgbtron_united,Grangemouth (GBTron) power station,United Kingdom,GBR,56.025103,'-3.68446,2400.0,,,1,False,,,CCGT,GBTron Power Ltd [100%],,,,,Stirling,Grangemouth,GEM-GOGPT,,,,,,,,,,,
USA0000620,Sanford,United States of America,USA,28.8419,'-81.3256,2377.8,1991,operating,2,False,,,CCGT,Florida Power & Light Co,,,,8486.4,Florida,DeBary,WRI,8,False,False,False,,620,48.9,6974,376,0.439,9147.1
GOGPT_franklinfarms_united,Franklin Farms power station,United States,US,32.53246,'-91.62767,2364.2,2028,construction,3,False,,,CCGT,Entergy Louisiana LLC,,,,,Louisiana,Holly Ridge,GEM-GOGPT,,,,,,,,,,,
GOGPT_nrgjewettcenter_united,NRG Jewett Energy Center,United States,US,31.41423197,'-96.23591164,2356.0,2029,announced,4,False,GE Vernova: 7HA.02,H/J-class,CCGT,NRG Jewett Energy Center LLC,,,,,Texas,Jewett,GEM-GOGPT,,,,,,,,,,,
GOGPT_kashirskaya_russia,Kashirskaya power station,Russia,RUS,54.858056,38.259722,2326.4,1976,construction,3,True,Power Machines: GTE 170.1,other/unspecified,CCGT,Kashirskaya GRES LLC [100%],,,,,Moscow Oblast,Kashira,GEM-GOGPT,,,,,,,,,,,
USA0001378,Paradise,United States of America,USA,37.2608,'-86.9783,2310.2,1993,operating,1,False,,,CCGT,Tennessee Valley Authority,2534934,US EPA GHGRP,measured,9500.7,Kentucky,Central City,WRI,3,True,True,False,,1378,49.6,6885,371,0.677,6882.4
GOGPT_viladoconde_brazil,Vila do Conde power station,Brazil,BRA,'-1.510533,'-48.717877,2310.0,,,1,False,,,CCGT,Hidrovias do Brasil Vila do Conde SA [100%],,,,,Pará,Barcarena,GEM-GOGPT,,,,,,,,,,,
GOGPT_ferrybridgec_united,Ferrybridge-C power station,United Kingdom,GBR,53.715638,'-1.280574,2300.0,,pre-construction,2,False,,,CCGT,SSE PLC [100%],,,,,England,Knottingley,GEM-GOGPT,,,,,,,,,,,
WRI1000664,Shin Oita,Japan,JPN,33.2672,131.7076,2295.0,1991,operating,14,False,,,CCGT,Kyushu,4276300,Climate TRACE,modelled (Climate TRACE),,Oita,Tsurusaki,WRI,,,,,,,,,,,
USA0007873,H L Culbreath Bayside Power Station,United States of America,USA,27.9072,'-82.4231,2294.0,1993,operating,2,False,,,CCGT,Tampa Electric Co,2364840,US EPA GHGRP,measured,7862.5,Florida,Palm River-Clair Mel,WRI,7,False,True,False,,7873,48.0,7108,383,0.383,7698.8
WRI1000074,North Giza,Egypt,EGY,30.2483,30.9471,2250.0,2014,operating,3,False,,,CCGT,Cairo Electricity Production Co [100%],,,,133.0,Muhafazat al Minufiyah,Ashmun,WRI,,,,,,,,,,,
WRI1000091,Nubaria,Egypt,EGY,30.6993,30.6671,2250.0,2006,operating,3,False,,,CCGT,Middle Delta Electricity Production Co [100%],,,,15127.0,Al Buhayrah,Kawm Hamadah,WRI,,,,,,,,,,,
GOGPT_luxor_egypt,Luxor Project power station,Egypt,EGY,25.410934,32.565571,2250.0,,construction,3,False,Siemens Energy: H-class,other/unspecified,CCGT,ACWA Power Co [100%],,,,,Luxor,Nagaa Hamadi,GEM-GOGPT,,,,,,,,,,,
GOGPT_deirali_syria,Deir Ali power station,Syria,,33.268416,36.328777,2250.0,2009,operating,2,False,,,CCGT,Public Establishment of Electricity Generation [100%],,,,,Rif-Dimashq,Deir Ali,GEM-GOGPT,,,,,,,,,,,
GOGPT_dungquat_vietna,Dung Quat power station,Vietnam,VNM,15.333,108.667,2250.0,2030,announced,3,False,,,CCGT,Vietnam Electricity LLC [100%],,,,,Quang Ngai,Dungquat Economic Zone,GEM-GOGPT,,,,,,,,,,,
GOGPT_sonmyi_vietna,Son My I power station,Vietnam,VNM,10.65008,107.68464,2250.0,2028,pre-construction,1,False,,,CCGT,Electricité de France SA [37%]; Pacific Group JSC [25%]; Kyushu Electric Power C,,,,,Binh Thuan,Ham Tan,GEM-GOGPT,,,,,,,,,,,
GOGPT_sonmyii_vietna,Son My II power station,Vietnam,VNM,10.655774,107.646724,2250.0,2028,pre-construction,3,False,,,CCGT,AES Corp [100%],,,,,Binh Thuan,Ham Tan,GEM-GOGPT,,,,,,,,,,,
USA0007805,Sherwood H Smith Jr Energy Complex,United States of America,USA,34.8392,'-79.7406,2244.8,2004,operating,2,False,,,CCGT,Duke Energy Progress - (NC),,,,9392.6,North Carolina,Hamlet,WRI,4,True,True,False,,7805,44.0,7748,418,0.504,9920.4
GOGPT_alorgajahmelaka_malays,Alor Gajah (Melaka) power station,Malaysia,MYS,2.382211,102.211561,2242.2,2021,operating,3,False,,,CCGT,Edra Energy Sdn Bhd [100%],,,,,Melaka,Alor Gajah,GEM-GOGPT,,,,,,,,,,,
GOGPT_termopecem_brazil,Termopecém power station,Brazil,BRA,'-3.555502,'-38.816607,2240.0,,announced,2,False,,,CCGT,Positiva Energia do Pecém SA [100%],,,,,Ceará,Pecém,GEM-GOGPT,,,,,,,,,,,
USA0007302,Hines Energy Complex,United States of America,USA,27.7882,'-81.87,2234.0,2004,operating,4,False,,,CCGT,Duke Energy Florida  LLC,,,,11459.8,Florida,Fort Meade,WRI,8,False,False,False,,7302,47.9,7117,384,0.617,12240.6
WRI1000140,Tashkent,Uzbekistan,UZB,41.3822,69.3677,2230.0,2008,operating,1,True,,,CCGT,Uzbekenergo,,,,,Toshkent,Salor,WRI,,,,,,,,,,,
USA0006073,Victor J Daniel Jr,United States of America,USA,30.5322,'-88.5553,2229.0,1990,operating,2,False,,,CCGT,Mississippi Power Co,6151800,Climate TRACE,modelled (Climate TRACE),10355.1,Mississippi,Helena,WRI,4,True,False,False,,6073,42.1,8096,555,0.561,10960.1
WRI1003770,Novocherkasskaya GRES,Russia,RUS,47.4,40.2333,2214.0,1956,operating,2,False,Rostec United Engine Corporation: GTD-110M,other/unspecified,CCGT,"PJSC ""OGK-2""",,,,,Rostov,Donskoy,WRI,,,,,,,,,,,
WRI1061821,Zainskaya GRES,Russia,RUS,55.2903,52.0228,2200.0,1972,operating,1,True,Power Machines: GTE 170.2,other/unspecified,CCGT,"JSC ""Tatenergo"" (JSC ""Generation Company"")",,,,,Tatarstan,Zainsk,WRI,,,,,,,,,,,
WRI1008746,TAPCO,United Arab Emirates,ARE,24.768,54.6873,2200.0,2005,operating,2,True,"GE Power: MS9001E, GE Power: MS9001E",other/unspecified,CCGT,ADWEA  TAQA  & CMS Generation Taweelah Limited,,,,,Abu Dhabi,Abu Dhabi,WRI,,,,,,,,,,,
GOGPT_sonagazifeni_bangla,Sonagazi Feni power station,Bangladesh,BGD,22.863376,91.390509,2200.0,2032,announced,4,False,,,CCGT,Electricity Generation Company of Bangladesh Ltd [100%],,,,,Chittagong,Sonagazi,GEM-GOGPT,,,,,,,,,,,
CT-4788,Ratnagiri Combined Cycle power plant,India,IN,17.5597,73.1664,2154.0,1998,operating,3,False,,,CCGT,Ratnagiri Gas and Power Pvt Ltd,1744800,Climate TRACE,modelled (Climate TRACE),,Maharashtra,Dabhol,Climate TRACE,,,,,,,,,,,
GOGPT_alamarh_iraq,Al Amarh power plant,Iraq,IRQ,31.696394,47.254028,2150.0,2022,operating,1,False,,,CCGT,Ministry of Electricity (Iraq) [100%],,,,,Maysan,Al Kahla,GEM-GOGPT,,,,,,,,,,,
GOGPT_albertasundance_canada,Alberta Sundance power station,Canada,CAN,53.507405,'-114.559003,2121.0,2021,operating,2,False,,,CCGT,TransAlta Corp [100%],,,,,Alberta,Sundance,GEM-GOGPT,,,,,,,,,,,
MEX0001766,Adolfo López Mateos (Tuxpan),Mexico,MEX,21.0151,'-97.3334,2100.0,1991,construction,1,False,Siemens Energy: not found,other/unspecified,CCGT,CFE,3084600,Climate TRACE,modelled (Climate TRACE),,Veracruz,Santiago de la Pena,WRI,,,,,,,,,,,
GOGPT_huadianchongqingtongna_china,Huadian Chongqing Tongnan power station,China,CHN,30.114313,105.880192,2093.4,2026,construction,4,False,"Mitsubishi Heavy Industries: M701F5, Dongfang Electric Corporation: M701F5",F-class,CCGT,Huadian (Chongqing) Gas Power Generation Co Ltd,,,,,Chongqing,Gaoxin East District,GEM-GOGPT,,,,,,,,,,,
WRI1000100,Sidi Krir,Egypt,EGY,31.043,29.6652,2092.0,2000,operating,1,False,,,CCGT,West Delta Electricity Production Co [100%],,,,3703.0,Alexandria,Alexandria,WRI,,,,,,,,,,,
GOGPT_fongder_taiwan,Fong Der power station,Taiwan,TWN,23.0833831,120.3554167,2080.0,2004,operating,3,False,Siemens Energy: SGT6-9000HL,H/J-class,CCGT,Sun Ba Power Corp [100%],,,,,Fengde Alley,Fengde Alley,GEM-GOGPT,,,,,,,,,,,
GOGPT_cpvshaycenter_united,CPV Shay energy center,United States,US,39.260982,'-80.715473,2059.8,2031,pre-construction,3,False,GE Power: 7HA.03,H/J-class,CCGT,Competitive Power Ventures Inc [100%],,,,,West Virginia,Blandville,GEM-GOGPT,,,,,,,,,,,
WRI1030684,Riyadh 12,Saudi Arabia,SAU,24.79,45.621,2055.6,2016,operating,2,False,Doosan Enerbility Co.,other/unspecified,CCGT,Saudi Electricity Company (SEC),4977800,Climate TRACE,modelled (Climate TRACE),,Ar Riyad,Marat,WRI,,,,,,,,,,,
GOGPT_aegle_united,Aegle Power Generation Station,United States,US,26.216361,'-97.62806,2053.0,,,2,False,,,CCGT,Coronado Power Ventures LLC [100%],,,,,Texas,Harlingen,GEM-GOGPT,,,,,,,,,,,
WRI1008186,Shahid Rajaee,Iran,IRN,36.1595,50.2997,2040.0,1992,operating,3,False,,,CCGT,Tehran Regional Electricity Co [100%],,,,,Qazvin,Alvand,WRI,,,,,,,,,,,
CT-6516,Fujairah F2 Integrated Water and power plant,United Arab Emirates,AE,25.302,56.3706,2040.0,2011,operating,3,True,"Ansaldo Energia: GT26B, Ansaldo Energia: GT26B, GE Power: STF30C",F-class,CCGT,Fujairah Asia Power Company PJSC,2385500,Climate TRACE,modelled (Climate TRACE),,Ash Shariqah,Khawr Fakkan,Climate TRACE,,,,,,,,,,,
GOGPT_tupa_brazil,Tupã power station,Brazil,BRA,'-22.279581,'-41.732982,2040.0,,,1,False,,,CCGT,Global Participações em Energia SA [100%],,,,,Rio de Janeiro,Macaé,GEM-GOGPT,,,,,,,,,,,
WRI1000169,Wang Noi,Thailand,THA,14.2324,100.7805,2027.0,1998,operating,1,False,,,CCGT,Electric Generating Authority of Thailand,,,,,Phra Nakhon Si Ayutthaya,Wang Noi,WRI,,,,,,,,,,,
CT-6419,Al-Qassim power plant,Saudi Arabia,SA,26.204,44.016,2027.0,2017,operating,3,False,GE Vernova: 7HA.03,H/J-class,CCGT,Saudi Electricity Co,4860700,Climate TRACE,modelled (Climate TRACE),,Al-Qassim,Unaizah,Climate TRACE,,,,,,,,,,,
GOGPT_nrgtolarcenter_united,NRG Tolar Power Center,United States,US,32.294862,'-97.880886,2014.0,,pre-construction,2,False,GE Vernova: 7HA.02,H/J-class,CCGT,NRG Tolar Power LLC,,,,,Texas,Tolar,GEM-GOGPT,,,,,,,,,,,
WRI1003761,Nizhnevartovskaya,Russia,RUS,60.9758,76.9433,2013.0,1993,operating,1,True,,,CCGT,ZAO Nizhnevartovskaya GRES,,,,,Khanty-Mansiyskiy Avtonomnyy Okrug,Izluchinsk,WRI,,,,,,,,,,,
GBR1000143,West Burton,United Kingdom,GBR,53.3604,'-0.8102,2012.0,2013,operating,3,False,,,CCGT,EDF Energy,,,,,England,Gainsborough,WRI,,,,,,,,,,,
USA0003122,Homer City Generating Station,United States of America,USA,40.5128,'-79.1961,2012.0,1971,pre-construction,7,False,GE Vernova: 7HA.02,H/J-class,CCGT,NRG Homer City Services LLC,1154482,US EPA GHGRP,measured,6827.9,Pennsylvania,Black Lick,WRI,,,,,,,,,,,
GEODB0042859,Mesaieed CCGT Power Plant Qatar,Qatar,QAT,24.9753,51.5783,2007.0,2010,operating,2,False,,,CCGT,Mesaieed Power Co [100%],,,,,Al Wakrah,Umm Sa'id,WRI,,,,,,,,,,,
WRI1005694,Gersteinwerk,Germany,DEU,51.6725,7.7099,2004.5,1973,operating,4,False,Ansaldo Energia,other/unspecified,CCGT,RWE Generation SE,,,,2524.9,North Rhine-Westphalia,Werne,WRI,,,,,,,,,,,
CAN0002062,Lennox,Canada,CAN,44.1442,'-76.848,2000.0,1976,operating,1,False,Mitsubishi Power: M501JAC,H/J-class,CCGT,Ontario Power Generation Inc,,,,,Ontario,Skatepark,WRI,,,,,,,,,,,
WRI1070021,Shanghai Caojing power station,China,CHN,30.7607,121.4008,2000.0,2010,operating,2,True,,,CCGT,Shanghai Electric Group Company Limited,10132000,Climate TRACE,modelled (Climate TRACE),,Shanghai Shi,Shanyang,WRI,,,,,,,,,,,
WRI1000629,Higashi Ogishima,Japan,JPN,35.4954,139.745,2000.0,1987,operating,2,False,,,CCGT,Tokyo,,,,,Kanagawa,Kawasaki,WRI,,,,,,,,,,,
WRI1000368,Hsiehho,Taiwan,TWN,25.1572,121.7398,2000.0,1980,operating,2,False,,,CCGT,Taiwan Power Co [100%],,,,,Taiwan,Keelung,WRI,,,,,,,,,,,
CT-2259,Chongqing Wanzhou power station,China,CN,30.6779,108.399,2000.0,2026,operating,2,False,,,CCGT,Chongqing Wanzhou Electric Power Co Ltd,8472400,Climate TRACE,modelled (Climate TRACE),,Chongqing Shi,Xintian,Climate TRACE,,,,,,,,,,,
CT-5197,Sakai Port power station,Japan,JP,34.5703,135.4419,2000.0,2009,operating,5,False,,,CCGT,Kansai Electric Power Co,2974700,Climate TRACE,modelled (Climate TRACE),,Osaka,Sakai,Climate TRACE,,,,,,,,,,,
GOGPT_changsha_china,Changsha power station,China,CHN,28.4901428,112.7972418,2000.0,2026,construction,4,False,,,CCGT,Hunan Huadian Changsha POWER Generation Co Ltd [100%],,,,,Hunan,Tongguan Circular Economy Industrial Park,GEM-GOGPT,,,,,,,,,,,
GOGPT_datangqingdao_china,Datang Qingdao Gas Thermal power station,China,CHN,36.14891815,120.3670673,2000.0,,pre-construction,4,True,,,CCGT,Datang Qingdao Gas Thermal Power Co Ltd [100%],,,,,Shandong,Zhenping Road,GEM-GOGPT,,,,,,,,,,,
GOGPT_godhra_india,Godhra power station,India,IND,22.773567,73.617556,2000.0,,,1,False,,,CCGT,Nana Layja Power Co Ltd [100%],,,,,Gujarat,Godhra,GEM-GOGPT,,,,,,,,,,,
GOGPT_beluluane_mozamb,Beluluane power station,Mozambique,MOZ,'-26.039474,32.326892,2000.0,2026,pre-construction,1,False,,,CCGT,Beluluane Gas Company SA [100%],,,,,Maputo,Matola,GEM-GOGPT,,,,,,,,,,,
GOGPT_surindependent_oman,Sur Independent power plant,Oman,OMN,22.655898,59.416961,2000.0,2014,operating,3,False,"Siemens, Siemens, Fuji Electric Co",other/unspecified,CCGT,Phoenix Power Company SAOG [100%],,,,,Ash Sharqiyah North,Sur,GEM-GOGPT,,,,,,,,,,,
GOGPT_phakwerichardsbay_southa,Phakwe Richards Bay Power Plant,South Africa,ZAF,'-28.741789,32.034288,2000.0,2030,pre-construction,1,False,,,CCGT,Phakwe Richards Bay Gas Power 3 Pty Ltd [100%],,,,,KwaZulu-Natal,Richards Bay,GEM-GOGPT,,,,,,,,,,,
GOGPT_walpole_united,Walpole power station,United Kingdom,GBR,52.7523,0.2522,2000.0,2033,announced,1,False,,,CCGT,Flexible Generation 1 Ltd,,,,,United Kingdom,,GEM-GOGPT,,,,,,,,,,,
GOGPT_kingslynnb_united,King's Lynn-B power station,United Kingdom,GBR,52.71624,0.37915,1999.0,,,2,False,,,CCGT,EP UK Power Development Ltd [100%],,,,,Norfolk,Saddlebow,GEM-GOGPT,,,,,,,,,,,
GOGPT_canadays_united,Canadays power station,United States,US,33.064567,'-80.621031,1996.0,2031,announced,3,False,,,CCGT,Dominion Energy South Carolina Inc [50%]; South Carolina Public Service Authorit,,,,,South Carolina,Canadys,GEM-GOGPT,,,,,,,,,,,
USA0007710,H Allen Franklin Combined Cycle,United States of America,USA,32.6078,'-85.0975,1995.7,2004,operating,3,False,,,CCGT,Southern Power Co,5078422,US EPA GHGRP,measured,12462.6,Alabama,Smiths Station,WRI,6,True,False,False,,7710,48.4,7047,380,0.666,11641.0
CT-2685,Beijing Energy Jingxi Gas Thermal power station,China,CN,39.9413,116.1249,1989.0,2014,operating,2,True,,,CCGT,Beijing Jingxi Gas Thermal Power Co Ltd,2786100,Climate TRACE,modelled (Climate TRACE),,Beijing,Guangning,Climate TRACE,,,,,,,,,,,
GOGPT_jandar_syria,Jandar Gas power plant,Syria,,34.465977,36.783316,1983.0,1995,operating,2,False,,,CCGT,Public Establishment of Electricity Generation [100%],,,,,Homs,Jandar,GEM-GOGPT,,,,,,,,,,,
ARG0000046,COSTANERA,Argentina,ARG,'-34.626,'-58.3393,1982.2,1983,operating,2,False,,,CCGT,ENDESA COSTANERA,,,,,Buenos Aires F.D.,Buenos Aires,WRI,,,,,,,,,,,
WRI1002969,Torrevaldaliga Nord power station,Italy,ITA,42.1269,11.7583,1980.0,2009,mothballed,1,False,,,CCGT,Enel,,,,11109.4,Latium,Aurelia,WRI,,,,,,,,,,,
GBR0000174,Drax,United Kingdom,GBR,53.7356,'-0.9911,1980.0,1971,operating,2,True,,,CCGT,Drax Power,,,,,England,Camblesforth,WRI,,,,,,,,,,,
CT-2683,Guangzhou Pearl River LNG power station,China,CN,22.8143,113.5654,1980.0,2006,operating,4,True,Dongfang Electric Corporation: M701J,H/J-class,CCGT,Guangzhou Pearl River Natural Gas Power Generation Co Ltd,2793300,Climate TRACE,modelled (Climate TRACE),,Guangdong,Nansha,Climate TRACE,,,,,,,,,,,
CT-6420,Riyadh City-14 power station,Saudi Arabia,SA,24.4179,47.0231,1980.0,2019,operating,2,False,,,CCGT,Saudi Electricity Co,4660400,Climate TRACE,modelled (Climate TRACE),,Ar Riyad,Riyadh,Climate TRACE,,,,,,,,,,,
GOGPT_wolfbonecenter_united,Wolf Bone Energy Center,United States,US,31.329853,'-103.392211,1974.0,2029,pre-construction,2,False,GE Vernova: 7HA.02,H/J-class,CCGT,NRG Wolf Bone Energy Center LLC,,,,,Texas,Pecos,GEM-GOGPT,,,,,,,,,,,
WRI1029895,KOMIPO Incheon,South Korea,KOR,37.5109,126.609,1960.0,2005,operating,3,True,,,CCGT,Korea Midland Power Company,,,,,Incheon,Incheon,WRI,,,,,,,,,,,
GBR1000147,Eggborough,United Kingdom,GBR,53.7116,'-1.1269,1960.0,2026,announced,3,True,GE Power: H-Class,other/unspecified,CCGT,Eggborough Power Ltd,,,,,England,Brayton,WRI,,,,,,,,,,,
USA0006052,Wansley,United States of America,USA,33.4134,'-85.0323,1956.8,1977,pre-construction,2,False,,,CCGT,Georgia Power Co,1149468,US EPA GHGRP,measured,1815.8,Georgia,Franklin,WRI,4,True,False,False,,55965,49.2,6931,374,0.829,8994.0
GOGPT_chibasodegaura_japan,Chiba-Sodegaura power station,Japan,JPN,35.433333,139.973635,1950.0,2029,pre-construction,3,False,Mitsubishi Power: M701JAC,H/J-class,CCGT,Chiba-Sodegaura Power Co Ltd [100%],,,,,Kantō,,GEM-GOGPT,,,,,,,,,,,
CT-2565,Huaneng Beijing power station,China,CN,39.8854,116.5388,1930.0,2011,operating,2,True,Mitsubishi Heavy Industries: M701F4,F-class,CCGT,Huaneng Beijing Thermal Electricity Co Ltd [100%],3745200,Climate TRACE,modelled (Climate TRACE),,Beijing,Dongfeng,Climate TRACE,,,,,,,,,,,
GOGPT_gnaiii_brazil,GNA III power station,Brazil,BRA,'-21.84064,'-41.019075,1927.0,,announced,1,False,,,CCGT,Prumo Logistica SA; BP PLC; Siemens Energy Brasil Ltda; SPIC Brasil SA [33%],,,,,Rio de Janeiro,São João da Barra,GEM-GOGPT,,,,,,,,,,,
WRI1008153,Kerman,Iran,IRN,30.21,56.7932,1912.0,2009,operating,4,False,Ansaldo Energia: V94.2,E/legacy-class,CCGT,Kerman Regional Electric Co [100%],,,,,Kerman,Kerman,WRI,,,,,,,,,,,
GOGPT_ryazanskayagres_russia,Ryazanskaya GRES power station,Russia,RUS,54.035556,39.779444,1910.0,1980,operating,1,True,,,CCGT,OGK-2 PJSC [100%],,,,,Ryazan Oblast,Novomichurinsk,GEM-GOGPT,,,,,,,,,,,
USA0000645,Big Bend,United States of America,USA,27.7944,'-82.4036,1903.5,1977,operating,1,False,,,CCGT,Tampa Electric Co,,,,3889.9,Florida,Apollo Beach,WRI,2,False,True,False,,645,29.2,11671,816,0.145,2898.3
WRI1029890,Dongducheon,South Korea,KOR,37.903,127.09,1900.0,2015,operating,2,False,,,CCGT,Korea Western Power Company,3802100,Climate TRACE,modelled (Climate TRACE),,Gyeonggi-do,Yangju,WRI,,,,,,,,,,,
GOGPT_pengerang_malays,Pengerang Co-generation plant,Malaysia,MYS,1.376965,104.174396,1900.0,2017,operating,2,True,,,CCGT,Pengerang Power Sdn Bhd [100%],,,,,Johor,Pengerang,GEM-GOGPT,,,,,,,,,,,
USA0055480,Forney Energy Center,United States of America,USA,32.7563,'-96.4916,1894.2,2003,operating,2,False,,,CCGT,LaFrontera Holdings LLC,4107996,US EPA GHGRP,measured,10526.7,Texas,Forney,WRI,6,True,False,False,,55480,47.0,7267,392,0.561,9316.9
GOGPT_geramariii_brazil,Geramar III power station,Brazil,BRA,'-2.688654,'-44.292005,1894.2,,announced,3,False,,,CCGT,Eneva SA [50%],,,,,Maranhão,São Luís,GEM-GOGPT,,,,,,,,,,,
WRI1000630,Goi,Japan,JPN,35.547,140.0724,1886.0,2024,operating,3,False,GE Power: 9HA.02,H/J-class,CCGT,Tokyo,,,,,Chiba,Ichihara,WRI,,,,,,,,,,,
GOGPT_yunan_china,Yunan power station,China,CHN,23.2352923,111.5745036,1880.0,,announced,4,True,,,CCGT,China Huaneng Group Co Ltd,,,,,Guangdong,,GEM-GOGPT,,,,,,,,,,,
GOGPT_gaslub_brazil,Gaslub power station,Brazil,BRA,'-22.645356,'-42.860825,1866.9,2030,pre-construction,2,False,,,CCGT,Petróleo Brasileiro SA [100%],,,,,Rio de Janeiro,Itaboraí,GEM-GOGPT,,,,,,,,,,,
GOGPT_greenlightelectricityc_canada,Greenlight Electricity Centre,Canada,CAN,53.829152,'-113.179327,1864.0,2029,pre-construction,4,False,,,CCGT,Kineticor Resource Corp [100%],,,,,Alberta,,GEM-GOGPT,,,,,,,,,,,
USA0010745,Midland Cogeneration Venture,United States of America,USA,43.5861,'-84.2242,1853.8,1989,operating,1,True,,,CCGT,Midland Cogeneration Venture,,,,8853.0,Michigan,Midland,WRI,12,True,False,False,,10745,50.1,6805,361,0.456,7412.0
WRI1070057,Mawan power station,China,CHN,22.4818,113.872,1840.0,1998,operating,1,False,Siemens Energy: SGT5-8000H,other/unspecified,CCGT,Shenzhen Energy Group Co Ltd,6014600,Climate TRACE,modelled (Climate TRACE),,Guangdong,Shekou,WRI,,,,,,,,,,,
GOGPT_mansurya_iraq,Mansurya power station,Iraq,IRQ,34.144823,44.941243,1840.0,2014,operating,1,False,GE Vernova,other/unspecified,CCGT,Ministry of Electricity (Iraq) [100%],,,,,Diyala,Al Mansouryah,GEM-GOGPT,,,,,,,,,,,
WRI1070548,Jiangsu Zhenjiang power station,China,CHN,32.1852,119.2709,1820.0,2004,operating,2,True,,,CCGT,China Resources Power Holdings Co Ltd,6309100,Climate TRACE,modelled (Climate TRACE),,Jiangsu Sheng,Gaozi,WRI,,,,,,,,,,,
USA0003459,Sabine,United States of America,USA,30.0242,'-93.878,1811.8,1972,operating,1,False,,,CCGT,Entergy Texas Inc.,,,,3249.2,Texas,Bridge City,WRI,,,,,,,,,,,
GOGPT_riyadhpp11_saudia,Riyadh PP11 power station,Saudi Arabia,SAU,24.773394,46.656281,1805.0,1979,operating,2,False,,,CCGT,Dhuruma O&M Co Ltd [100%],,,,,Ar Riyad,Dhurma - Riyadh,GEM-GOGPT,,,,,,,,,,,
WRI1006134,Weisweiler power station,Germany,DEU,50.8392,6.3211,1800.0,1968,operating,1,False,Ansaldo Energia: GT36,H/J-class,CCGT,RWE Power AG,,,,15236.5,North Rhine-Westphalia,Langerwehe,WRI,,,,,,,,,,,
GEODB0042163,Elektrenai (Lithuania) Thermal Power Plant Lithuania,Lithuania,LTU,54.7701,24.6474,1800.0,2008,operating,1,True,,,CCGT,Ignitis Grupe AB [100%],,,,,Vilnius County,Elektrenai,WRI,,,,,,,,,,,
WRI1003690,CHP-21,Russia,RUS,55.8947,37.5107,1800.0,1963,operating,1,True,,,CCGT,"PJSC ""Mosenergo""",,,,,Moscow,Businovo,WRI,,,,,,,,,,,
WRI1000192,Boryeong (CC),South Korea,KOR,36.3951,126.486,1800.0,2004,operating,3,False,Doosan Enerbility Co.: H-class,other/unspecified,CCGT,Korea Midland Power (KOMIPO),15442000,Climate TRACE,modelled (Climate TRACE),,Chungcheongnam-do,Taisen-ri,WRI,,,,,,,,,,,
WRI1000201,Busan (pusan),South Korea,KOR,35.0851,129.0003,1800.0,2001,operating,4,False,,,CCGT,Korea Southern Power,2328500,Climate TRACE,modelled (Climate TRACE),,Busan,Busan,WRI,,,,,,,,,,,
WRI1000204,Shinincheon,South Korea,KOR,37.508,126.6159,1800.0,2012,operating,4,False,,,CCGT,Korea Southern Power,,,,,Incheon,Incheon,WRI,,,,,,,,,,,
CT-2582,Chentangzhuang power station,China,CN,38.9619,117.1856,1800.0,2014,operating,2,True,Dongfang Electric Corporation: M701F4,F-class,CCGT,Tianjin Chentang Thermoelectricity Co Ltd,3339300,Climate TRACE,modelled (Climate TRACE),,Tianjin Shi,Tuanpo,Climate TRACE,,,,,,,,,,,
CT-2986,Shenzhen Energy Guangming Gas power station,China,CN,22.7428,113.9051,1800.0,2024,operating,3,False,"Harbin Electric General Gas Turbine (Qinhuangdao) Co., Ltd.: 9HA.01",H/J-class,CCGT,Shenzhen Energy Group Co Ltd,1308600,Climate TRACE,modelled (Climate TRACE),,Guangdong,Guangming,Climate TRACE,,,,,,,,,,,
CT-6425,Riyadh City-13 power station,Saudi Arabia,SA,24.785,45.6215,1800.0,2020,operating,2,False,,,CCGT,Saudi Electricity Co,4236600,Climate TRACE,modelled (Climate TRACE),,Ar Riyad,Marat,Climate TRACE,,,,,,,,,,,
GOGPT_mirsarailng_bangla,Mirsarai LNG power station,Bangladesh,BGD,22.777362,91.56671,1800.0,,,1,False,,,CCGT,Rural Power Company Ltd [100%],,,,,Chittagong,Mirsarai,GEM-GOGPT,,,,,,,,,,,
GOGPT_huanengsichuanbazhong_china,Huaneng Sichuan Bazhong power station,China,CHN,31.8828,107.261742,1800.0,,pre-construction,4,False,,,CCGT,Huaneng Sichuan Energy Development Co Ltd,,,,,Sichuan,,GEM-GOGPT,,,,,,,,,,,
USA0003393,Allen,United States of America,USA,35.0741,'-90.1487,1791.7,2001,operating,1,False,,,CCGT,Tennessee Valley Authority,1939893,US EPA GHGRP,measured,5842.7,Arkansas,West Memphis,WRI,2,True,True,False,,3393,52.3,6529,352,0.346,5433.2
WRI1000374,Tunghsiao,Taiwan,TWN,24.4905,120.6694,1785.0,1983,operating,4,False,Mitsubishi Heavy Industries: M501JAC,H/J-class,CCGT,Taiwan Power Co [100%],,,,,Taiwan,Miaoli,WRI,,,,,,,,,,,
WRI1019033,Rybnik,Poland,POL,50.1331,18.5232,1775.0,2027,operating,1,False,Siemens Energy: SGT5-9000HL,H/J-class,CCGT,Polska Grupa Energetyczna SA,2788000,Climate TRACE,modelled (Climate TRACE),6765.8,Silesian Voivodeship,Zebrzydowice,WRI,,,,,,,,,,,
USA0059913,Greensville County Power Station,United States of America,USA,36.7182,'-77.6496,1773.3,2019,operating,1,False,,,CCGT,Virginia Electric & Power Co,,,,9859.9,Virginia,Emporia,WRI,3,True,False,False,,59913,52.7,6471,349,0.717,11145.4
GBR1000373,Staythorpe C,United Kingdom,GBR,53.073,'-0.8585,1772.0,2011,operating,4,False,,,CCGT,RWE Npower Plc,,,,,England,Farndon,WRI,,,,,,,,,,,
GOGPT_verdeatlanticoenergias_brazil,Verde Atlântico Energias power station,Brazil,BRA,'-24.285556,'-46.999996,1768.0,,,1,False,,,CCGT,Gastrading Comercializadora de Energias SA [100%],,,,,São Paulo,Peruíbe,GEM-GOGPT,,,,,,,,,,,
GOGPT_pltgujawa1_indone,PLTGU Jawa-1 power station,Indonesia,IDN,'-6.244232,107.588132,1760.0,2024,operating,2,False,,,CCGT,PT Jawa Satu Power [100%],,,,,West Java,Cilamaya,GEM-GOGPT,,,,,,,,,,,
WRI1000141,Navoi,Uzbekistan,UZB,40.1569,65.3104,1758.0,1964,operating,2,True,"Mitsubishi Power: M701F4, Mitsubishi Power: M701F4",F-class,CCGT,Uzbekenergo,,,,,Navoiy,Beshrabot,WRI,,,,,,,,,,,
USA0002406,PSEG Linden Generating Station,United States of America,USA,40.6217,'-74.2072,1740.0,2004,operating,2,False,,,CCGT,PSEG Fossil LLC,1861722,US EPA GHGRP,measured,5310.2,New York,Bloomfield,WRI,4,True,False,False,,2406,46.7,7309,396,0.333,5076.2
USA0000400,Haynes,United States of America,USA,33.7647,'-118.0991,1739.1,1996,operating,1,False,,,CCGT,Los Angeles Department of Water & Power,1075070,US EPA GHGRP,measured,2926.9,California,Seal Beach,WRI,2,True,False,False,,400,43.4,7855,416,0.168,2562.6
USA0055091,Midlothian Energy Facility,United States of America,USA,32.4302,'-97.0537,1734.0,2000,operating,6,False,,,CCGT,Midlothian Energy LLC,2196478,US EPA GHGRP,measured,5536.8,Texas,Venus,WRI,,False,False,False,,55091,43.5,7849,423,0.322,4884.7
GOGPT_kuokuang_taiwan,Kuo Kuang power station,Taiwan,TWN,25.042752,121.342135,1730.0,2003,operating,1,False,Siemens Energy,other/unspecified,CCGT,Kuo Kuang Power Co Ltd [100%],,,,,Taiwan,,GEM-GOGPT,,,,,,,,,,,
USA0060345,Okeechobee Clean Energy Center,United States of America,USA,27.6342,'-80.7911,1723.1,2019,operating,1,False,,,CCGT,Florida Power & Light Co,,,,7082.1,Florida,Fellsmere,WRI,3,False,False,False,,60345,56.6,6032,325,0.656,9904.6
CT-2995,Dongguan Zhongtang Gas Thermal power station,China,CN,23.1173,113.6773,1720.0,2021,operating,4,True,Dongfang Electric Corporation: F4++,other/unspecified,CCGT,Dongguan Yueming New Energy Thermal Power Co Ltd,1250290,Climate TRACE,modelled (Climate TRACE),,Guangdong,Zhongtang,Climate TRACE,,,,,,,,,,,
GOGPT_chickahominy_united,Chickahominy power station,United States,US,37.4364,'-77.1531,1716.0,,,3,False,,,CCGT,Chickahominy Power LLC [100%],,,,,Virginia,Charles City,GEM-GOGPT,,,,,,,,,,,
GOGPT_nortefluminense2_brazil,Norte Fluminense 2 power station,Brazil,BRA,'-22.318949,'-41.847789,1713.0,,announced,1,False,Siemens Energy: not found,other/unspecified,CCGT,Usina Termeletrica Norte Fluminense SA [100%],,,,,Rio de Janeiro,Macaé,GEM-GOGPT,,,,,,,,,,,
WRI1000641,Chita Daini,Japan,JPN,35.0067,136.8637,1708.0,1994,operating,2,False,,,CCGT,Chubu,,,,,Aichi,Obu,WRI,,,,,,,,,,,
USA0003407,Kingston,United States of America,USA,35.8992,'-84.5194,1700.0,1954,operating,1,False,,,CCGT,Tennessee Valley Authority,,,,3320.0,Tennessee,Kingston,WRI,,,,,,,,,,,
GOGPT_songkhlachana_thaila,Songkhla Chana power station,Thailand,THA,7.312368,100.674046,1700.0,,,1,False,,,CCGT,Korea Western Power Co Ltd [100%],,,,,Songkhla,Chana Dist,GEM-GOGPT,,,,,,,,,,,
GOGPT_teescombinedcycle_united,Tees Combined-Cycle Power Plant,United Kingdom,GBR,54.58084,'-1.14422,1700.0,2025,,2,False,GE Power: 9HA.02,H/J-class,CCGT,Sembcorp Utilities UK Ltd [100%],,,,,North Yorkshire,Grangetown - Redcar & Cleveland,GEM-GOGPT,,,,,,,,,,,
WRI1000164,South Bangkok,Thailand,THA,13.617,100.559,1691.0,1971,announced,7,False,,,CCGT,Electric Generating Authority of Thailand,,,,,Samut Prakan,Phra Samut Chedi,WRI,,,,,,,,,,,
GOGPT_huadianxianghe_china,Huadian Xianghe Gas Energy Station,China,CHN,39.8003259,117.0146047,1690.0,2027,construction,4,True,Dongfang Electric Corporation: H-100,other/unspecified,CCGT,Huadian Xianghe Energy Co Ltd,,,,,Hebei,"East of Dahuangzhuang Village,  Economic Development Zone",GEM-GOGPT,,,,,,,,,,,
GOGPT_anjimeixi_china,Anji Meixi Gas power station,China,CHN,30.79684291,119.7487397,1686.0,2025,operating,1,False,"GE Vernova: 9HA.02, Harbin Electric General Gas Turbine (Qinhuangdao) Co., Ltd.: 9HA.02",H/J-class,CCGT,National Energy Group Zhejiang Electric Power Co Ltd [100%],,,,,Zhejiang,"Meixi Town, Longkou Village",GEM-GOGPT,,,,,,,,,,,
GOGPT_sdicjinengzhoushan_china,SDIC Jineng (Zhoushan) Gas power station,China,CHN,30.0852679,122.2543888,1684.0,2026,construction,2,False,GE Vernova: 9HA.02,H/J-class,CCGT,SDIC Jineng (Zhoushan) Gas Power Generation Co Ltd [100%],,,,,Zhejiang,High-Tech Industrial Park,GEM-GOGPT,,,,,,,,,,,
CT-5919,Noreste (Escobedo) power station,Mexico,MX,25.8688,'-100.3613,1680.0,2019,operating,1,False,,,CCGT,Mexico Infrastructure Partners SAPI de CV,3577200,Climate TRACE,modelled (Climate TRACE),,Nuevo Leon,Buena Vista,Climate TRACE,,,,,,,,,,,
GOGPT_gnaii_brazil,GNA II power station,Brazil,BRA,'-21.84385,'-41.01364,1672.0,2025,operating,1,False,"Siemens Energy: SGT5-9000HL, Siemens Energy: SGT5-9000HL, Siemens Energy: SGT5-9000HL",H/J-class,CCGT,Siemens Energy Brasil Ltda; BP PLC; Prumo Logistica SA; SPIC Brasil SA [33%],,,,,Rio de Janeiro,São João da Barra,GEM-GOGPT,,,,,,,,,,,
WRI1008744,Taweelah A1,United Arab Emirates,ARE,24.7609,54.6803,1671.0,2000,operating,1,True,GE Power: 9E,E/legacy-class,CCGT,Gulf Total Tractebel Power Company  ADWEA,8110000,Climate TRACE,modelled (Climate TRACE),,Abu Dhabi,Abu Dhabi,WRI,,,,,,,,,,,
WRI1006249,BESOS  GRUPO 5,Spain,ESP,41.4196,2.2294,1670.8,2010,operating,1,False,,,CCGT,ENDESA GENERACION S.A.,,,,1360.3,Catalonia,Sant Adria de Besos,WRI,,,,,,,,,,,
USA0060357,Lackawanna Energy Center,United States of America,USA,41.4714,'-75.5442,1665.0,2018,operating,3,False,,,CCGT,Invenergy Services LLC,,,,10163.1,Pennsylvania,Jessup,WRI,,False,False,False,,60357,51.1,6681,360,0.697,9148.4
CT-2837,Yudean Zhongshan Sanjiao Gas Thermal power station,China,CN,22.7131,113.4406,1660.0,2018,operating,3,True,,,CCGT,Guangdong Yudean Zhongshan Thermal Power Plant Co Ltd,2355200,Climate TRACE,modelled (Climate TRACE),,Guangdong,Sanjiao,Climate TRACE,,,,,,,,,,,
GOGPT_jorgeluque_mexico,Jorge Luque power station,Mexico,MEX,19.645741,'-99.182501,1660.0,,construction,3,False,,,CCGT,Generadora Fénix SAPI de CV [100%],,,,,México,Tultitlán,GEM-GOGPT,,,,,,,,,,,
GOGPT_ridgelinefacility_united,Ridgeline Facility power station,United States,US,39.153639,'-79.466406,1656.0,2027,pre-construction,1,False,,,CCGT,Fundamental Data LLC,,,,,West Virginia,,GEM-GOGPT,,,,,,,,,,,
WRI1000653,Himeji Daini,Japan,JPN,34.7734,134.694,1650.0,1973,operating,6,False,,,CCGT,Kansai,4341700,Climate TRACE,modelled (Climate TRACE),,Hyogo,Shirahamacho-usazakiminami,WRI,,,,,,,,,,,
WRI1023225,Turceni power station,Romania,ROU,44.6694,23.408,1650.0,1983,operating,1,False,,,CCGT,Complexul Energetic Oltenia SA,,,,4526.1,Gorj,Turceni,WRI,,,,,,,,,,,
WRI1008698,Al-Anbar,Iraq,IRQ,33.5337,43.026,1642.6,2016,construction,4,False,GE Power: GT26,F-class,CCGT,Iraq's Ministry of Electricity,,,,,Anbar,Hit,WRI,,,,,,,,,,,
USA0006481,Intermountain Power Project,United States of America,USA,39.5097,'-112.5802,1640.0,1986,operating,2,True,Mitsubishi Power: M501JAC,H/J-class,CCGT,Los Angeles Department of Water & Power,4427131,US EPA GHGRP,measured,7561.8,Utah,Delta,WRI,,,,,,,,,,,
USA0007845,Lagoon Creek,United States of America,USA,35.6578,'-89.3964,1625.2,2004,operating,1,False,,,CCGT,Tennessee Valley Authority,,,,3574.0,Tennessee,Brownsville,WRI,2,True,False,False,,7845,48.1,7086,383,0.288,4098.7
GOGPT_huanengqingyuan_china,Huaneng Qingyuan power station,China,CHN,23.60877109,113.1100579,1620.0,2026,construction,4,True,Shanghai Electric: AE64.3A,other/unspecified,CCGT,Huaneng (Qingyuan) Gas Turbine Thermal Power Co Ltd [100%],,,,,Guangdong,,GEM-GOGPT,,,,,,,,,,,
GOGPT_energiadecelaya_mexico,Energía de Celaya power station,Mexico,MEX,20.478545,'-100.97811,1617.0,,,1,False,,,CCGT,Energía de Celaya SA de CV [100%],,,,,Guanajuato,Cortazar,GEM-GOGPT,,,,,,,,,,,
USA0058001,Panda Temple Power Station,United States of America,USA,31.0558,'-97.3172,1606.4,2014,operating,2,False,,,CCGT,PPG - O&M Panda Temple Power LLC,,,,4638.5,Texas,Temple,WRI,4,True,False,False,,58001,43.9,7769,419,0.5,7030.2
WRI1019484,Nong Saeng,Thailand,THA,14.4417,100.7756,1600.0,2014,operating,2,False,,,CCGT,J-Power,,,,,Phra Nakhon Si Ayutthaya,Phachi,WRI,,,,,,,,,,,
WRI1019485,Rojana Power Plant 1,Thailand,THA,14.3324,100.6382,1600.0,2015,operating,1,True,,,CCGT,J-Power,,,,,Phra Nakhon Si Ayutthaya,Uthai,WRI,,,,,,,,,,,
GOGPT_beijingjingnengguangdo_china,Beijing Jingneng Guangdong Dongyuan Gas power station,China,CHN,23.837652,114.770794,1600.0,,pre-construction,4,True,,,CCGT,Beijing Energy Clean Energy and Power Shareholding Huanan Branch Co Ltd [100%],,,,,Guangdong,Xiantang Town,GEM-GOGPT,,,,,,,,,,,
GOGPT_dongyuancounty_china,Dongyuan County power station,China,CHN,23.8492107,114.7885315,1600.0,,pre-construction,4,True,,,CCGT,Beijing Energy Clean Energy and Power Shareholding Huanan Branch Co Ltd [100%],,,,,Guangdong,Xiantang Town,GEM-GOGPT,,,,,,,,,,,
GOGPT_hechiyizhouxinao_china,Hechi Yizhou Xin'ao Energy Thermal Gas power station,China,CHN,24.499446,108.606743,1600.0,,,4,True,,,CCGT,China Power (Yizhou) Thermal Power Co Ltd [100%],,,,,Guangxi,Qingyuan Town,GEM-GOGPT,,,,,,,,,,,
GOGPT_huadiangaocundistribut_china,Huadian Gaocun Gas Distributed Energy Station,China,CHN,39.625093,116.834742,1600.0,2014,operating,2,True,,,CCGT,Tianjin Huadian Fuyuan Thermal Power Co Ltd [100%],,,,,Tianjin,,GEM-GOGPT,,,,,,,,,,,
GOGPT_pulaubunting_malays,Pulau Bunting power station,Malaysia,MYS,5.801111,100.37298,1600.0,2029,pre-construction,1,False,,,CCGT,MMC Corporation Bhd [100%],,,,,Kedah,Yan,GEM-GOGPT,,,,,,,,,,,
GOGPT_dhardoum_morocc,Dhar Doum CCGT power station,Morocco,MAR,35.056149,'-6.199127,1600.0,2028,announced,4,False,,,CCGT,Office National de l'Electricité et de l'Eau Potable (Morocco) [100%],,,,,Tangier-Tétouan-Al Hoceima,Dhar Doum,GEM-GOGPT,,,,,,,,,,,
GOGPT_misfahindependent_oman,Misfah Independent power plant,Oman,OMN,23.601729,58.28701,1600.0,2029,pre-construction,1,False,,,CCGT,Nama Power and Water Procurement Company SAOC [100%],,,,,Muscat,Misfah,GEM-GOGPT,,,,,,,,,,,
GOGPT_kapco_pakist,KAPCO power station,Pakistan,PAK,30.445841,70.982274,1600.0,1996,operating,3,False,,,CCGT,Kot Addu Power Co Ltd [100%],,,,,Punjab,Kot Addu,GEM-GOGPT,,,,,,,,,,,
GOGPT_uthai_thaila,U-Thai power station,Thailand,THA,14.331653,100.69591,1600.0,2016,operating,2,False,,,CCGT,Gulf JP Co Ltd [100%],,,,,Ayutthaya,Uthai,GEM-GOGPT,,,,,,,,,,,
GOGPT_enkagebze_trkiye,Enka Gebze power station,Türkiye,,40.867057,30.38757,1600.0,2002,operating,2,False,,,CCGT,Gebze Elektrik Üretim LŞ [100%],,,,,Adapazarı,Taşkısığı,GEM-GOGPT,,,,,,,,,,,
GOGPT_caitrapisland_vietna,Cai Trap Island power station,Vietnam,VNM,20.814459,106.917977,1600.0,,,2,False,,,CCGT,,,,,,Hai Phong,Hai Phong,GEM-GOGPT,,,,,,,,,,,
WRI1003864,Yuzhnouralskaya 2,Russia,RUS,54.4557,61.2325,1591.5,2014,operating,2,False,,,CCGT,JSC INTER RAO-Electric Power Generation,,,,,Chelyabinsk,Yuzhnoural'sk,WRI,,,,,,,,,,,
USA0003804,Possum Point,United States of America,USA,38.5367,'-77.2806,1591.0,1985,operating,1,False,,,CCGT,Virginia Electric & Power Co,742576,US EPA GHGRP,measured,2855.9,Virginia,Cherry Hill,WRI,2,True,False,False,,3804,46.2,7385,399,0.284,1766.0
WRI1006203,ARCOS DE LA FRONTERA GRUPO 1,Spain,ESP,36.6721,'-5.8164,1585.4,2005,operating,3,False,,,CCGT,IBERDROLA GENERACION  S.A.,,,,888.1,Andalusia,San Jose del Valle,WRI,,,,,,,,,,,
GOGPT_chadormalu_iran,Chadormalu power station,Iran,IRN,32.399645,53.725967,1584.0,2016,operating,2,False,"Mapna Group: MGT70-3, Mapna Group: MGT70-3",other/unspecified,CCGT,Chadormalu Mining & Industrial Co [100%],,,,,Yazd,Ardakan,GEM-GOGPT,,,,,,,,,,,
GOGPT_enkaizmir_trkiye,Enka İzmir power station,Türkiye,,38.7467,26.9563,1580.0,2003,operating,2,False,,,CCGT,ENKA Elektrik Üretim AŞ [100%],,,,,Izmir,Horozgediği,GEM-GOGPT,,,,,,,,,,,
WRI1003818,Srednevralskaya,Russia,RUS,57.0023,60.4635,1578.5,1936,operating,1,True,,,CCGT,"PJSC ""Enel Russia""",,,,,Sverdlovsk,Sredneuralsk,WRI,,,,,,,,,,,
GOGPT_parand_iran,Parand power station,Iran,IRN,35.462011,51.012413,1578.0,2017,operating,3,False,Ansaldo Energia: V94.2,E/legacy-class,CCGT,MAPNA Parand Power Generation Co [100%],,,,,Tehran,Parand,GEM-GOGPT,,,,,,,,,,,
GOGPT_thorpemarsh_united,Thorpe Marsh power station,United Kingdom,GBR,53.573585,'-1.090449,1576.0,,,2,False,,,CCGT,Thorpe Marsh Power Ltd [100%],,,,,South Yorkshire,Doncaster,GEM-GOGPT,,,,,,,,,,,
GOGPT_balkan_turkme,Balkan power station,Turkmenistan,TKM,39.83555,54.85227,1574.0,2027,construction,2,False,"GE Vernova: 9FA, GE Vernova: 9FA, GE Vernova: D202, GE Vernova: D202",F-class,CCGT,Turkmenenergo [100%],,,,,Balkan,,GEM-GOGPT,,,,,,,,,,,
WRI1030666,JUBAIL (SWCC),Saudi Arabia,SAU,26.91,49.769,1570.0,1982,operating,1,False,,,CCGT,Saline Water Conversion Corporation (SWCC),6128100,Climate TRACE,modelled (Climate TRACE),,Eastern Province,Al Jubayl,WRI,,,,,,,,,,,
WRI1002973,TURBIGO,Italy,ITA,45.5201,8.7422,1569.0,2008,operating,2,False,Ansaldo Energia: AE94.3A,other/unspecified,CCGT,Edipower,,,,1271.6,Lombardy,Turbigo,WRI,,,,,,,,,,,
WRI1029900,Pocheon,South Korea,KOR,37.9465,127.1689,1560.0,2014,operating,4,False,,,CCGT,Pocheon IPP Co Ltd,1250430,Climate TRACE,modelled (Climate TRACE),,Gyeonggi-do,Jeongok,WRI,,,,,,,,,,,
CT-3026,Jinjiang Gas power station,China,CN,24.5637,118.6433,1560.0,2009,operating,4,False,,,CCGT,Fujian Jinjiang Natural Gas Power Generation Co Ltd,1134040,Climate TRACE,modelled (Climate TRACE),,Fujian,Keren,Climate TRACE,,,,,,,,,,,
CT-3027,CNOOC Putian Gas power station,China,CN,25.2198,119.0028,1560.0,2010,operating,4,False,Mitsubishi Heavy Industries: M701F,F-class,CCGT,CNOOC Fujian Gas Power Generation Co Ltd,1134040,Climate TRACE,modelled (Climate TRACE),,Fujian,Xiuyu,Climate TRACE,,,,,,,,,,,
GOGPT_surkhandarya_uzbeki,Surkhandarya power station,Uzbekistan,UZB,37.376786,67.252094,1560.0,2027,construction,1,False,Siemens Energy: SGT5-9000HL,H/J-class,CCGT,Siemens Energy AG [25%]; Nebras Power QPSC [35%]; Stone City Energy BV [25%]; El,,,,,Surkhandarya,Angor,GEM-GOGPT,,,,,,,,,,,
GOGPT_cumberlandsteam_united,Cumberland Steam Plant,United States,US,36.389947,'-87.651636,1555.6,2026,construction,2,False,,,CCGT,Tennessee Valley Authority [100%],,,,,Tennessee,Cumberland City,GEM-GOGPT,,,,,,,,,,,
GOGPT_golgoharsirjan_iran,Golgohar Sirjan power station,Iran,IRN,29.151985,55.367123,1547.0,2019,operating,2,False,"Mapna Group: MGT-70, Mapna Group: MGT-70, not found: E-Type (ST)",other/unspecified,CCGT,Gohar Energy Sirjan Company PJSC [100%],,,,,Kerman,Sirjan,GEM-GOGPT,,,,,,,,,,,
GOGPT_bandrma_trkiye,Bandırma power station,Türkiye,,40.30835,27.76863,1543.4,2010,operating,2,False,,,CCGT,Enerjisa Enerji Uretim AS [100%],,,,,Balikesir,Bandirma,GEM-GOGPT,,,,,,,,,,,
WRI1030730,Ca Mau 1,Vietnam,VNM,9.242,105.06,1542.0,2008,operating,2,False,,,CCGT,Petrovietnam,,,,,Ca Mau,Ca Mau,WRI,,,,,,,,,,,
GOGPT_chongqingyubei_china,Chongqing Yubei power station,China,CHN,29.73915884,106.9341611,1541.2,2026,construction,2,False,Mitsubishi Heavy Industries: M701J,H/J-class,CCGT,Zhongguang Nuclear New Energy Power Generation Chongqing Co Ltd [100%],,,,,Chongqing,Luoqi Town,GEM-GOGPT,,,,,,,,,,,
WRI1023714,Al Dur Power and Water,Bahrain,BHR,25.9714,50.6076,1540.0,2012,operating,4,False,"GE Power: 9FA, GE Power: C7",F-class,CCGT,Al Dur Power & Water Company,,,,,Central Governorate,Dar Kulayb,WRI,,,,,,,,,,,
GOGPT_ibriindependent_oman,Ibri Independent power plant,Oman,OMN,23.365562,56.283718,1539.0,2019,operating,1,False,"Ansaldo Energia: GT26, Ansaldo Energia: GT26, Ansaldo Energia: GT26, Ansaldo Energia: GT26",F-class,CCGT,Ad Dhahirah Generation Company SAOC [100%],,,,,Ad Dahahirah,Ibri,GEM-GOGPT,,,,,,,,,,,
CT-4796,Sugen Combined Cycle power plant,India,IN,21.3404,72.989,1532.0,2009,operating,3,False,,,CCGT,Torrent Power Ltd,1576500,Climate TRACE,modelled (Climate TRACE),,Gujarat,Kathor,Climate TRACE,,,,,,,,,,,
WRI1000167,Chana,Thailand,THA,6.9553,100.7076,1531.0,2008,operating,2,False,,,CCGT,Electric Generating Authority of Thailand,,,,,Songkhla,Chana,WRI,,,,,,,,,,,
WRI1003757,Nevinnomysskya,Russia,RUS,44.6595,41.9294,1530.2,1960,operating,1,True,,,CCGT,"PJSC ""Enel Russia""",,,,,Stavropol'skiy,Nevinnomyssk,WRI,,,,,,,,,,,
USA0003460,Cedar Bayou,United States of America,USA,29.75,'-94.9256,1530.0,1971,operating,1,False,,,CCGT,NRG Texas Power LLC,678858,US EPA GHGRP,measured,2185.5,Texas,Baytown,WRI,2,False,False,False,,56806,46.9,7271,392,0.523,2453.1
CT-6518,Mirfa Independent Water and Power Project,United Arab Emirates,AE,24.121,53.447,1522.8,2017,operating,1,False,,,CCGT,Mirfa International Power and Water Company PJSC,1966800,Climate TRACE,modelled (Climate TRACE),,Abu Dhabi,Ar Ruways,Climate TRACE,,,,,,,,,,,
WRI1002962,TAVAZZANO,Italy,ITA,45.3325,9.4364,1520.0,2005,operating,2,False,,,CCGT,E. On,,,,3131.5,Lombardy,Galgagnano,WRI,,,,,,,,,,,
CT-6427,Fadhili cogeneration power plant,Saudi Arabia,SA,27.1193,49.0724,1509.0,2020,operating,1,True,,,CCGT,Fadhili Plant Cogeneration Co,3639600,Climate TRACE,modelled (Climate TRACE),,Eastern Province,Al Jubayl,Climate TRACE,,,,,,,,,,,
GOGPT_beaconaicentersindus_canada,Beacon AI Centers Indus Project,Canada,CAN,50.943405,'-113.807201,1504.0,2027,pre-construction,4,False,"Siemens Energy: SGT-800, Siemens Energy: SST-500",E/legacy-class,CCGT,Northbridge Power GPC Inc; Indus Power Generation LP,,,,,Alberta,Indus,GEM-GOGPT,,,,,,,,,,,
WRI1029885,Bugok,South Korea,KOR,36.959,126.7825,1503.0,2019,operating,1,False,,,CCGT,GS Energy,,,,,Chungcheongnam-do,Tangjin,WRI,,,,,,,,,,,
WRI1006045,Schwarze Pumpe power station,Germany,DEU,51.5348,14.3531,1500.0,1998,operating,1,True,,,CCGT,Vattenfall Europe AG,,,,10101.8,Brandenburg,Spremberg,WRI,,,,,,,,,,,
WRI1008700,Erbil,Iraq,IRQ,36.0084,43.9169,1500.0,2012,operating,2,False,,,CCGT,Iraq's Ministry of Electricity,,,,,Arbil,Erbil,WRI,,,,,,,,,,,
WRI1000631,Kawasaki,Japan,JPN,35.5123,139.7626,1500.0,2007,operating,6,True,,,CCGT,Tokyo,,,,,Kanagawa,Kawasaki,WRI,,,,,,,,,,,
WRI1000662,Sakaide,Japan,JPN,34.3419,133.8442,1500.0,1970,operating,2,False,,,CCGT,Shikoku,1951300,Climate TRACE,modelled (Climate TRACE),,Kagawa,Sakaidecho,WRI,,,,,,,,,,,
WRI1000645,Toyama Shinko power station,Japan,JPN,36.7654,137.1286,1500.0,1972,operating,1,False,,,CCGT,Hokuriku Electric Power Co,4095700,Climate TRACE,modelled (Climate TRACE),,Toyama,Kuragaki-kosugi,WRI,,,,,,,,,,,
CT-4805,Pragati Combined Cycle Gas Turbine-III power station,India,IN,28.7962,77.0709,1500.0,2012,operating,2,False,,,CCGT,Pragati Power Corp Ltd,1233490,Climate TRACE,modelled (Climate TRACE),,NCT,Bawana,Climate TRACE,,,,,,,,,,,
CT-6429,Shaybah Gas power plant,United Arab Emirates,AE,22.6062,54.0711,1500.0,2018,operating,2,False,,,CCGT,Saudi Arabian Oil Co,3530600,Climate TRACE,modelled (Climate TRACE),,Abu Dhabi,Muzayri`,Climate TRACE,,,,,,,,,,,
GOGPT_westassiut_egypt,West Assiut power station,Egypt,EGY,27.182448,31.000017,1500.0,2019,operating,2,False,,,CCGT,Upper Egypt Electricity Production Co [100%],,,,,Assiut,Assiut,GEM-GOGPT,,,,,,,,,,,
GOGPT_pgsez_iran,PGSEZ power station,Iran,IRN,27.096478,56.041687,1500.0,2026,pre-construction,2,False,,,CCGT,Persian Gulf Mineral and Metal Industries Special Economic Zone Co [100%],,,,,Hormozgan,Bandar Abbas,GEM-GOGPT,,,,,,,,,,,
GOGPT_kirkukcombinedcycle_iraq,Kirkuk Combined-Cycle power station,Iraq,IRQ,35.473578,44.379787,1500.0,2029,pre-construction,1,False,,,CCGT,Government of Iraq,,,,,kirkuk,kirkuk,GEM-GOGPT,,,,,,,,,,,
GOGPT_sulaymaniyah_iraq,Sulaymaniyah power station,Iraq,IRQ,35.586688,44.884351,1500.0,2016,operating,2,False,,,CCGT,Mass Group Holding Ltd [100%],,,,,Kurdistan,Chamchamal,GEM-GOGPT,,,,,,,,,,,
GOGPT_benghazi_libya,Benghazi power station,Libya,LBY,32.120463,20.068256,1500.0,,,1,False,,,CCGT,General Electricity Company of Libya [100%],,,,,Benghazi,Benghazi,GEM-GOGPT,,,,,,,,,,,
GOGPT_lekki_nigeri,Lekki Project power station,Nigeria,NGA,6.4698,3.5852,1500.0,2026,announced,3,False,,,CCGT,Caleb-Inland Energy Nigeria Ltd [100%],,,,,Lagos,Lekki,GEM-GOGPT,,,,,,,,,,,
GOGPT_okija_nigeri,Okija power station,Nigeria,NGA,5.9147,6.8405,1500.0,2026,announced,1,False,,,CCGT,Century Power Generation Ltd [100%],,,,,Anambra,Okija,GEM-GOGPT,,,,,,,,,,,
GOGPT_kiengiang_vietna,Kien Giang power station,Vietnam,VNM,9.855527,105.104085,1500.0,,,2,False,,,CCGT,Vietnam Oil and Gas Group Co [100%],,,,,Kiên Giang,Hưng Yên,GEM-GOGPT,,,,,,,,,,,
GOGPT_mientrung_vietna,Mien Trung power station,Vietnam,VNM,15.440468,108.618372,1500.0,2030,announced,2,False,,,CCGT,Vietnam Oil and Gas Group Co [100%],,,,,Quang Nam,Chu Lai Industrial Zone - Tam Quang Commune,GEM-GOGPT,,,,,,,,,,,
GOGPT_quangninhcombinedcycle_vietna,Quang Ninh Combined Cycle power station,Vietnam,VNM,21.004545,107.35511,1500.0,2027,pre-construction,1,False,,,CCGT,Quang Ninh LNG Power JSC [100%],,,,,Quang Ninh,Cam Pha,GEM-GOGPT,,,,,,,,,,,
USA0003797,Chesterfield,United States of America,USA,37.3822,'-77.3833,1499.5,1974,operating,2,False,,,CCGT,Virginia Electric & Power Co,1292661,US EPA GHGRP,measured,3614.8,Virginia,Chester,WRI,2,False,False,False,,3797,38.2,8943,658,0.251,3292.2
WRI1003808,Shaturskaya GRES,Russia,RUS,55.5833,39.5611,1493.0,1923,operating,1,True,,,CCGT,"PJSC ""Unipro""",,,,,Moskovskaya,Shatura,WRI,,,,,,,,,,,
USA0007242,Polk,United States of America,USA,27.7286,'-81.9897,1492.5,2006,operating,2,False,,,CCGT,Tampa Electric Co,,,,6988.9,Florida,Mulberry,WRI,5,True,True,False,,7242,49.8,6852,370,0.558,7301.0
GOGPT_aguirre_puerto,Aguirre power station,Puerto Rico,,17.9492,'-66.234,1492.0,1975,operating,2,False,,,CCGT,Puerto Rico Electric Power Authority [100%],,,,,Puerto Rico,Aguirre,GEM-GOGPT,,,,,,,,,,,
GOGPT_huanengnantong_china,Huaneng Nantong power station,China,CHN,32.03214,120.76956,1490.0,2026,construction,2,False,"Dongfang Electric Corporation: M701J, Mitsubishi Heavy Industries: M701J",H/J-class,CCGT,Huaneng Nantong Gas Turbine Power Generation Co Ltd,,,,,Jiangsu,,GEM-GOGPT,,,,,,,,,,,
GOGPT_bison_united,Bison Generation Station,United States,US,48.42086,'-103.30065,1490.0,2030,pre-construction,2,False,,,CCGT,Basin Electric Power Cooperative,,,,,North Dakota,,GEM-GOGPT,,,,,,,,,,,
WRI1002970,TORREVALDALIGA South,Italy,ITA,42.1241,11.7624,1488.0,2004,operating,2,True,,,CCGT,Tirreno,,,,2373.8,Latium,Aurelia,WRI,,,,,,,,,,,
GOGPT_zayzoun_syria,Zayzoun CCGT power plant,Syria,,35.932216,36.633551,1488.0,2007,pre-construction,2,False,,,CCGT,Public Establishment of Electricity Generation [100%],,,,,Hamah,Idleb,GEM-GOGPT,,,,,,,,,,,
CT-5922,Empalme I power station,Mexico,MX,27.9261,'-110.7818,1482.0,2017,operating,1,False,Siemens Energy: SGT6-8000H,other/unspecified,CCGT,Comisión Federal de Electricidad EPE,3048900,Climate TRACE,modelled (Climate TRACE),,Sonora,Empalme,Climate TRACE,,,,,,,,,,,
CT-3037,Sichuan Investment Group Ziyang power station,China,CN,30.0758,105.417,1480.0,2024,operating,2,False,Dongfang Electric Corporation: M701J,H/J-class,CCGT,Sichuan Investment (Ziyang) Gas Power Generation Co Ltd,1075890,Climate TRACE,modelled (Climate TRACE),,Chongqing Shi,Chongkan,Climate TRACE,,,,,,,,,,,
USA0002963,Northeastern,United States of America,USA,36.4317,'-95.7008,1477.5,1979,operating,1,False,,,CCGT,Public Service Co of Oklahoma,,,,4639.0,Oklahoma,Oologah,WRI,2,False,True,False,,2963,32.7,10450,804,0.359,4640.7
GOGPT_teshreen_syria,Teshreen power station,Syria,,33.41945,36.688722,1476.0,1994,operating,1,False,,,CCGT,Public Establishment of Electricity Generation [100%],,,,,Rif-Dimashq,Teshreen,GEM-GOGPT,,,,,,,,,,,
USA0000634,P L Bartow,United States of America,USA,27.8595,'-82.6018,1475.6,2003,operating,1,False,,,CCGT,Duke Energy Florida  LLC,2699795,US EPA GHGRP,measured,5839.5,Florida,Gandy,WRI,4,True,True,False,,634,45.7,7469,405,0.513,6630.5
WRI1029907,Yulchon,South Korea,KOR,34.913,127.593,1475.0,2005,operating,2,False,,,CCGT,CGN Meiya Power Holding Company,1762200,Climate TRACE,modelled (Climate TRACE),,Jeollanam-do,Kwangyang,WRI,,,,,,,,,,,
USA0058260,Brunswick County Power Station,United States of America,USA,36.765,'-77.7139,1472.2,2016,operating,1,False,,,CCGT,Virginia Electric & Power Co,,,,8333.4,Virginia,Lawrenceville,WRI,3,True,False,False,,58260,48.2,7081,382,0.56,7228.0
USA0055939,Warren County,United States of America,USA,38.9717,'-78.1772,1472.2,2015,operating,1,False,,,CCGT,Virginia Electric & Power Co,3136841,US EPA GHGRP,measured,8769.6,Virginia,Front Royal,WRI,3,True,False,False,,55939,49.4,6904,372,0.594,7658.0
GEODB0005795,Tuas CCGT Power Station Singapore,Singapore,SGP,1.2888,103.6414,1470.0,1999,operating,1,False,,,CCGT,Tuas Power Ltd [100%],,,,,Singapore,Singapore,WRI,,,,,,,,,,,
GBR1000369,Didcot B,United Kingdom,GBR,51.6246,'-1.2683,1470.0,1972,operating,2,False,,,CCGT,RWE Npower Plc,,,,,England,Sutton Courtenay,WRI,,,,,,,,,,,
GOGPT_soyo_angola,Soyo power station,Angola,AGO,'-6.181824,12.325453,1470.0,2017,operating,2,False,GE Power,other/unspecified,CCGT,Sonagás [100%],,,,,Zaire,Soyo,GEM-GOGPT,,,,,,,,,,,
GOGPT_calcasieupass2_united,Calcasieu Pass 2 power plant,United States,US,29.7742723,'-93.3239475,1470.0,2027,construction,2,False,,,CCGT,Venture Global CP2 LNG LLC,,,,,Louisiana,,GEM-GOGPT,,,,,,,,,,,
WRI1019482,Kaeng Khoi 2,Thailand,THA,14.605,101.0259,1468.0,2008,operating,2,False,,,CCGT,EGCO,,,,,Sara Buri,Kaeng Khoi,WRI,,,,,,,,,,,
WRI1002897,LA CASELLA C.LE,Italy,ITA,45.0904,9.4805,1465.8,2002,operating,4,True,,,CCGT,Enel,,,,2504.5,Lombardy,Badia Pavese,WRI,,,,,,,,,,,
USA0055322,Chuck Lenzie Generating Station,United States of America,USA,36.3837,'-114.9218,1465.6,2006,operating,2,False,,,CCGT,Nevada Power Co,,,,6579.0,Nevada,Nellis Air Force Base,WRI,4,True,False,False,,55322,45.6,7490,404,0.424,5446.8
WRI1030700,RAS Al Khair,Saudi Arabia,SAU,27.53,49.143,1460.0,2015,operating,5,True,unnamed Chinese manufacturerer,other/unspecified,CCGT,Saline Water Conversion Corporation (SWCC),6903000,Climate TRACE,modelled (Climate TRACE),,Eastern Province,As Saffaniyah,WRI,,,,,,,,,,,
IND0000206,KONDAPALLI GT,India,IND,16.64,80.5504,1458.0,2009,operating,4,False,,,CCGT,LANCO Kondapalli Power Ltd,1177680,Climate TRACE,modelled (Climate TRACE),1629.8,Andhra Pradesh,Kondapalle,WRI,,,,,,,,,,,
WRI1002917,OSTIGLIA,Italy,ITA,45.0603,11.1374,1457.0,2013,operating,3,True,Siemens Energy: SGT5-9000HL,H/J-class,CCGT,E On,,,,1109.9,Lombardy,Ostiglia,WRI,,,,,,,,,,,
USA0001355,E W Brown,United States of America,USA,37.7883,'-84.7126,1454.6,1989,operating,1,False,GE Vernova,other/unspecified,CCGT,Kentucky Utilities Co,1062999,US EPA GHGRP,measured,1430.0,Kentucky,Wilmore,WRI,,,,,,,,,,,
GOGPT_mostaganem_algeri,Mostaganem power station,Algeria,DZA,36.017915,0.127492,1450.0,2024,operating,2,True,GE Vernova: 9F 3-series,other/unspecified,CCGT,Société Algérienne de Production de l'Electricité SpA [100%],,,,,Mostaganem,Mostaganem,GEM-GOGPT,,,,,,,,,,,
GOGPT_riverruncenter_united,River Run Energy Center,United States,US,47.467,'-100.302,1450.0,,pre-construction,1,False,,,CCGT,NextEra Energy Inc; Basin Electric Cooperative,,,,,North Dakota,,GEM-GOGPT,,,,,,,,,,,
USA0055524,York Energy Center,United States of America,USA,39.7375,'-76.3067,1449.4,2015,operating,1,False,,,CCGT,Calpine Mid-Merit LLC,,,,5340.6,Pennsylvania,Susquehanna Trails,WRI,5,True,False,False,,55524,45.3,7529,407,0.561,7125.2
WRI1000654,Himeji Daiichi,Japan,JPN,34.7734,134.694,1442.0,1995,construction,3,False,Mitsubishi Power: not found,other/unspecified,CCGT,Kansai,1891000,Climate TRACE,modelled (Climate TRACE),,Hyogo,Shirahamacho-usazakiminami,WRI,,,,,,,,,,,
WRI1023835,Az Zawiyah,Libya,LBY,32.7882,12.674,1440.0,2003,operating,3,False,"ABB PGL: GT13E2, Fuji Electric Co: ST, ABB PGL: GT13E2",E/legacy-class,CCGT,General Electricity Company of Libya,,,,,Az Zawiyah,Az Zawiyah,WRI,,,,,,,,,,,
GOGPT_pasirgudangsipp_malays,Pasir Gudang SIPP power station,Malaysia,MYS,1.447111,103.883145,1440.0,2021,operating,2,False,,,CCGT,Southern Power Generation Sdn Bhd [100%],,,,,Johor,Pasir Gudang,GEM-GOGPT,,,,,,,,,,,
WRI1008360,Eshkol,Israel,ISR,31.8388,34.6551,1432.0,2012,,1,True,,,CCGT,Israel Electric corporation,,,,,Southern District,Ashdod,WRI,,,,,,,,,,,
GOGPT_bursab_trkiye,Bursa B power station,Türkiye,,40.2952,29.0736,1432.0,1998,operating,2,False,,,CCGT,Elektrik Uretim AŞ [100%],,,,,Osmangazi/Bursa,Alaşarköy,GEM-GOGPT,,,,,,,,,,,
USA0055736,Hanging Rock Energy Facility,United States of America,USA,38.5731,'-82.7833,1429.8,2003,operating,2,False,,,CCGT,Dynegy Hanging Rock Energy Facility,4157062,US EPA GHGRP,measured,9852.1,Kentucky,Greenup,WRI,4,True,False,False,,55736,47.2,7230,390,0.797,9979.4
GOGPT_yashma_azerba,Yashma power station,Azerbaijan,AZE,40.650769,49.534368,1420.0,,pre-construction,2,False,,,CCGT,AzerEnerji JSC [100%],,,,,Yaşma,Yaşma,GEM-GOGPT,,,,,,,,,,,
WRI1005659,EMSLAND,Germany,DEU,52.4716,7.3204,1406.0,1988,operating,3,True,,,CCGT,RWE Generation SE [100%],,,,10752.0,Lower Saxony,Lingen,WRI,,,,,,,,,,,
WRI1008192,Shirvan,Iran,IRN,37.3397,58.0486,1404.0,2011,operating,3,False,Mapna Group: V94.2,E/legacy-class,CCGT,TAVANIR,,,,,Khorasan-e Shomali,Shirvan,WRI,,,,,,,,,,,
GOGPT_udarnaya_russia,Udarnaya power station,Russia,RUS,45.062189,37.862829,1401.7,2024,operating,2,False,Mapna Group: not found,other/unspecified,CCGT,Technopromexport [100%],,,,,Krasnodar Krai,Udarnoe,GEM-GOGPT,,,,,,,,,,,
USA0002398,Bergen Generating Station,United States of America,USA,40.8375,'-74.0244,1400.8,1989,operating,1,False,,,CCGT,PSEG Fossil LLC,1111182,US EPA GHGRP,measured,2915.4,New Jersey,Ridgefield,WRI,6,True,False,False,,2398,43.2,7904,428,0.168,2065.4
WRI1029812,Beijing - Northeast Gas,China,CHN,39.95,116.62,1400.0,2015,operating,1,True,,,CCGT,Guoneng Guohua (Beijing) Gas Thermal Power Co Ltd [100%],,,,,Beijing,Beiyuan,WRI,,,,,,,,,,,
WRI1061053,Dazhou,China,CHN,31.11,107.48,1400.0,2010,operating,3,False,Dongfang Electric Corporation: M701F3,F-class,CCGT,Sichuan Investment (Dazhou) Gas Power Generation Co Ltd,780450,Climate TRACE,modelled (Climate TRACE),,Sichuan,Nanwai,WRI,,,,,,,,,,,
WRI1029826,Shanghai Lingang,China,CHN,30.85,121.79,1400.0,2025,operating,4,False,Shanghai Electric: SGT5-4000F,F-class,CCGT,Shanghai Shenergy Lingang Gas Turbine Power Generation Co Ltd,1163190,Climate TRACE,modelled (Climate TRACE),,Shanghai Shi,Shaochang,WRI,,,,,,,,,,,
WRI1000658,Yanai,Japan,JPN,33.953,132.1248,1400.0,1992,operating,10,False,,,CCGT,Chugoku,2347100,Climate TRACE,modelled (Climate TRACE),,Yamaguchi,Yanai,WRI,,,,,,,,,,,
WRI1000197,Pyeongtaek,South Korea,KOR,37.0041,126.7946,1400.0,1980,operating,1,False,,,CCGT,Korea Western Power,6221600,Climate TRACE,modelled (Climate TRACE),,Chungcheongnam-do,Tangjin,WRI,,,,,,,,,,,
WRI1000155,Ratchaburi Power (RPCL),Thailand,THA,13.6068,99.8902,1400.0,2008,operating,2,True,,,CCGT,Ratchaburi Electric Generating Company,,,,,Ratchaburi,Bang Phae,WRI,,,,,,,,,,,
CT-3046,Sichuan Guangyuan Thermal power station,China,CN,32.3949,105.668,1400.0,2024,operating,2,False,Dongfang Electric Corporation: M701J,H/J-class,CCGT,Sichuan Energy Investment Guangyuan Gas Power Generation Co Ltd,1017730,Climate TRACE,modelled (Climate TRACE),,Sichuan,Guangyuan,Climate TRACE,,,,,,,,,,,
GOGPT_bellara_algeri,Bellara power station,Algeria,DZA,36.739578,6.251014,1400.0,2022,operating,2,False,,,CCGT,Société Algérienne de Production de l'Electricité SpA [100%],,,,,Jijel,Bellara,GEM-GOGPT,,,,,,,,,,,
GOGPT_pertaminabangladesh_bangla,Pertamina Bangladesh power station,Bangladesh,BGD,22.233716,91.865981,1400.0,,announced,1,False,,,CCGT,PT Pertamina (Persero) [100%],,,,,Chittagong,Anwara Upazila - Chittagong District,GEM-GOGPT,,,,,,,,,,,
GOGPT_chongqingkaizhou_china,Chongqing Kaizhou power station,China,CHN,31.1679,108.395997,1400.0,2026,announced,2,False,,,CCGT,SPIC Chongqing Electric Power Co Ltd [100%],,,,,Chongqing,,GEM-GOGPT,,,,,,,,,,,
GOGPT_nanxi_china,Nanxi power station,China,CHN,28.85029012,104.9628926,1400.0,,pre-construction,2,False,,,CCGT,Sichuan Nengtou Power Development Group Co Ltd,,,,,Sichuan,Jiulong Industrial Park,GEM-GOGPT,,,,,,,,,,,
GOGPT_sichuanhuanengwusheng_china,Sichuan Huaneng Wusheng power station,China,CHN,30.347363,106.300622,1400.0,,announced,2,False,,,CCGT,Sichuan Huaneng Hydropower Development Co Ltd [100%],,,,,Sichuan,,GEM-GOGPT,,,,,,,,,,,
USA0000260,Dynegy Moss Landing Power Plant Hybrid,United States of America,USA,36.8048,'-121.7822,1398.0,2002,operating,2,False,,,CCGT,Dynegy -Moss Landing LLC,2027036,US EPA GHGRP,measured,5220.8,California,Castroville,WRI,4,False,False,False,,260,47.0,7255,371,0.325,5118.4
WRI1005691,Gemeinschaftskraftwerk Irsching,Germany,DEU,48.767,11.58,1391.0,1974,operating,2,True,,,CCGT,Gemeinschaftskraftwerk Irsching GmbH,,,,133.5,Bavaria,Ernsgaden,WRI,,,,,,,,,,,
GOGPT_meelaunggyaing_myanma,Mee Laung Gyaing power station,Myanmar,MMR,17.098852,94.477526,1390.0,2027,construction,1,False,,,CCGT,Supreme Trading Co Ltd; Zhefu Holding Group Co Ltd [50%]; Gunvor Group Ltd [50%],,,,,Ayeyarwady,Pathein,GEM-GOGPT,,,,,,,,,,,
USA0055173,Acadia Energy Center,United States of America,USA,30.4286,'-92.4131,1389.2,2002,operating,2,False,,,CCGT,Cleco Power LLC,2330335,US EPA GHGRP,measured,4816.8,Louisiana,Eunice,WRI,4,True,False,False,,55173,45.4,7510,405,0.415,5045.8
USA0056237,Lake Side Power Plant,United States of America,USA,40.3317,'-111.7542,1385.0,2010,operating,2,False,,,CCGT,PacifiCorp,,,,5063.9,Utah,Lindon,WRI,4,True,False,False,,56237,47.3,7211,389,0.542,6578.7
GOGPT_hrazdan_armeni,Hrazdan power station,Armenia,ARM,40.569508,44.752775,1381.0,1966,operating,1,True,ABB ALSTOM POWER: GT-13E2,other/unspecified,CCGT,Tashir Group [100%],,,,,Kotayk,Hrazdan,GEM-GOGPT,,,,,,,,,,,
GBR1000492,Connahs Quay,United Kingdom,GBR,53.2317,'-3.0815,1380.0,1996,operating,4,False,,,CCGT,Uniper UK Limited,,,,,Wales,Flint,WRI,,,,,,,,,,,
CT-2932,Gaojing power station,China,CN,39.9429,116.1271,1380.0,2014,operating,2,True,,,CCGT,Datang International Power Generation Co Ltd,1612300,Climate TRACE,modelled (Climate TRACE),,Beijing,Guangning,Climate TRACE,,,,,,,,,,,
GOGPT_guangzhoubaiyunhengyun_china,Guangzhou Baiyun Hengyun power station,China,CHN,23.2519118,113.2364807,1380.0,2026,construction,3,True,"Dongfang Electric Corporation: M701F4, Mitsubishi Heavy Industries: M701F4",F-class,CCGT,Guangzhou Baiyun Hengyun Energy Co Ltd,,,,,Guangdong,,GEM-GOGPT,,,,,,,,,,,
USA0056150,McIntosh Combined Cycle Facility,United States of America,USA,32.3478,'-81.1817,1376.6,2005,operating,2,False,GE Power: 7FA.05,F-class,CCGT,Georgia Power Co,,,,8434.8,Georgia,Rincon,WRI,4,True,False,False,,56150,48.2,7077,382,0.716,8637.5
CAN0002049,Genesee,Canada,CAN,53.3446,'-114.3049,1376.0,2023,operating,2,False,Mitsubishi Power: M501JAC,H/J-class,CCGT,Capital Power & TransAlta,,,,,Alberta,Stony Plain,WRI,,,,,,,,,,,
USA0002322,Clark (NVE),United States of America,USA,36.0875,'-115.0507,1375.6,1996,operating,2,False,,,CCGT,Nevada Power Co,309091,US EPA GHGRP,measured,670.0,Nevada,Whitney,WRI,4,False,True,False,,2322,,,147,0.085,1022.2
WRI1008152,Kazeroon,Iran,IRN,29.5633,51.696,1372.0,2005,operating,3,False,,,CCGT,South Fars Power Generation Management Co [100%],,,,,Fars,Kazerun,WRI,,,,,,,,,,,
USA0055501,Kiamichi Energy Facility,United States of America,USA,34.6831,'-95.9349,1370.0,2003,operating,2,False,,,CCGT,Kiowa Power Partners LLC,2201473,US EPA GHGRP,measured,5500.9,Oklahoma,McAlester,WRI,4,True,False,False,,55501,41.8,8169,440,0.404,4843.2
GOGPT_andersonnatural_united,Anderson Natural Gas Plant Project,United States,US,34.532554,'-82.622839,1365.0,2031,announced,1,False,GE Vernova: 7HA,H/J-class,CCGT,Duke Energy Carolinas LLC,,,,,South Carolina,,GEM-GOGPT,,,,,,,,,,,
WRI1019037,Dolna Odra,Poland,POL,53.2067,14.4651,1362.0,2024,operating,2,True,"GE Power: 9HA.01, GE Power: STF-D650",H/J-class,CCGT,Polska Grupa Energetyczna SA,3254400,Climate TRACE,modelled (Climate TRACE),4055.6,West Pomeranian Voivodeship,Gryfino,WRI,,,,,,,,,,,
WRI1070118,Huangtai power station,China,CHN,36.7078,117.088,1360.0,1992,operating,2,True,,,CCGT,Huaneng Shandong Power Co Ltd,4768900,Climate TRACE,modelled (Climate TRACE),,Shandong Sheng,Jinan,WRI,,,,,,,,,,,
GOGPT_nyagangres_russia,Nyagan GRES power station,Russia,RUS,62.206663,65.519036,1360.0,2013,operating,3,True,,,CCGT,Forward Energo PJSC [100%],,,,,Khanty-Mansi Autonomous Okrug,Nyagan,GEM-GOGPT,,,,,,,,,,,
WRI1002976,VADO Ligure,Italy,ITA,44.2755,8.4305,1353.0,2007,operating,1,False,,,CCGT,Tirreno Power,656495,Climate TRACE,modelled (Climate TRACE),2204.6,Liguria,Valleggia,WRI,,,,,,,,,,,
GOGPT_ambarla_trkiye,Ambarlı A power station,Türkiye,,40.9834,28.6921,1353.0,1988,operating,3,False,,,CCGT,Elektrik Uretim AŞ [100%],,,,,Istanbul,Ambarlı,GEM-GOGPT,,,,,,,,,,,
USA0000617,Port Everglades,United States of America,USA,26.0856,'-80.1253,1352.0,2016,operating,1,False,,,CCGT,Florida Power & Light Co,,,,7205.0,Florida,Dania Beach,WRI,3,False,False,False,,617,52.7,6474,349,0.612,7248.3
CT-2439,Maoming cogen power station,China,CN,21.6756,110.8795,1350.0,,construction,4,True,,,CCGT,Maoming Zhenneng By Thermal Power Co Ltd,5210900,Climate TRACE,modelled (Climate TRACE),,Guangdong,Xinpo,Climate TRACE,,,,,,,,,,,
GOGPT_ptolemaida_greece,Ptolemaïda power station,Greece,GRC,40.409707,21.787573,1350.0,2027,pre-construction,2,True,,,CCGT,Public Power Corporation SA [100%],,,,,Western Macedonia,Ptolemaïda,GEM-GOGPT,,,,,,,,,,,
GOGPT_kano_nigeri,Kano power station,Nigeria,NGA,11.474463,8.408401,1350.0,,announced,3,False,,,CCGT,NNPC Ltd [100%],,,,,Kano,Tiga,GEM-GOGPT,,,,,,,,,,,
GOGPT_cpvbasinranchcenter_united,CPV Basin Ranch Energy Center,United States,US,31.52,'-103.49,1350.0,2029,construction,1,False,GE Vernova: 7HA.03,H/J-class,CCGT,Competitive Power Ventures Inc,,,,,Texas,,GEM-GOGPT,,,,,,,,,,,
CT-2779,Huadian Zengcheng Gas Thermal power station,China,CN,23.1685,113.6833,1340.0,2020,operating,2,True,Siemens Energy: SGT5-8000H,other/unspecified,CCGT,Huadian Fuxin Guangzhou Energy Co Ltd,2531000,Climate TRACE,modelled (Climate TRACE),,Guangdong,Ningxi,Climate TRACE,,,,,,,,,,,
USA0055298,Fairless Energy Center,United States of America,USA,40.1475,'-74.7411,1338.0,2004,operating,2,False,,,CCGT,Edgewater Generation  LLC,2995199,US EPA GHGRP,measured,7021.4,New Jersey,Bordentown,WRI,4,True,False,False,,55298,47.9,7116,384,0.656,7693.4
CT-3062,Huizhou Daya Bay Petrochemical Zone Comprehensive Energy Station,China,CN,22.7286,114.577,1330.0,2024,operating,2,True,"Harbin Electric General Gas Turbine (Qinhuangdao) Co., Ltd.: 9HA.01, GE Vernova: 9HA.01",H/J-class,CCGT,Guangdong Yudean Dayawan Integrated Energy Co Ltd,966850,Climate TRACE,modelled (Climate TRACE),,Guangdong,Aotou,Climate TRACE,,,,,,,,,,,
CT-5513,GNA I power station,Brazil,BR,'-21.8447,'-41.016,1330.0,2021,operating,1,False,,,CCGT,SPIC Brasil SA,1259744,Climate TRACE,modelled (Climate TRACE),,Rio de Janeiro,Sao Joao da Barra,Climate TRACE,,,,,,,,,,,
USA0008068,Santan,United States of America,USA,33.3325,'-111.7503,1326.0,1995,operating,6,False,,,CCGT,Salt River Project,,,,6113.6,Arizona,Gilbert,WRI,3,True,True,False,,8068,54.5,6266,338,0.319,3707.1
USA0055372,Harquahala Generating Project,United States of America,USA,33.476,'-113.1134,1325.1,2004,operating,3,False,,,CCGT,New Harquahala Generating Co  LLC,879564,US EPA GHGRP,measured,0.0,Arizona,Buckeye,WRI,3,False,False,False,,55372,48.1,7099,383,0.239,2674.2
WRI1070155,Datang Nanjing Xiaguan-3 power station,China,CHN,32.2127,119.2096,1320.0,2010,operating,2,False,Dongfang Electric Corporation: M701J,H/J-class,CCGT,Datang Nanjing Power Plant,5952800,Climate TRACE,modelled (Climate TRACE),,Jiangsu Sheng,Xiashu,WRI,,,,,,,,,,,
CT-3096,Guoxin Huai'an Gas Thermal power station,China,CN,33.4638,119.1595,1320.0,2017,operating,2,True,,,CCGT,Jiangsu Guoxin Xielian Gas Thermal Power Co Ltd,823010,Climate TRACE,modelled (Climate TRACE),,Jiangsu Sheng,Huai'an,Climate TRACE,,,,,,,,,,,
GOGPT_balloki_pakist,Balloki power station,Pakistan,PAK,31.036966,73.926699,1320.0,2018,operating,1,False,"GE: 9HA.01, alstom: ST",H/J-class,CCGT,National Power Parks Management Company Pvt Ltd [100%],,,,,Punjab,Chunian,GEM-GOGPT,,,,,,,,,,,
GOGPT_cadiz_united,Cadiz power plant,United States,US,40.25112,'-81.01464,1320.0,,,2,False,,,CCGT,Harrison Power LLC [100%],,,,,Ohio,Cadiz,GEM-GOGPT,,,,,,,,,,,
USA0052019,Doswell Energy Center,United States of America,USA,37.8208,'-77.4462,1313.0,2000,operating,2,False,,,CCGT,Doswell Ltd Partnership,2581376,US EPA GHGRP,measured,5422.3,Virginia,Ashland,WRI,4,True,False,False,,52019,37.4,9116,494,0.398,4583.4
CT-571,Cricket Valley Energy,United States,US,41.6761,'-73.5811,1312.5,2020,operating,3,False,,,CCGT,Cricket Valley Energy Holdings LLC,1362200,Climate TRACE,modelled (Climate TRACE),,New York,Dover Plains,Climate TRACE,,,,,,,,,,,
WRI1019311,Magnum,Netherlands,NLD,53.4502,6.8548,1311.0,2013,operating,3,False,Mitsubishi Heavy Industries: M701F,F-class,CCGT,Vattenfall,323488,Climate TRACE,modelled (Climate TRACE),,Groningen,Appingedam,WRI,,,,,,,,,,,
GBR1000074,South Humber Bank,United Kingdom,GBR,53.6008,'-0.1446,1310.0,1997,operating,2,False,,,CCGT,Centrica,,,,,England,Healing,WRI,,,,,,,,,,,
USA0007897,E B Harris Electric Generating Plant,United States of America,USA,32.3814,'-86.5744,1304.0,2003,operating,2,False,,,CCGT,Southern Power Co,2420045,US EPA GHGRP,measured,4404.4,Alabama,Prattville,WRI,4,True,False,False,,7897,48.8,6995,377,0.592,6762.1
CT-326,Claus power station,Netherlands,NL,51.1541,5.9095,1304.0,2012,operating,1,False,,,CCGT,RWE Generation NL BV,1965610,Climate TRACE,modelled (Climate TRACE),,Limburg,Maasbracht,Climate TRACE,,,,,,,,,,,
WRI1002900,La Spezia power station,Italy,ITA,44.1118,9.8743,1300.0,1967,operating,2,True,,,CCGT,Enel SpA,,,,2014.8,Liguria,Pitelli,WRI,,,,,,,,,,,
MEX0001770,Manuel Álvarez Moreno (Manzanillo),Mexico,MEX,19.0278,'-104.3192,1300.0,1982,operating,2,False,,,CCGT,CFE,8352200,Climate TRACE,modelled (Climate TRACE),,Colima,Manzanillo,WRI,,,,,,,,,,,
WRI1018680,Termozulia,Venezuela,VEN,10.4883,'-71.6354,1300.0,2007,operating,1,False,,,CCGT,Corporación Eléctrica Nacional (Venezuela) SA [100%],,,,7313.0,Zulia,San Francisco,WRI,,,,,,,,,,,
CT-572,CPV Three Rivers Energy Center,United States,US,41.3722,'-88.2844,1300.0,2023,operating,2,False,GE Vernova: 7HA.02,H/J-class,CCGT,CPV Three Rivers LLC,1349300,Climate TRACE,modelled (Climate TRACE),,Illinois,Channahon,Climate TRACE,,,,,,,,,,,
CT-2983,Dongguan Zhongdian New Energy Thermal power station,China,CN,22.9758,113.8284,1300.0,2006,operating,4,True,,,CCGT,Dongguan Zhongdian New Energy Thermal Power Co Ltd,1351200,Climate TRACE,modelled (Climate TRACE),,Guangdong,Liaobu,Climate TRACE,,,,,,,,,,,
GOGPT_qena_egypt,Qena power station,Egypt,EGY,26.096822,32.47974,1300.0,,,2,False,,,CCGT,Egyptian Electricity Holding Co [100%],,,,,Qena,Qena,GEM-GOGPT,,,,,,,,,,,
GOGPT_ghana1000_ghana,Ghana 1000 power station,Ghana,GHA,4.972809,'-1.658802,1300.0,,,2,False,,,CCGT,OneEnergy Ltd [100%],,,,,Western,Aboadze,GEM-GOGPT,,,,,,,,,,,
GOGPT_deirelzor_syria,Deir El Zor power plant,Syria,,35.338836,40.131667,1300.0,2028,construction,1,False,,,CCGT,Public Establishment of Electricity Generation [100%],,,,,Deir El Zor,Deir El Zor,GEM-GOGPT,,,,,,,,,,,
GOGPT_chestnutrun_united,Chestnut Run Energy power station,United States,US,40.618246,'-81.047794,1300.0,2030,pre-construction,1,False,,,CCGT,Chestnut Run Energy LLC [100%],,,,,Ohio,Washington,GEM-GOGPT,,,,,,,,,,,
GOGPT_maplecreek_united,Maple Creek Energy Project,United States,US,39.209578,'-87.527917,1300.0,2029,pre-construction,2,False,GE Vernova: 7HA.03,H/J-class,CCGT,BDC Power Holdings LLC; Advanced Power AG; ArcLight Capital Partners LLC,,,,,Indiana,,GEM-GOGPT,,,,,,,,,,,
USA0000619,Riviera,United States of America,USA,26.7653,'-80.0525,1295.0,2014,operating,1,False,,,CCGT,Florida Power & Light Co,,,,6439.9,Florida,Riviera Beach,WRI,3,True,False,False,,619,53.9,6327,341,0.596,6765.6
GOGPT_sandowlakescc_united,Sandow Lakes CC power station,United States,US,30.419441,'-97.19124,1290.0,2028,pre-construction,2,False,"Siemens Energy: SGT6-9000HL, Siemens Energy: SGT6-9000HL",H/J-class,CCGT,Sandow Lakes Energy Company LLC [100%],,,,,Texas,Rockdale,GEM-GOGPT,,,,,,,,,,,
GOGPT_chiahui3_taiwan,Chia-Hui 3 power station,Taiwan,TWN,23.5294053,120.4730036,1282.0,2029,pre-construction,1,False,GE Vernova,other/unspecified,CCGT,Chiahui Power Corp [100%],,,,,Minxiong,Minxiong,GEM-GOGPT,,,,,,,,,,,
USA0055230,Jack County,United States of America,USA,33.101,'-97.9574,1280.0,2008,operating,2,False,,,CCGT,Brazos Electric Power Coop Inc,2439505,US EPA GHGRP,measured,4066.7,Texas,Runaway Bay,WRI,4,True,False,False,,55230,47.0,7261,391,0.489,5486.2
GOGPT_lincolnlandcenter_united,Lincoln Land energy center,United States,US,39.5788,'-89.57984,1276.0,2027,pre-construction,2,False,Siemens Energy: not found,other/unspecified,CCGT,Lincoln Land Energy Center LLC [100%],,,,,Illinois,Pawnee,GEM-GOGPT,,,,,,,,,,,
WRI1019147,Simmering,Austria,AUT,48.1815,16.4334,1272.0,2009,operating,2,True,,,CCGT,Wien Energie,,,,2429.6,Lower Austria,Schwechat,WRI,,,,,,,,,,,
WRI1001886,ILIJAN,Philippines,PHL,13.622,121.0795,1271.0,2025,operating,2,False,,,CCGT,Panasia Energy Inc [100%],,,,,Calabarzon,Ilihan,WRI,,,,,,,,,,,
GOGPT_kais_algeri,Kais power station,Algeria,DZA,35.550316,6.869692,1266.0,2019,operating,1,False,GE Vernova: 9F,other/unspecified,CCGT,Société Algérienne de Production de l'Electricité SpA [100%],,,,,Khenchela,Remila,GEM-GOGPT,,,,,,,,,,,
GOGPT_trimmu_pakist,Trimmu power station,Pakistan,PAK,31.116943,72.188502,1263.0,2023,operating,1,False,,,CCGT,Punjab Thermal Power Pvt Ltd [100%],,,,,Punjab,Jhang,GEM-GOGPT,,,,,,,,,,,
USA0000564,Stanton Energy Center,United States of America,USA,28.4822,'-81.1678,1262.0,1996,operating,2,False,,,CCGT,Orlando Utilities Comm,1331143,US EPA GHGRP,measured,6179.8,Florida,Wedgefield,WRI,1,True,False,False,,564,35.1,9732,758,0.529,5847.1
WRI1070337,Linyi power station,China,CHN,35.0071,118.3239,1260.0,2007,operating,2,True,,,CCGT,Huaneng Shandong Power Co Ltd,3743600,Climate TRACE,modelled (Climate TRACE),,Shandong Sheng,Linyi,WRI,,,,,,,,,,,
WRI1001624,Bin Qasim,Pakistan,PAK,24.7844,67.3604,1260.0,1983,operating,3,False,,,CCGT,Karachi Electric Supply Company (KESC),,,,,Sindh,Malir Cantonment,WRI,,,,,,,,,,,
GOGPT_santamariabatangas_philip,Santa Maria Batangas power station,Philippines,PHL,13.883937,120.69816,1260.0,2025,pre-construction,2,False,,,CCGT,Prime Infrastructure Capital Inc [60%]; First Generation Holdings Corp [40%],,,,,Calabarzon,Batangas,GEM-GOGPT,,,,,,,,,,,
USA0055131,Kendall County Generation Facility,United States of America,USA,41.4797,'-88.2581,1256.0,2002,operating,4,False,,,CCGT,Dynegy Kendall Energy LLC,2395261,US EPA GHGRP,measured,6605.4,Illinois,Minooka,WRI,4,True,False,False,,55131,44.6,7646,412,0.463,5094.6
WRI1008370,Hagit,Israel,ISR,32.6172,35.0431,1255.0,2002,operating,3,False,,,CCGT,Israel Electric corporation,,,,,Haifa,Daliyat el Karmil,WRI,,,,,,,,,,,
WRI1061092,Kardia power station,Greece,GRC,40.4102,21.7856,1250.0,1978,pre-construction,1,True,,,CCGT,PPC,,,,3988.7,West Macedonia,Kleitos,WRI,,,,,,,,,,,
WRI1008699,Shatt Al-Basra,Iraq,IRQ,30.1859,47.837,1250.0,2013,operating,4,False,,,CCGT,Iraq's Ministry of Electricity,,,,,Basra Governorate,Umm Qasr,WRI,,,,,,,,,,,
GOGPT_brasilcentral_brazil,Brasil Central power station,Brazil,BRA,'-16.195779,'-48.6954,1250.0,2031,pre-construction,1,False,,,CCGT,Eletricidade do Brasil SA [100%],,,,,Goiás,Abadiânia,GEM-GOGPT,,,,,,,,,,,
GOGPT_centrooeste_brazil,Centro Oeste power station,Brazil,BRA,'-16.615422,'-48.965151,1250.0,2031,pre-construction,1,False,,,CCGT,Eletricidade do Brasil SA [100%],,,,,Goiás,Bonfinópolis,GEM-GOGPT,,,,,,,,,,,
GOGPT_thilawasumitomo_myanma,Thilawa (Sumitomo) power station,Myanmar,MMR,16.658502,96.262303,1250.0,,,1,False,,,CCGT,Eden Group Co Ltd; Sumitomo Corp [50%]; Mitsui & Co Ltd [25%]; Marubeni Corp [25,,,,,Yangon,Thilawa,GEM-GOGPT,,,,,,,,,,,
GOGPT_abuja_nigeri,Abuja power station,Nigeria,NGA,8.939696,7.076826,1250.0,2037,construction,3,False,"GE Power: GT13E2, GE Power: GT13E2",E/legacy-class,CCGT,General Electric Co [33%]; China Machinery Engineering Corp [33%]; NNPC Ltd [33%,,,,,Federal Capital Territory,Gwagwalada,GEM-GOGPT,,,,,,,,,,,
CT-5219,Moka power plant,Japan,JP,36.4572,139.974,1249.0,2019,operating,2,False,,,CCGT,Kobelco Power Moka Inc,1568600,Climate TRACE,modelled (Climate TRACE),,Tochigi,Mooka,Climate TRACE,,,,,,,,,,,
WRI1006308,CARTAGENA GRUPO 1,Spain,ESP,37.5732,'-0.9392,1248.8,2006,operating,2,True,,,CCGT,GAS NATURAL FENOSA GENERACION  S.L.U.,,,,,Murcia,Cartagena,WRI,,,,,,,,,,,
CT-253,Cartagena (Escombreras) power station,Spain,ES,37.5727,'-0.9384,1248.7,2006,operating,3,False,,,CCGT,Naturgy Energy Group SA,833390,Climate TRACE,modelled (Climate TRACE),,Murcia,Cartagena,Climate TRACE,,,,,,,,,,,
WRI1000642,Yokkaichi,Japan,JPN,34.9734,136.6462,1245.0,1988,operating,5,False,,,CCGT,Chubu,322880,Climate TRACE,modelled (Climate TRACE),,Mie,Yokkaichi,WRI,,,,,,,,,,,
USA0002625,Bowline Point,United States of America,USA,41.2044,'-73.9689,1242.0,1973,operating,1,False,,,CCGT,GenOn New York  LLC,516750,US EPA GHGRP,measured,286.7,New York,Haverstraw,WRI,,,,,,,,,,,
USA0055965,Wansley Combined Cycle,United States of America,USA,33.4064,'-85.037,1239.0,2002,operating,2,False,,,CCGT,Southern Power Co,2462700,Climate TRACE,modelled (Climate TRACE),8846.8,Georgia,Franklin,WRI,4,True,False,False,,55965,49.2,6931,374,0.829,8994.0
GOGPT_riogrande_brazil,Rio Grande power station,Brazil,BRA,'-32.120208,'-52.128006,1238.0,,,1,False,,,CCGT,Termelétrica Rio Grande SA [100%],,,,,Rio Grande do Sul,Rio Grande,GEM-GOGPT,,,,,,,,,,,
WRI1002964,TERMINI IMERESE C.LE,Italy,ITA,37.9684,13.7512,1235.0,2004,operating,1,False,,,CCGT,Enel SpA [100%],,,,1421.9,Sicily,Sciara,WRI,,,,,,,,,,,
GOGPT_governadormarcelodeda_brazil,Governador Marcelo Deda power station,Brazil,BRA,'-10.814366,'-36.939657,1235.0,,announced,1,False,,,CCGT,Eneva SA [100%],,,,,Sergipe,Barra dos Coqueiros,GEM-GOGPT,,,,,,,,,,,
WRI1006323,CCC SAGUNTO  GRUPO 2,Spain,ESP,39.6426,'-0.2344,1232.2,2007,operating,3,False,,,CCGT,GAS NATURAL FENOSA GENERACION  S.L.U.,662600,Climate TRACE,modelled (Climate TRACE),2771.6,Valencia,Groa de Murviedro,WRI,,,,,,,,,,,
USA0055502,Lawrenceburg Power  LLC,United States of America,USA,39.0911,'-84.8669,1232.0,2004,operating,2,False,,,CCGT,Lawrenceburg Power  LLC,3420808,US EPA GHGRP,measured,7912.1,Indiana,Lawrenceburg,WRI,4,True,False,False,,55502,46.2,7392,398,0.789,8516.2
USA0059812,Wolf Hollow II,United States of America,USA,32.3377,'-97.7346,1231.2,2017,operating,1,False,,,CCGT,Exelon Power,1263547,US EPA GHGRP,measured,6399.0,Texas,Pecan Plantation,WRI,2,True,True,False,,59812,49.8,6854,369,0.559,6028.6
USA0060122,Colorado Bend II,United States of America,USA,29.2894,'-96.0654,1230.3,2017,operating,1,False,,,CCGT,Exelon Power,1112844,US EPA GHGRP,measured,6104.5,Texas,Wharton,WRI,2,True,True,False,,60122,51.6,6615,357,0.597,6437.3
WRI1005865,Knapsack Natural Gas I,Germany,DEU,50.8617,6.8424,1230.0,2007,operating,2,False,,,CCGT,Statkraft Markets GmbH,342850,Climate TRACE,modelled (Climate TRACE),2030.3,North Rhine-Westphalia,Hurth,WRI,,,,,,,,,,,
GOGPT_kanbauk_myanma,Kanbauk power station,Myanmar,MMR,14.593821,98.028988,1230.0,,,2,False,,,CCGT,Siemens Energy AG [50%]; TotalEnergies SE [50%],,,,,Tanintharyi,Kanbauk,GEM-GOGPT,,,,,,,,,,,
GOGPT_havelibahadurshahhbs_pakist,Haveli Bahadur Shah (HBS) power station,Pakistan,PAK,31.127192,72.189402,1230.0,2018,operating,1,False,"GE: 9HA.01, alstom: ST",H/J-class,CCGT,National Power Parks Management Company Pvt Ltd [100%],,,,,Punjab,Pattoki,GEM-GOGPT,,,,,,,,,,,
GOGPT_gereguii_nigeri,Geregu II power station,Nigeria,NGA,7.471578,6.66025,1226.0,2013,operating,1,False,,,CCGT,Geregu Power PLC [100%],,,,,Koji,Ajaokuta,GEM-GOGPT,,,,,,,,,,,
WRI1020066,Ohgishima,Japan,JPN,35.4954,139.745,1221.0,2010,operating,3,False,,,CCGT,OHGISHIMA POWER CO LTD,,,,,Kanagawa,Kawasaki,WRI,,,,,,,,,,,
GOGPT_hamitabat_trkiye,Hamitabat power station,Türkiye,,41.4827,27.3366,1220.0,2017,operating,2,False,,,CCGT,Hamitabat Elektrik Üretim ve Ticaret AS [100%],,,,,Kırklareli,Tatarköy,GEM-GOGPT,,,,,,,,,,,
ARG0000044,NUEVO PUERTO,Argentina,ARG,'-34.5721,'-58.3835,1217.7,1988,operating,1,False,,,CCGT,CT PUERTO SA,,,,,Buenos Aires F.D.,Retiro,WRI,,,,,,,,,,,
USA0000613,Lauderdale,United States of America,USA,26.0686,'-80.1984,1215.9,2014,operating,1,False,,,CCGT,Florida Power & Light Co,,,,421.9,Florida,Broadview Park,WRI,2,False,False,False,,65978,52.6,6493,344,0.306,3881.0
USA0055225,Oneta Energy Center,United States of America,USA,36.0119,'-95.6967,1214.0,2002,operating,2,False,,,CCGT,Oneta Power LLC,,,,5358.3,Oklahoma,Coweta,WRI,4,True,False,False,,55225,44.6,7643,412,0.38,4045.6
CT-3088,Shanghai Electric Power Minhang Gas power station,China,CN,30.991,121.3775,1213.0,2021,operating,2,False,Shanghai Electric: AE94.3A,other/unspecified,CCGT,Shanghai Electric Power Co Ltd Minhang Power Plant [100%],881780,Climate TRACE,modelled (Climate TRACE),,Shanghai Shi,Jiangchuanlu,Climate TRACE,,,,,,,,,,,
GOGPT_southfield_united,South Field Energy power station,United States,US,40.63534,'-80.67825,1210.0,2021,operating,2,False,,,CCGT,South Field Energy LLC [100%],,,,,Ohio,Wellsville,GEM-GOGPT,,,,,,,,,,,
USA0004040,Port Washington Generating Station,United States of America,USA,43.3842,'-87.8689,1208.8,2006,operating,2,False,GE Vernova: 7FA.04,F-class,CCGT,Wisconsin Electric Power Co,,,,7867.6,Wisconsin,Port Washington,WRI,4,True,False,False,,4040,49.7,6871,370,0.727,7695.4
USA0000117,West Phoenix,United States of America,USA,33.4417,'-112.1583,1207.4,1991,operating,5,False,,,CCGT,Arizona Public Service Co,1413917,US EPA GHGRP,measured,2970.1,Arizona,Laveen,WRI,3,True,True,False,,117,55.1,6194,334,0.219,2316.6
WRI1003862,Yuzhnaya Tets,Russia,RUS,59.8276,30.4512,1207.0,1978,operating,1,True,,,CCGT,"PJSC ""TGC-1""",,,,,St.-Petersburg,Obukhovo,WRI,,,,,,,,,,,
WRI1023768,Hadjret Ennous,Algeria,DZA,36.5767,2.0797,1200.0,2009,operating,3,True,"GE Power: A15 ( Steam Unit), GE Power: 9FB, GE Power: 9FB",F-class,CCGT,Sharikat Kahraba Hadjret En-Nouss,,,,,Ain Defla,Ain Defla,WRI,,,,,,,,,,,
WRI1023769,Koudiet Eddraouch,Algeria,DZA,36.885,8.0778,1200.0,2013,operating,3,False,,,CCGT,Shariket Karhaba Koudiet Eddraouch SpA (SKD),,,,,El Tarf,Ben Mehidi,WRI,,,,,,,,,,,
WRI1023770,Terga,Algeria,DZA,35.4608,'-1.2295,1200.0,2013,operating,3,False,,,CCGT,Shariket Kahraba Terga JSC,,,,,Ain Temouchent,El Malah,WRI,,,,,,,,,,,
WRI1061044,Huaneng Shanghai Baoshan,China,CHN,31.46,121.4,1200.0,2006,operating,3,False,Siemens Energy: SGT5-4000F,F-class,CCGT,Huaneng Shanghai Combined Cycle Power Company,,,,,Shanghai Shi,Luojing,WRI,,,,,,,,,,,
WRI1000075,Damietta,Egypt,EGY,31.3815,31.7236,1200.0,1993,operating,3,False,,,CCGT,East Delta Electricity Production Co [100%],,,,8328.0,Dumyat,Faraskur,WRI,,,,,,,,,,,
IND0000093,DGEN MEGA CCCP,India,IND,21.6923,72.6215,1200.0,2014,operating,1,False,,,CCGT,ONGC Petro additions Ltd [100%],,,,0.0,Gujarat,Hansot,WRI,,,,,,,,,,,
WRI1000655,Tanagawa Daini,Japan,JPN,34.3216,135.1281,1200.0,1977,operating,1,False,,,CCGT,Kansai,,,,,Wakayama,Wakayama-shi,WRI,,,,,,,,,,,
GBR2000263,Saltend,United Kingdom,GBR,53.735,'-0.2432,1200.0,2000,operating,3,True,Mitsubishi Heavy Industries: M701F,F-class,CCGT,SSE Thermal Ltd [50%]; Equinor ASA [50%],,,,,England,Paull,WRI,,,,,,,,,,,
USA0055151,La Paloma Generating Plant,United States of America,USA,35.2956,'-119.5919,1200.0,2003,operating,4,False,,,CCGT,CXA La Paloma LLC,,,,1036.4,California,Buttonwillow,WRI,,False,False,False,,55151,44.2,7719,416,0.165,1672.0
CT-4804,DGEN Mega Combined Cycle power plant,India,IN,21.7057,72.6127,1200.0,2014,operating,3,False,,,CCGT,Torrent Power Ltd,1290720,Climate TRACE,modelled (Climate TRACE),,Gujarat,Hansot,Climate TRACE,,,,,,,,,,,
GOGPT_djelfa_algeri,Djelfa power station,Algeria,DZA,35.439261,2.96076,1200.0,2026,construction,2,False,GE Power: not found,other/unspecified,CCGT,Société Algérienne de Production de l'Electricité SpA [100%],,,,,Djelfa,Aïn Oussara,GEM-GOGPT,,,,,,,,,,,
GOGPT_sichuanrenshou_china,Sichuan Renshou Thermal power station,China,CHN,29.994502,104.13231,1200.0,,,2,False,,,CCGT,Sichuan Huaneng Hydropower Development Co Ltd [100%],,,,,Sichuan,,GEM-GOGPT,,,,,,,,,,,
GOGPT_gundelfingenreserve_german,Gundelfingen Reserve power station,Germany,DEU,48.55327,10.3674,1200.0,,,1,False,,,CCGT,PQ Energy Luxembourg Service SARL [100%],,,,,Bayern,Gundelfingen,GEM-GOGPT,,,,,,,,,,,
GOGPT_saveh_iran,Saveh power plant,Iran,IRN,35.02404,50.356147,1200.0,,,1,False,,,CCGT,Thermal Power Plants Holding Co [100%],,,,,Markazi,Saveh,GEM-GOGPT,,,,,,,,,,,
GOGPT_paluaindah_malays,Palua Indah power station,Malaysia,MYS,2.940219,101.262108,1200.0,2025,operating,2,False,GE Power: 9HA.01,H/J-class,CCGT,Worldwide Holdings Bhd [75%]; Korea Electric Power Corp [25%],,,,,Selangor,Pulau Indah,GEM-GOGPT,,,,,,,,,,,
GOGPT_jorflasfar_morocc,Jorf Lasfar CCGT power station,Morocco,MAR,33.161029,'-8.62481,1200.0,2028,announced,2,False,,,CCGT,Office National de l'Electricité et de l'Eau Potable (Morocco) [100%],,,,,Casablanca-Settat,Jorf Lasfar,GEM-GOGPT,,,,,,,,,,,
GOGPT_nadorwest_morocc,Nador West power plant,Morocco,MAR,35.241111,'-3.17,1200.0,,announced,2,False,,,CCGT,Electricity Branch of the Moroccan Water Conservancy and Electricity Bureau [100,,,,,Nador,,GEM-GOGPT,,,,,,,,,,,
GOGPT_energiesphquezon_philip,Energies PH Quezon power station,Philippines,PHL,13.94052,122.48921,1200.0,,,1,False,,,CCGT,Energies PH Inc [100%],,,,,Queson,,GEM-GOGPT,,,,,,,,,,,
GOGPT_mariveleslng_philip,Mariveles LNG power station,Philippines,PHL,14.453473,120.441274,1200.0,,,1,False,,,CCGT,Mariveles Power Generation Corp [100%],,,,,Central Luzon,Biaan,GEM-GOGPT,,,,,,,,,,,
GOGPT_quezoncombinedcycle_philip,Quezon Combined Cycle Power Plant,Philippines,PHL,14.037274,122.308258,1200.0,2028,announced,1,False,,,CCGT,Orion Pacific Prime Energy Inc [100%],,,,,Luzon,Awasan,GEM-GOGPT,,,,,,,,,,,
GOGPT_sanfrancisco_philip,San Francisco power station,Philippines,PHL,14.21921,121.74899,1200.0,2028,announced,1,False,,,CCGT,Quezon Power (Philippines) Ltd Co [100%],,,,,Queson,,GEM-GOGPT,,,,,,,,,,,
GOGPT_sisimanlngcombinedcycl_philip,Sisiman LNG Combined Cycle power plant,Philippines,PHL,14.43161,120.528046,1200.0,2029,announced,1,False,,,CCGT,GNPower Ltd Co [100%],,,,,Central Luzon,Alas-asin and Sisiman,GEM-GOGPT,,,,,,,,,,,
GOGPT_northaleppocombinedcyc_syria,North Aleppo Combined Cycle power station,Syria,,36.26708,37.175364,1200.0,2028,pre-construction,1,False,,,CCGT,UCC Holding Consortium,,,,,Aleppo,,GEM-GOGPT,,,,,,,,,,,
GOGPT_tainanjiuweinanke_taiwan,Tainan Jiuwei Nanke power station,Taiwan,TWN,23.0941392,120.2650182,1200.0,,,2,False,,,CCGT,"Jiuwei Power Co., Ltd.",,,,,Shugu Industrial Park,Shugu Industrial Park,GEM-GOGPT,,,,,,,,,,,
GOGPT_exxonmobilnextera_united,ExxonMobil-NextEra power plant,United States,US,30.90438636,'-90.75267664,1200.0,,pre-construction,1,False,,,CCGT,Exxon Mobil Corp; NextEra Energy Inc,,,,,United States,,GEM-GOGPT,,,,,,,,,,,
GOGPT_nrgdatacenter2_united,NRG Data Center power station 2,United States,US,38.831784,'-78.648126,1200.0,2030,pre-construction,1,False,GE Vernova,other/unspecified,CCGT,NRG Energy Inc,,,,,Virginia,,GEM-GOGPT,,,,,,,,,,,
GOGPT_nrgdatacenter3_united,NRG Data Center power station 3,United States,US,38.740365,'-78.028224,1200.0,2032,pre-construction,1,False,,,CCGT,NRG Energy Inc,,,,,Virginia,,GEM-GOGPT,,,,,,,,,,,
GOGPT_chinsali_zambia,Chinsali power station,Zambia,ZMB,'-10.538525,32.073014,1200.0,,,2,False,,,CCGT,,,,,,Chinsali,Chinsali,GEM-GOGPT,,,,,,,,,,,
CT-266,El Fangal power station,Spain,ES,37.5709,'-0.9458,1199.0,2006,operating,3,False,,,CCGT,Engie España SLU,222750,Climate TRACE,modelled (Climate TRACE),,Murcia,Cartagena,Climate TRACE,,,,,,,,,,,
USA0060589,CPV Fairview Energy Center,United States of America,USA,40.412,'-78.855,1197.0,2020,operating,1,False,,,CCGT,CPV Fairview  LLC,2468430,US EPA GHGRP,measured,371.6,Pennsylvania,Vinco,WRI,2,True,False,False,,60589,53.0,6436,344,0.725,7607.1
USA0060368,Panda Hummel Station LLC,United States of America,USA,40.839,'-76.8255,1194.4,2018,operating,1,False,Siemens Energy: SGT6-5000F5ee,F-class,CCGT,Panda Hummel Station LLC,2909103,US EPA GHGRP,measured,5625.6,Pennsylvania,Shamokin Dam,WRI,3,True,False,False,,60368,49.0,6965,375,0.741,7750.7
USA0007153,Hay Road,United States of America,USA,39.7436,'-75.5072,1193.0,1996,operating,2,False,,,CCGT,Calpine Mid-Atlantic Generation LLC,913892,US EPA GHGRP,measured,1473.9,Delaware,Edgemoor,WRI,6,False,True,False,,7153,40.0,8526,463,0.208,1998.5
USA0007826,Rowan,United States of America,USA,35.7314,'-80.6019,1192.0,2001,operating,1,False,,,CCGT,Southern Power Co,1676213,US EPA GHGRP,measured,4669.9,North Carolina,Franklin,WRI,2,False,False,False,,7826,45.0,7576,409,0.429,4474.7
USA0055382,Thomas A Smith Energy Facility,United States of America,USA,34.7094,'-84.9175,1192.0,2002,operating,2,False,,,CCGT,Oglethorpe Power Corporation,3432994,US EPA GHGRP,measured,6325.9,Georgia,Dalton,WRI,4,True,False,False,,55382,45.7,7468,403,0.759,7926.6
WRI1030704,SHAIBA,Saudi Arabia,SAU,20.63,39.552,1190.7,2009,operating,2,True,,,CCGT,Shuaibah Water and Electricity Company,22046000,Climate TRACE,modelled (Climate TRACE),,Makkah,Mecca,WRI,,,,,,,,,,,
WRI1000643,Nishi Nagoya,Japan,JPN,35.0326,136.8303,1190.0,2017,operating,2,False,,,CCGT,Chubu,,,,,Aichi,Kanie,WRI,,,,,,,,,,,
CT-6434,Waad Al Shamal power station,Saudi Arabia,SA,31.6508,38.8614,1190.0,2018,operating,1,False,,,CCGT,Saudi Electricity Co,2882600,Climate TRACE,modelled (Climate TRACE),,Northern Borders,Turayf,Climate TRACE,,,,,,,,,,,
USA0003469,T H Wharton,United States of America,USA,29.9417,'-95.5306,1189.9,1973,operating,2,False,,,CCGT,NRG Texas Power LLC,,,,928.2,Texas,Hudson,WRI,8,False,True,False,,3469,28.8,11841,633,0.146,1525.4
USA0001001,Cayuga,United States of America,USA,39.9242,'-87.4244,1184.9,1973,operating,2,False,,,CCGT,Duke Energy Indiana  LLC,,,,3513.8,Indiana,Cayuga,WRI,,,,,,,,,,,
WRI1061818,Naberezhnye Chelny Thermal Power Plant,Russia,RUS,55.6906,52.4758,1180.0,1973,operating,1,True,Siemens Energy,other/unspecified,CCGT,"JSC ""Tatenergo"" (JSC ""Generation Company"")",,,,,Tatarstan,Naberezhnyye Chelny,WRI,,,,,,,,,,,
GBR2000723,Peterhead,United Kingdom,GBR,57.4772,'-1.7889,1180.0,1980,operating,1,False,Mitsubishi Power: M701JAC,H/J-class,CCGT,SSE Thermal Ltd [100%],,,,,Scotland,Boddam,WRI,,,,,,,,,,,
CT-5214,Soma Port Gas power station,Japan,JP,37.8492,140.9529,1180.0,2020,operating,2,False,,,CCGT,Fukushima Gas Power,1755100,Climate TRACE,modelled (Climate TRACE),,Miyagi,Marumori,Climate TRACE,,,,,,,,,,,
GOGPT_azulao_brazil,Azulão power station,Brazil,BRA,'-2.743816,'-58.180234,1180.0,2026,construction,1,False,"GE Power: 7HA.02, GE Power: STF-A650",H/J-class,CCGT,Eneva SA [100%],,,,,Amazonas,Campo de Azulão,GEM-GOGPT,,,,,,,,,,,
GOGPT_varna_bulgar,Varna power station,Bulgaria,BGR,43.19477,27.765472,1180.0,2019,operating,2,False,Siemens Energy: SGT5-2000E,E/legacy-class,CCGT,TPP Varna EAD [100%],,,,,Varna,Varna,GEM-GOGPT,,,,,,,,,,,
GOGPT_bhikki_pakist,Bhikki power station,Pakistan,PAK,31.603651,73.904604,1180.0,2018,operating,1,False,,,CCGT,Quaid-e-Azam Thermal Power Pvt Ltd [100%],,,,,Punjab,Sheikhupura,GEM-GOGPT,,,,,,,,,,,
WRI1023228,Ribatejo,Portugal,PRT,39.0118,'-8.9521,1176.0,2005,operating,3,False,Siemens Energy: V94.3A,F-class,CCGT,EDP SA [100%],,,,2577.3,Lisbon,Carregado,WRI,,,,,,,,,,,
USA0055464,Deer Park Energy Center,United States of America,USA,29.7134,'-95.1345,1176.0,2005,operating,1,True,,,CCGT,Deer Park Energy Center,264750,Climate TRACE,modelled (Climate TRACE),6809.5,Texas,Deer Park,WRI,5,True,False,False,,55464,57.8,5907,318,0.675,6949.6
USA0055297,New Covert Generating Facility,United States of America,USA,42.3224,'-86.2937,1176.0,2004,operating,3,False,,,CCGT,New Covert Generating Company LLC,2950609,US EPA GHGRP,measured,7405.8,Michigan,South Haven,WRI,3,True,False,False,,55297,44.2,7714,416,0.66,6803.5
GOGPT_kiyikoy_trkiye,Kiyikoy power station,Türkiye,,41.638616,28.090531,1176.0,,,1,False,,,CCGT,Zorlu Enerji Elektrik Uretim AŞ [100%],,,,,Kırklareli,Kıyıköy,GEM-GOGPT,,,,,,,,,,,
CT-591,Indeck Niles Energy Center,United States,US,41.8621,'-86.2214,1174.4,2022,operating,1,False,,,CCGT,KOSPO USA Inc,1218990,Climate TRACE,modelled (Climate TRACE),,Michigan,Niles,Climate TRACE,,,,,,,,,,,
GOGPT_fgeeaglepines_united,FGE Eagle Pines Project,United States,US,32.017825,'-95.142984,1174.0,2028,pre-construction,1,False,,,CCGT,FGE Eagle Pines I LLC,,,,,Texas,New Summerfield,GEM-GOGPT,,,,,,,,,,,
WRI1029821,Hengmen Expansion Gas,China,CHN,22.57,113.57,1170.0,1997,operating,5,True,,,CCGT,Zhongshan Jiaming Electric Power Co Ltd [100%],,,,,Guangdong,Zhongshangang,WRI,,,,,,,,,,,
GOGPT_seraing_belgiu,Seraing power station,Belgium,BEL,50.603,5.4917,1170.0,1994,operating,1,False,"GE Vernova: STF-D650, GE Vernova: 9HA.02 50hz",H/J-class,CCGT,Luminus NV/SA [100%],,,,,Liege,Seraing,GEM-GOGPT,,,,,,,,,,,
GOGPT_huadianzhuhaidoumen_china,Huadian Zhuhai Doumen power station,China,CHN,22.286759,113.3008235,1170.0,,pre-construction,4,True,Shanghai Electric: AE64.3A,other/unspecified,CCGT,Huadian International Power Co Ltd Guangdong Branch [100%],,,,,Guangdong,Baijiao Town,GEM-GOGPT,,,,,,,,,,,
CT-2996,Datang Baochang Gas power station,China,CN,22.7074,114.027,1160.0,2003,operating,4,True,,,CCGT,Shenzhen Datang Baochang Gas Power Generation Co Ltd,1249280,Climate TRACE,modelled (Climate TRACE),,Guangdong,Guanlan,Climate TRACE,,,,,,,,,,,
WRI1008689,Doha East,Kuwait,KWT,29.3682,47.7963,1158.0,1977,operating,1,True,,,CCGT,Kuwait Authority for Partnership Projects [100%],,,,,Muhafazat al Jahra',Al Jahra',WRI,,,,,,,,,,,
WRI1001869,Pagbilao power station,Philippines,PHL,13.8932,121.745,1154.0,2004,operating,2,False,,,CCGT,Team Energy Corp  Therma Power,,,,,Calabarzon,Padre Burgos,WRI,,,,,,,,,,,
USA0055690,Bethlehem Power Plant,United States of America,USA,40.6175,'-75.3147,1153.0,2003,operating,2,False,,,CCGT,Calpine Bethlehem LLC,,,,4722.0,Pennsylvania,Middletown,WRI,6,False,True,False,,55690,42.6,8005,434,0.432,4361.8
USA0055215,Odessa-Ector Power Plant,United States of America,USA,31.8403,'-102.3264,1152.8,2001,operating,2,False,,,CCGT,LaFrontera Holdings LLC,2587706,US EPA GHGRP,measured,7366.9,Texas,Odessa,WRI,4,True,False,False,,55215,48.6,7015,378,0.578,5840.3
WRI1002951,SERMIDE,Italy,ITA,45.0265,11.2522,1151.0,2004,operating,2,False,,,CCGT,Edipower,,,,938.9,Lombardy,Carbonara di Po,WRI,,,,,,,,,,,
WRI1000632,Minami Yokohama,Japan,JPN,35.4042,139.637,1150.0,1970,operating,1,False,,,CCGT,Tokyo,,,,,Kanagawa,Yokohama,WRI,,,,,,,,,,,
GOGPT_presidentekennedy_brazil,Presidente Kennedy power station,Brazil,BRA,'-21.203633,'-41.01258,1150.0,,,2,False,,,CCGT,Geradora de Energia do Espírito Santo SA [100%],,,,,Espírito Santo,Presidente Kennedy,GEM-GOGPT,,,,,,,,,,,
GOGPT_guangdongshanweihaifen_china,Guangdong Shanwei Haifeng power station,China,CHN,23.058436,115.399182,1150.0,,pre-construction,2,True,,,CCGT,Guangdong Energy Group Co Ltd [100%],,,,,Guangdong,Gongping Town,GEM-GOGPT,,,,,,,,,,,
GOGPT_kedah_malays,Kedah Project power station,Malaysia,MYS,6.118396,100.36846,1150.0,,,1,False,,,CCGT,Treasure Specialty Co Ltd [30%]; Ranhill Holdings Bhd [70%],,,,,Kedah,Gurun,GEM-GOGPT,,,,,,,,,,,
GOGPT_aksaantalya_trkiye,Aksa Antalya power station,Türkiye,,37.1203,30.6016,1150.0,2009,operating,1,False,,,CCGT,Aksa Enerji Uretim AŞ [100%],,,,,Döşemealtı/Antalya,Selimiye,GEM-GOGPT,,,,,,,,,,,
USA0006112,Fort St Vrain,United States of America,USA,40.2461,'-104.8742,1148.5,2000,operating,1,False,,,CCGT,Public Service Co of Colorado,1673244,US EPA GHGRP,measured,4004.7,Colorado,Platteville,WRI,3,True,True,False,,6112,41.0,8318,448,0.281,2824.2
IND0000428,SUGEN CCCP,India,IND,21.3395,72.9889,1147.5,2008,operating,1,False,,,CCGT,Torrent Power Ltd [100%],,,,6104.3,Gujarat,Kathor,WRI,,,,,,,,,,,
GOGPT_tajinenergia_mexico,Tajín Energía power station,Mexico,MEX,20.959736,'-97.415877,1146.0,,,1,False,,,CCGT,Tajín Energía S de RL de CV [100%],,,,,Veracruz,Tuxpan de Rodríguez Cano,GEM-GOGPT,,,,,,,,,,,
USA0055455,Red Hawk,United States of America,USA,33.3346,'-112.8406,1140.3,2001,operating,2,False,,,CCGT,Arizona Public Service Co,1369400,Climate TRACE,modelled (Climate TRACE),4650.2,Arizona,Buckeye,WRI,4,True,False,False,,55455,48.5,7035,379,0.502,5014.3
WRI1000633,Shinagawa,Japan,JPN,35.6199,139.7559,1140.0,2001,operating,3,False,,,CCGT,Tokyo,,,,,Tokyo,Tokyo,WRI,,,,,,,,,,,
CT-3000,Shenzhen Energy Zhangyang Gas power station,China,CN,22.8879,114.094,1140.0,2004,operating,4,True,Shanghai Electric: AE94.3A,other/unspecified,CCGT,Dongguan Shenzhen Energy Zhangyang Electric Power Co Ltd,1234850,Climate TRACE,modelled (Climate TRACE),,Guangdong,Zhangmutou,Climate TRACE,,,,,,,,,,,
GOGPT_cnooczhejiangyuyao_china,CNOOC Zhejiang Yuyao power station,China,CHN,29.989268,121.173311,1140.0,,pre-construction,2,False,,,CCGT,CNOOC Zhejiang Natural Gas Utilization Co Ltd [100%],,,,,Zhejiang,,GEM-GOGPT,,,,,,,,,,,
GOGPT_yangjianggaoxindistric_china,Yangjiang Gaoxin District power station,China,CHN,21.6907798,111.8657172,1140.0,2025,operating,1,True,GE Power: 6F.03,other/unspecified,CCGT,East Asia Power (Yangjiang) Co Ltd [100%],,,,,Guangdong,High-tech Zone Port Industrial Park,GEM-GOGPT,,,,,,,,,,,
WRI1000258,Paka,Malaysia,MYS,4.6017,103.4495,1136.0,1995,,1,False,,,CCGT,YTL Power International Bhd [100%],,,,,Terengganu,Paka,WRI,,,,,,,,,,,
CT-5533,Santa Cruz power station (Brazil),Brazil,BR,'-22.9145,'-43.7654,1136.0,2023,operating,1,False,,,CCGT,Âmbar Energia SA,232454,Climate TRACE,modelled (Climate TRACE),,Rio de Janeiro,Itaguai,Climate TRACE,,,,,,,,,,,
MEX0001772,Tamazunchale,Mexico,MEX,21.3113,'-98.7565,1135.0,2022,operating,2,False,,,CCGT,CFE/PIE,2673500,Climate TRACE,modelled (Climate TRACE),,San Luis Potosi,Ocuiltzapoyo,WRI,,,,,,,,,,,
USA0060464,Tenaska Westmoreland Generating Station,United States of America,USA,40.1752,'-79.6967,1134.0,2019,operating,1,False,,,CCGT,Tenaska Pennsylvania Partners  LLC,,,,5161.3,Pennsylvania,West Newton,WRI,2,True,False,False,,60464,49.4,6914,364,0.705,6998.6
WRI1006056,Staudinger power station,Germany,DEU,50.0886,8.9534,1132.0,1992,operating,1,False,,,CCGT,E.On Kraftwerke GmbH,,,,2188.8,Hesse,Grosskrotzenburg,WRI,,,,,,,,,,,
USA0002706,Asheville,United States of America,USA,35.4731,'-82.5417,1131.1,1993,operating,2,False,,,CCGT,Duke Energy Progress - (NC),1455027,US EPA GHGRP,measured,1314.0,North Carolina,Royal Pines,WRI,2,False,True,False,,2706,46.6,7328,396,0.453,4014.9
GEODB0043047,Bereza SDPP Thermal Power Plant Belarus,Belarus,BLR,52.4538,25.1926,1130.0,2003,operating,4,True,Siemens Energy: SGT5-4000F,F-class,CCGT,Brestenergo RUE [100%],,,,,Brest,Byelaazyorsk,WRI,,,,,,,,,,,
WRI1003681,Chelyabinsk CHP-1,Russia,RUS,55.23,61.4908,1129.1,1942,operating,1,True,,,CCGT,"PJSC ""Fortum""",,,,,Chelyabinsk,Chelyabinsk,WRI,,,,,,,,,,,
GOGPT_launion_philip,La Union power station,Philippines,PHL,16.835881,120.342465,1128.0,2030,pre-construction,1,False,,,CCGT,Global Luzon Energy Development Corp [100%],,,,,Ilocos,Carisquis,GEM-GOGPT,,,,,,,,,,,
WRI1002871,CHIVASSO,Italy,ITA,45.1856,7.9016,1123.0,2004,operating,2,False,,,CCGT,A2A SpA [100%],,,,365.1,Piedmont,Chivasso,WRI,,,,,,,,,,,
CT-5420,Ulsan GPS power station,South Korea,KR,35.493,129.3509,1122.0,2024,operating,1,False,"Siemens Energy: SGT6-9000HL, Siemens Energy: SST6-5000, Siemens Energy: SGT6-9000HL",H/J-class,CCGT,Ulsan GPS Corp,1940400,Climate TRACE,modelled (Climate TRACE),,Ulsan,Ulsan,Climate TRACE,,,,,,,,,,,
GOGPT_eumseong_southk,Eumseong power station,South Korea,KOR,36.941815,127.654621,1122.0,2026,construction,2,False,"Siemens Energy: SST-5000, Siemens Energy: SGT6-9000HL",H/J-class,CCGT,Korea East-West Power Co Ltd [100%],,,,,Chungcheongbuk-do,Eumseong-eup,GEM-GOGPT,,,,,,,,,,,
MEX0001773,Altamira V,Mexico,MEX,22.4997,'-97.9053,1121.0,2006,operating,2,False,,,CCGT,CFE/PIE,2295900,Climate TRACE,modelled (Climate TRACE),,Tamaulipas,Carrillo Puerto,WRI,,,,,,,,,,,
WRI1070297,Yunfu power station,China,CHN,22.9838,112.1005,1120.0,2004,operating,2,True,Siemens Energy: SGT5-4000F,F-class,CCGT,Guangdong Electric Power Development Co Ltd,3923200,Climate TRACE,modelled (Climate TRACE),,Guangdong,Hekou,WRI,,,,,,,,,,,
WRI1061761,Krasnodar TPP,Russia,RUS,45.0178,39.0608,1120.0,1962,operating,1,True,,,CCGT,OOO LUKOIL-Kubanenergo,,,,,Krasnodarskiy,Pashkovskiy,WRI,,,,,,,,,,,
GOGPT_kuchurgan_moldov,Kuchurgan power station,Moldova,MDA,46.629027,29.939714,1120.0,1970,operating,2,False,,,CCGT,Moldavskaya GRES CJSC [100%],,,,,Transnistria,Dnestrovsc,GEM-GOGPT,,,,,,,,,,,
GOGPT_grudziadz_poland,Grudziądz power station,Poland,POL,53.48375,18.75356,1120.0,2026,construction,2,False,"Siemens Energy: SST-5000, Siemens Energy: SGT5-4000F",F-class,CCGT,Energa SA [100%],,,,,Kujawsko-Pomorskie,Grudziadz,GEM-GOGPT,,,,,,,,,,,
USA0003264,W S Lee,United States of America,USA,34.6022,'-82.435,1117.9,2008,operating,1,False,,,CCGT,Duke Energy Carolinas  LLC,,,,5272.0,South Carolina,Williamston,WRI,2,True,True,False,,3264,47.1,7243,391,0.481,4710.2
USA0000315,AES Alamitos LLC,United States of America,USA,33.7688,'-118.1009,1115.0,1962,operating,1,False,,,CCGT,AES Alamitos LLC,1519042,US EPA GHGRP,measured,581.1,California,Rossmoor,WRI,2,False,False,False,,62115,49.1,6943,368,0.581,3451.9
USA0059220,Wildcat Point Generation Facility,United States of America,USA,39.7194,'-76.1616,1113.6,2018,operating,1,False,,,CCGT,Old Dominion Electric Coop,,,,3351.0,Maryland,Rising Sun,WRI,2,True,False,False,,59220,48.5,7035,379,0.402,3922.6
GOGPT_cengizenerjisamsun_trkiye,Cengiz Enerji Samsun power station,Türkiye,,41.2393,36.4799,1112.9,2010,operating,2,True,,,CCGT,Aksa Enerji Uretim AŞ [100%],,,,,Samsun,Tekkeköy,GEM-GOGPT,,,,,,,,,,,
CT-5221,Senboku Natural Gas power plant,Japan,JP,34.5417,135.4029,1109.0,2009,operating,4,False,,,CCGT,Senboku Natural Gas Power Generation Co,1531100,Climate TRACE,modelled (Climate TRACE),,Osaka,Takaishi,Climate TRACE,,,,,,,,,,,
WRI1030742,Phu My 1,Vietnam,VNM,10.6056,107.04,1108.0,2000,,1,False,,,CCGT,Vietnam Electricity (EVN),,,,,Ba Ria-Vung Tau,Thi Tran Phu My,WRI,,,,,,,,,,,
USA0007834,John S Rainey,United States of America,USA,34.3477,'-82.7745,1102.0,2001,operating,1,False,,,CCGT,South Carolina Public Service Authority,2632605,US EPA GHGRP,measured,5582.0,South Carolina,Iva,WRI,2,False,False,False,,7834,40.4,8453,455,0.589,5688.3
WRI1023728,Az Zour North,Kuwait,KWT,28.7135,48.3806,1100.0,2029,operating,2,True,"GE Power: 9F-3, GE Power: STG D1, GE Power: 9F-3, GE Power: 9F-3",other/unspecified,CCGT,Kuwait Authority for Partnership Projects [100%],,,,,Eastern Province,Al Khafji,WRI,,,,,,,,,,,
GOGPT_kyzylorda2_kazakh,Kyzylorda 2 power station,Kazakhstan,KAZ,45.153603,64.953004,1100.0,2027,pre-construction,1,False,,,CCGT,Kyzylorda Energy LLC [100%],,,,,Kyzylorda,,GEM-GOGPT,,,,,,,,,,,
GOGPT_batangasclean_philip,Batangas Clean Energy power station,Philippines,PHL,13.684733,121.052646,1100.0,2029,pre-construction,1,False,,,CCGT,Batangas Clean Energy Inc [100%],,,,,Batangas,Batangas,GEM-GOGPT,,,,,,,,,,,
GOGPT_datangchongqingjiangji_china,Datang Chongqing Jiangjin power station,China,CHN,29.2501279,106.443283,1093.6,2025,operating,2,False,Mitsubishi Heavy Industries: M701F5,F-class,CCGT,Datang Chongqing Jiangjin Gas Turbine Power Generation Co Ltd [100%],,,,,Chongqing,Rentuo Town,GEM-GOGPT,,,,,,,,,,,
CT-5425,Tongyeong power station,South Korea,KR,34.9538,128.4264,1090.0,2024,operating,1,False,GE Power: 7HA.02,H/J-class,CCGT,Tongyeong Eco Power,1453700,Climate TRACE,modelled (Climate TRACE),,Gyeongsangnam-do,Goseong,Climate TRACE,,,,,,,,,,,
USA0055153,Guadalupe Generating Station,United States of America,USA,29.6244,'-98.1419,1088.2,2000,operating,2,False,,,CCGT,Guadalupe Power Partners LP,,,,5503.1,Texas,Marion,WRI,4,True,False,False,,55153,45.5,7498,404,0.662,6315.4
USA0054547,Sithe Independence Station,United States of America,USA,43.495,'-76.4511,1086.1,1994,operating,2,True,,,CCGT,Sithe/Independence LLC,,,,4780.1,New York,Oswego,WRI,4,True,False,False,,54547,52.0,6557,353,0.387,3683.4
GOGPT_trumbullcenter_united,Trumbull Energy Center power station,United States,US,41.15018,'-80.85367,1086.0,2026,construction,1,False,Siemens Energy: SGT6-8000H,other/unspecified,CCGT,Korea Southern Power Co Ltd; Siemens Energy Inc; Korea Overseas Infrastructure &,,,,,Ohio,Lordstown,GEM-GOGPT,,,,,,,,,,,
CT-390,Mellach power station,Austria,AT,46.9092,15.4897,1084.0,2012,operating,2,True,,,CCGT,Verbund Thermal Power GmbH & Co KG,681775,Climate TRACE,modelled (Climate TRACE),,Styria,Werndorf,Climate TRACE,,,,,,,,,,,
GOGPT_shobad_iran,Shobad power station,Iran,IRN,28.048333,57.782583,1084.0,2016,operating,1,False,Mapna Group: V94.2A,E/legacy-class,CCGT,MahTaab Kahnouj Power Generation Co [100%],,,,,Kerman,Kahnooj,GEM-GOGPT,,,,,,,,,,,
WRI1061035,Guangdong Shenzhen Qianwan,China,CHN,22.51,113.85,1083.0,2007,operating,3,False,"Dongfang Electric Corporation: M701F3, Mitsubishi Heavy Industries: M701F3",F-class,CCGT,Shenzhen Guangqian Electric Power Co.  Ltd,,,,,Guangdong,Shekou,WRI,,,,,,,,,,,
GOGPT_azulaoiii_brazil,Azulão III power station,Brazil,BRA,'-2.737515,'-58.187096,1083.0,,pre-construction,1,False,,,CCGT,Eneva SA,,,,,Amazonas,Silves,GEM-GOGPT,,,,,,,,,,,
USA0004939,Barney M Davis,United States of America,USA,27.6064,'-97.3117,1082.2,1987,operating,1,False,,,CCGT,Talen Texas  LLC,717549,US EPA GHGRP,measured,1547.8,Texas,Corpus Christi,WRI,2,True,False,False,,4939,38.2,8937,482,0.135,1284.4
WRI1075563,Kozienice,Poland,POL,51.5829,21.5478,1075.0,2017,operating,2,False,GE Vernova: 9HA.01,H/J-class,CCGT,Elektrownia Wytwarzanie S.A.,,,,,Masovian Voivodeship,Kozienice,WRI,,,,,,,,,,,
WRI1019096,Mintia-Deva power station,Romania,ROU,45.9134,22.8254,1075.0,1976,construction,1,True,"Siemens Energy: SGT5-9000HL, Siemens Energy: SST5-5000",H/J-class,CCGT,SC Complex Energetic Hunedoara,,,,777.1,Hunedoara,Vetel,WRI,,,,,,,,,,,
WRI1029891,Kwangyang,South Korea,KOR,34.8895,127.7747,1071.0,2006,operating,2,False,,,CCGT,SK Holdings,1218110,Climate TRACE,modelled (Climate TRACE),,Jeollanam-do,Yeosu,WRI,,,,,,,,,,,
USA0007757,Chouteau,United States of America,USA,36.2221,'-95.2771,1069.6,2005,operating,1,False,,,CCGT,Associated Electric Coop  Inc,2606111,US EPA GHGRP,measured,6763.8,Oklahoma,Chouteau,WRI,4,True,False,False,,7757,48.1,7088,382,0.566,5299.4
USA0058215,Lee Combined Cycle Plant,United States of America,USA,35.3736,'-78.0894,1068.0,2013,operating,1,False,,,CCGT,Duke Energy Progress - (NC),,,,6648.5,North Carolina,Mar-Mac,WRI,3,True,True,False,,58215,,,,,
GOGPT_almaty2_kazakh,Almaty-2 power station,Kazakhstan,KAZ,43.29292,76.798519,1068.0,2026,construction,1,True,Siemens Energy: SGT5 2000E,E/legacy-class,CCGT,Almaty Power Plants JSC [100%],,,,,Almaty,Almaty,GEM-GOGPT,,,,,,,,,,,
WRI1008364,Ramat Hovav,Israel,ISR,31.1536,34.8146,1067.0,1989,operating,2,False,,,CCGT,Israel Electric corporation,,,,,Southern District,Beersheba,WRI,,,,,,,,,,,
WRI1003849,Verkhnetagilskaya,Russia,RUS,57.3556,59.9603,1062.2,1955,operating,1,True,,,CCGT,JSC INTER RAO-Electric Power Generation,,,,,Sverdlovsk,Verkhniy Tagil,WRI,,,,,,,,,,,
USA0059764,Oregon Clean Energy Center,United States of America,USA,41.6679,'-83.4437,1061.5,2017,operating,1,False,,,CCGT,Oregon Clean Energy Center,,,,5492.9,Ohio,Oregon,WRI,2,True,False,False,,59764,49.9,6842,369,0.609,5660.7
GOGPT_guangxicnoocbeihai_china,Guangxi CNOOC Beihai power station,China,CHN,21.511966,109.49947,1060.0,,pre-construction,2,False,,,CCGT,CNOOC Power Investment Co Ltd [100%],,,,,Guangxi,Xinggang Town,GEM-GOGPT,,,,,,,,,,,
GOGPT_c4gt_united,C4GT power station,United States,US,37.447097,'-77.1673,1060.0,,,1,False,,,CCGT,C4GT LLC [100%],,,,,Virginia,Charles City,GEM-GOGPT,,,,,,,,,,,
USA0059906,Moxie Freedom Generation Plant,United States of America,USA,41.1131,'-76.1581,1058.0,2018,operating,2,False,,,CCGT,Moxie Freedom LLC,2530181,US EPA GHGRP,measured,6955.6,Pennsylvania,East Berwick,WRI,,True,False,False,,59906,51.2,6667,359,0.48,4453.2
GOGPT_latakia_syria,Latakia power station,Syria,,35.532672,35.799198,1052.0,2024,operating,1,False,,,CCGT,Public Establishment of Electricity Generation [100%],,,,,Latakia,Ar Rastan,GEM-GOGPT,,,,,,,,,,,
WRI1070020,Baoshan Works power station,China,CHN,31.4424,121.4361,1050.0,1986,operating,1,False,,,CCGT,Baoshan Iron & Steel Co Ltd,4867400,Climate TRACE,modelled (Climate TRACE),,Shanghai Shi,Baoshan,WRI,,,,,,,,,,,
WRI1061056,Shenzhen East,China,CHN,22.57,114.44,1050.0,2007,operating,5,False,"Shanghai Electric: M701F, Mitsubishi Heavy Industries: M701F",F-class,CCGT,Shenzhen Energy Group Co Ltd,763290,Climate TRACE,modelled (Climate TRACE),,Guangdong,Dapeng,WRI,,,,,,,,,,,
GOGPT_nortecatarinense_brazil,Norte Catarinense power station,Brazil,BRA,'-26.024006,'-48.802594,1050.0,2028,pre-construction,2,False,,,CCGT,Diamante Geração de Energia Ltda [50%]; Nebras Power QPSC [50%],,,,,Santa Catarina,Garuva,GEM-GOGPT,,,,,,,,,,,
GOGPT_cherepetskaya_russia,Cherepetskaya power station,Russia,RUS,54.136,36.48,1050.0,,announced,2,True,,,CCGT,Inter RAO PJSC [100%],,,,,Tula,Suvorov,GEM-GOGPT,,,,,,,,,,,
USA0002079,Hawthorn,United States of America,USA,39.1306,'-94.4778,1046.2,1982,operating,1,False,,,CCGT,Evergy Metro,2437549,US EPA GHGRP,measured,3092.3,Missouri,Sugar Creek,WRI,1,True,False,False,,2079,33.1,10321,938,0.38,3483.3
CT-5220,Shin Sendai thermal power station,Japan,JP,38.2763,141.0408,1046.0,2015,operating,2,False,,,CCGT,Tohoku Electric Power Co Inc,1555800,Climate TRACE,modelled (Climate TRACE),,Miyagi,Shiogama,Climate TRACE,,,,,,,,,,,
WRI1023821,North Benghazi Station 1,Libya,LBY,32.2027,20.133,1040.0,1979,operating,2,False,,,CCGT,General Electricity Company of Libya,,,,,Banghazi,Benghazi,WRI,,,,,,,,,,,
USA0055226,Freestone Energy Center,United States of America,USA,31.8907,'-96.1131,1036.0,2002,operating,2,False,,,CCGT,Freestone Power Generation LLC,2859465,US EPA GHGRP,measured,7381.5,Texas,Fairfield,WRI,4,False,False,False,,55226,48.3,7061,381,0.704,6386.9
WRI1000887,PLTGU Tambak Lorok,Indonesia,IDN,'-6.9505,110.434,1034.0,1993,operating,3,False,GE Power: 9HA.02,H/J-class,CCGT,PLN – Indonesia Power,,,,,Central Java,Semarang,WRI,,,,,,,,,,,
CT-2910,Datang Jintan Gas Thermal power station,China,CN,31.7733,119.6092,1034.0,2019,operating,2,True,,,CCGT,Jiangsu Datang International Jintan Thermal Power Co Ltd,1767100,Climate TRACE,modelled (Climate TRACE),,Jiangsu Sheng,Jincheng,Climate TRACE,,,,,,,,,,,
GOGPT_hickoryrun_united,Hickory Run Energy Station,United States,US,40.994444,'-80.43,1034.0,2020,operating,1,False,,,CCGT,Hickory Run Energy LLC [100%],,,,,Pennsylvania,New Castle,GEM-GOGPT,,,,,,,,,,,
USA0002336,Tracy,United States of America,USA,39.5625,'-119.525,1032.9,2000,operating,2,False,,,CCGT,Sierra Pacific Power Co,,,,4248.3,Nevada,Spanish Springs,WRI,3,True,False,False,,2336,41.6,8199,442,0.389,3515.8
GOGPT_khoramabad_iran,Khoramabad power station,Iran,IRN,33.373823,48.401078,1030.0,2020,operating,1,False,,,CCGT,Khoramabad Power Generation Co [100%],,,,,Lorestan,Khoramabad,GEM-GOGPT,,,,,,,,,,,
WRI1008732,"Jebel Ali ""D""",United Arab Emirates,ARE,25.0659,55.1235,1027.0,1979,operating,1,True,,,CCGT,DEWA,11484100,Climate TRACE,modelled (Climate TRACE),,Dubai,Dubai,WRI,,,,,,,,,,,
GOGPT_renovocenter_united,Renovo energy center,United States,US,41.328333,'-77.75667,1026.0,,,2,False,,,CCGT,Renovo Energy Center [100%],,,,,Pennsylvania,Renovo,GEM-GOGPT,,,,,,,,,,,
WRI1003859,Yavinskaya GRES,Russia,RUS,59.3378,57.2461,1025.0,1956,operating,1,True,,,CCGT,"PJSC ""Unipro""",,,,,Perm,Yayva,WRI,,,,,,,,,,,
CT-5929,Pesquería power station,Mexico,MX,25.7214,'-99.9721,1025.0,2016,operating,1,False,,,CCGT,Techgen SA de CV,2342400,Climate TRACE,modelled (Climate TRACE),,Nuevo Leon,Pesqueria,Climate TRACE,,,,,,,,,,,
GOGPT_pasirgudangtnb_malays,Pasir Gudang (TNB) power station,Malaysia,MYS,1.4494,103.8812,1025.0,1994,pre-construction,1,False,,,CCGT,Tenaga Nasional Bhd [100%],,,,,Johor,Pasir Gudang,GEM-GOGPT,,,,,,,,,,,
CT-226,Taranto CHP power station,Italy,IT,40.5099,17.216,1023.0,1975,operating,1,True,,,CCGT,Taranto Energia SRL,52411,Climate TRACE,modelled (Climate TRACE),,Apulia,Statte,Climate TRACE,,,,,,,,,,,
GOGPT_robinson_united,Robinson Power Company station,United States,US,40.409167,'-80.29806,1023.0,,,1,False,,,CCGT,Robinson Power Co LLC [100%],,,,,Pennsylvania,Bulger,GEM-GOGPT,,,,,,,,,,,
CT-5931,Topolobampo II power station,Mexico,MX,25.9739,'-108.9918,1021.5,2019,operating,2,False,,,CCGT,Mexico Infrastructure Partners SAPI de CV,2277500,Climate TRACE,modelled (Climate TRACE),,Sinaloa,San Miguel Zapotitlan,Climate TRACE,,,,,,,,,,,
GOGPT_spicloudilianyuandistr_china,SPIC Loudi Lianyuan Distributed Gas power station,China,CHN,27.696803,111.710276,1020.0,,,4,False,,,CCGT,China Power Investment Electric Power Engineering Co Ltd [100%],,,,,Hunan,,GEM-GOGPT,,,,,,,,,,,
GOGPT_ainarnet_algeri,Ain Arnet power plant,Algeria,DZA,36.157607,5.206548,1014.0,2019,operating,3,True,"Siemens Energy: SGT5-4000F, Siemens Energy: SST5-3000",F-class,CCGT,Société Algérienne de Production de l'Electricité SpA [100%],,,,,Sétif,Aïn Arnat,GEM-GOGPT,,,,,,,,,,,
USA0055439,Tenaska Virginia Generating Station,United States of America,USA,37.8667,'-78.3813,1011.4,2004,operating,1,False,,,CCGT,Tenaska Virginia Partners LP,,,,5938.0,Virginia,Lake Monticello,WRI,3,True,False,False,,55439,47.5,7184,388,0.42,3725.4
GOGPT_huadianqingdao_china,Huadian Qingdao Gas Thermal power station,China,CHN,36.112336,120.331687,1010.0,2023,operating,2,True,Dongfang Electric Corporation: M701F,F-class,CCGT,Huadian Qingdao Power Generation Co Ltd [100%],,,,,Shandong,,GEM-GOGPT,,,,,,,,,,,
USA0000469,Cherokee,United States of America,USA,39.8073,'-104.9645,1006.4,1997,operating,1,False,,,CCGT,Public Service Co of Colorado,1514357,US EPA GHGRP,measured,3932.4,Colorado,Welby,WRI,2,True,True,False,,469,28.9,11812,637,0.365,3221.1
GOGPT_ferreraerbognonerefine_italy,Ferrera Erbognone Refinery power station,Italy,ITA,45.09963,8.86632,1006.0,2004,operating,3,False,,,CCGT,Eni SpA [100%],,,,,Pavia,Ferrera Erbognone,GEM-GOGPT,,,,,,,,,,,
GOGPT_yonginsemiconductorclu_southk,Yongin Semiconductor Cluster power station,South Korea,KOR,37.236456,127.184365,1005.0,2026,pre-construction,1,True,,,CCGT,SK E&S; Korea Midland Power Co Ltd,,,,,Gyeonggi,Yongin,GEM-GOGPT,,,,,,,,,,,
USA0055451,Magnolia Power Plant,United States of America,USA,34.835,'-89.2026,1003.5,2003,operating,4,False,,,CCGT,Tennessee Valley Authority,2321855,US EPA GHGRP,measured,3768.4,Mississippi,Ashland,WRI,3,True,False,False,,55451,44.8,7611,410,0.575,5051.6
USA0055927,Jasper,United States of America,USA,32.3594,'-81.1242,1001.7,2004,operating,1,False,,,CCGT,Dominion Energy South Carolina  Inc,2054257,US EPA GHGRP,measured,5184.2,South Carolina,Hardeeville,WRI,3,True,False,False,,55927,47.4,7199,388,0.543,5083.5
WRI1019168,Pocerady power station,Czech Republic,CZE,50.4278,13.6777,1000.0,1973,operating,1,True,,,CCGT,CEZ Group,,,,7122.5,Ustecky,Becov,WRI,,,,,,,,,,,
WRI1000079,New Gas Shabab,Egypt,EGY,30.4653,31.9234,1000.0,2011,operating,2,False,,,CCGT,East Delta Electricity Production Co [100%],,,,1932.0,Al Isma'iliyah,At Tall al Kabir,WRI,,,,,,,,,,,
WRI1020068,Kashima Kyodo,Japan,JPN,35.9414,140.6888,1000.0,1973,operating,1,False,,,CCGT,KASHIMA KYODO ELEC POWER CO,3224900,Climate TRACE,modelled (Climate TRACE),,Ibaraki,Kashima-shi,WRI,,,,,,,,,,,
USA0060926,St. Charles Power Station (LA),United States of America,USA,30.01,'-90.4608,1000.0,2019,operating,1,False,,,CCGT,Entergy Louisiana LLC,1940983,US EPA GHGRP,measured,3615.7,Louisiana,Montz,WRI,2,True,False,False,,60926,47.9,7124,384,0.632,5537.6
CT-567,Lake Charles Power,United States,US,30.2713,'-93.2895,1000.0,1959,pre-construction,1,False,Mitsubishi Power: M501JAC,H/J-class,CCGT,Entergy Louisiana LLC,1394700,Climate TRACE,modelled (Climate TRACE),,Louisiana,Westlake,Climate TRACE,,,,,,,,,,,
CT-573,Montgomery County,United States,US,30.4408,'-95.5275,1000.0,2021,operating,1,False,,,CCGT,Entergy Texas Inc,1347500,Climate TRACE,modelled (Climate TRACE),,Texas,Willis,Climate TRACE,,,,,,,,,,,
GOGPT_maritsaiztok2_bulgar,Maritsa Iztok-2 power station,Bulgaria,BGR,42.254053,26.134007,1000.0,,,1,False,,,CCGT,TPP Maritsa East 2 EAD [100%],,,,,Galabovo,Kovachevo,GEM-GOGPT,,,,,,,,,,,
GOGPT_cgnchangling_china,CGN Changling power station,China,CHN,45.14429761,124.8111116,1000.0,2027,pre-construction,2,False,,,CCGT,China General Nuclear New Energy Changling Co Ltd [100%],,,,,Jilin,,GEM-GOGPT,,,,,,,,,,,
GOGPT_datanghunanxiangtan_china,Datang Hunan Xiangtan power station,China,CHN,27.829514,112.96312,1000.0,,pre-construction,2,True,,,CCGT,Datang Huayin Power Co Ltd [100%],,,,,Hunan,,GEM-GOGPT,,,,,,,,,,,
GOGPT_guangdongzhaoqingdawan_china,Guangdong Zhaoqing Dawang Cogen power station,China,CHN,23.3006449,112.8563297,1000.0,2025,operating,2,True,Dongfang Electric Corporation: M701F4,F-class,CCGT,Guoneng (Zhaoqing) Thermal Power Co Ltd [100%],,,,,Guangdong,Dawang,GEM-GOGPT,,,,,,,,,,,
GOGPT_huanengjilinsongyuan_china,Huaneng Jilin Songyuan power station,China,CHN,45.12142239,124.7135501,1000.0,2027,construction,2,False,,,CCGT,Huaneng Songyuan Gas Turbine Power Generation Co Ltd [100%],,,,,Jilin,Songyuan Economic Development Zone,GEM-GOGPT,,,,,,,,,,,
GOGPT_huanengpengzhou_china,Huaneng Pengzhou power station,China,CHN,31.0684404,103.9389684,1000.0,2026,construction,2,False,Dongfang Electric Corporation: M701F4,F-class,CCGT,Huaneng Pengzhou Thermal Power Co Ltd [100%],,,,,Sichuan,Longfeng Town,GEM-GOGPT,,,,,,,,,,,
GOGPT_rongcheng_china,Rongcheng Gas Thermal power station,China,CHN,37.101894,122.403614,1000.0,,construction,5,True,Shanghai Electric: AE94.2,other/unspecified,CCGT,Rongcheng Haoyang Clean Energy Co Ltd [100%],,,,,Shandong,,GEM-GOGPT,,,,,,,,,,,
GOGPT_shuangqiaoeconomicdeve_china,Shuangqiao Economic Development Zone power station,China,CHN,29.4873029,105.7810618,1000.0,,pre-construction,2,False,,,CCGT,Jingneng (Chongqing) Energy Co Ltd [100%],,,,,Chongqing,,GEM-GOGPT,,,,,,,,,,,
GOGPT_threegorgesgroupyingko_china,Three Gorges Energy Group Yingkou Gas Thermal power station,China,CHN,40.612409,122.34242,1000.0,,pre-construction,2,True,Dongfang Electric Corporation,other/unspecified,CCGT,Three Gorges Group (Yingkou) Energy Investment Co Ltd [100%],,,,,Liaoning,,GEM-GOGPT,,,,,,,,,,,
GOGPT_xiangtouinternationaly_china,Xiangtou International Yongzhou power station,China,CHN,26.2627694,111.7041344,1000.0,,pre-construction,2,False,,,CCGT,Hunan Xiangtou International Investment Co Ltd [100%],,,,,Hunan,Jielüqiao,GEM-GOGPT,,,,,,,,,,,
GOGPT_jawa4_indone,Jawa-4 power station,Indonesia,IDN,'-7.7,112.7,1000.0,2029,announced,1,False,,,CCGT,unknown,,,,,East Java,,GEM-GOGPT,,,,,,,,,,,
GOGPT_jawa5_indone,Jawa-5 power station,Indonesia,IDN,'-5.935064,107.030182,1000.0,2030,announced,1,False,,,CCGT,PT PLN (Persero) [100%],,,,,West Java,,GEM-GOGPT,,,,,,,,,,,
GOGPT_jawa6_indone,Jawa-6 power station,Indonesia,IDN,'-5.935064,107.030182,1000.0,2034,announced,1,False,,,CCGT,PT PLN (Persero) [100%],,,,,West Java,,GEM-GOGPT,,,,,,,,,,,
GOGPT_sulbagsel1_indone,Sulbagsel-1 power station,Indonesia,IDN,'-3.821501,121.972097,1000.0,2027,announced,1,False,,,CCGT,PT PLN (Persero) [100%],,,,,South Sulawesi,Punggaluwu,GEM-GOGPT,,,,,,,,,,,
GOGPT_prenergyelsalto_mexico,Prenergy El Salto power station,Mexico,MEX,20.517827,'-103.182686,1000.0,,,1,False,,,CCGT,Prenergy de México SA de CV [100%],,,,,Jalisco,El Salto,GEM-GOGPT,,,,,,,,,,,
GOGPT_ethiope_nigeri,Ethiope power station,Nigeria,NGA,6.373441,5.646927,1000.0,2023,,2,False,,,CCGT,Ethiope Energy Ltd [100%],,,,,Edo,Benin City,GEM-GOGPT,,,,,,,,,,,
GOGPT_deirelzorcombindcycle_syria,Deir El Zor Combind Cycle power plant,Syria,,35.33205,40.124221,1000.0,2028,pre-construction,1,False,,,CCGT,UCC Holding Consortium,,,,,Deir El Zor,Deir El Zor,GEM-GOGPT,,,,,,,,,,,
GOGPT_haderaopc_israel,Hadera OPC power station,Israel,ISR,32.453057,34.913859,998.0,2020,operating,1,True,,,CCGT,OPC Energy Ltd [100%],,,,,Hadera,Hadera,GEM-GOGPT,,,,,,,,,,,
WRI1008167,Montazare Ghaem,Iran,IRN,35.73,51.0055,997.0,1973,operating,3,False,,,CCGT,Montazer Ghaem Generation Management Co [100%],,,,,Tehran,Shahre Jadide Andisheh,WRI,,,,,,,,,,,
USA0003405,John Sevier,United States of America,USA,36.3767,'-82.9639,996.9,2012,operating,1,False,,,CCGT,Tennessee Valley Authority,,,,4954.1,Tennessee,Rogersville,WRI,3,True,True,False,,3405,46.9,7271,392,0.509,4449.2
CT-5208,Fukuyama Joint power station,Japan,JP,34.4792,133.442,996.8,1970,operating,2,False,,,CCGT,Setouchi Joint Thermal Power Co Ltd,2052300,Climate TRACE,modelled (Climate TRACE),,Okayama,Kasaoka,Climate TRACE,,,,,,,,,,,
CT-2931,Huaneng Taiyuan Dongshan Gas Thermal power station,China,CN,37.8713,112.6314,991.3,2015,operating,2,True,,,CCGT,Huaneng Taiyuan Dongshan Gas Turbine Heat and Power Co Ltd,1612800,Climate TRACE,modelled (Climate TRACE),,Shanxi Sheng,Liuxiang,Climate TRACE,,,,,,,,,,,
WRI1023229,Tapada do Outeiro,Portugal,PRT,41.07,'-8.4587,990.0,1998,operating,3,False,,,CCGT,TrustEnergy BV [100%],,,,3912.0,Porto,Foz do Sousa,WRI,,,,,,,,,,,
CT-3122,Huaneng Yangpu Cogen power station,China,CN,19.8321,109.2038,990.0,2022,operating,2,True,Mitsubishi Heavy Industries: M701F4,F-class,CCGT,Huaneng Yangpu Thermal Power Co Ltd,719670,Climate TRACE,modelled (Climate TRACE),,Hainan,Sandu,Climate TRACE,,,,,,,,,,,
GOGPT_shandonghuanengtaian_china,Shandong Huaneng Tai'an power station,China,CHN,36.0311424,117.0558611,990.0,2026,construction,2,True,Shanghai Electric: AE94.3A,other/unspecified,CCGT,Huaneng Shandong Power Generation Co Ltd [100%],,,,,Shandong,Manzhuang Town,GEM-GOGPT,,,,,,,,,,,
GOGPT_heris_iran,Heris power station,Iran,IRN,38.225228,46.96294,990.0,2019,operating,1,False,"Ansaldo Energia: 3A-F, Ansaldo Energia: MT15 (steam turbine)",other/unspecified,CCGT,Heris Power Plant Co [100%],,,,,East Azerbaijan,Heris,GEM-GOGPT,,,,,,,,,,,
USA0055144,Hays Energy Project,United States of America,USA,29.7806,'-97.9894,989.0,2002,operating,4,False,,,CCGT,Hays Energy  LLC,1911278,US EPA GHGRP,measured,3119.3,Texas,Redwood,WRI,,False,False,False,,55144,44.9,7599,410,0.402,3479.0
USA0055419,Plaquemine Cogeneration Plant,United States of America,USA,30.3217,'-91.2347,987.0,2004,operating,1,True,,,CCGT,Dow Chemical Co,,,,5341.9,Louisiana,Plaquemine,WRI,4,True,False,False,,55419,51.9,6569,338,0.578,5001.1
GOGPT_maisanoil_iraq,Maisan Oil Energy power station,Iraq,IRQ,31.837901,47.142068,987.0,2022,operating,1,False,,,CCGT,Maisan Power Co [100%],,,,,Maysan,Al-Amarah,GEM-GOGPT,,,,,,,,,,,
GOGPT_behbahan_iran,Behbahan power station,Iran,IRN,30.719673,50.074832,984.0,2017,operating,1,False,"Mapna Group: V94.2, Mapna Group: V94.2, not found: E-Type",E/legacy-class,CCGT,MAPNA Khuzestan Power Generation Co [100%],,,,,Khuzestan,Behbahan,GEM-GOGPT,,,,,,,,,,,
CT-2914,Datang Foshan Gas power station,China,CN,22.9077,112.8134,980.0,2022,operating,2,True,Shanghai Electric: AE94.3A,other/unspecified,CCGT,Datang Foshan Thermal Power Co Ltd,1727700,Climate TRACE,modelled (Climate TRACE),,Guangdong,Yanghe,Climate TRACE,,,,,,,,,,,
CT-2915,Huaneng Dongguan Gas Thermal power station,China,CN,22.9832,114.1025,980.0,2020,operating,4,True,Dongfang Electric Corporation: M701F4,F-class,CCGT,Huaneng Dongguan Gas Turbine Thermal Power Co Ltd,1727700,Climate TRACE,modelled (Climate TRACE),,Guangdong,Qiaotou,Climate TRACE,,,,,,,,,,,
CT-3123,Yongchuan Gangqiao Industry Park Cogen power station,China,CN,29.3667,105.9,980.0,2023,operating,2,True,,,CCGT,Chongqing Tiantai Thermal Power Co Ltd,712400,Climate TRACE,modelled (Climate TRACE),,Chongqing Shi,Zhongshanlu,Climate TRACE,,,,,,,,,,,
GOGPT_fulingbaitao_china,Fuling Baitao power station,China,CHN,29.60167718,107.5563072,980.0,2025,operating,1,True,,,CCGT,Chongqing Baitao Gas Turbine Thermal Power Co Ltd [100%],,,,,Chongqing,Baitao Industrial Park,GEM-GOGPT,,,,,,,,,,,
GOGPT_huanengxiangyin_china,Huaneng Xiangyin power station,China,CHN,28.627886,112.928649,980.0,,pre-construction,2,False,,,CCGT,Hunan Xiangtou International Investment Co Ltd,,,,,Hunan,Yangshahu Town,GEM-GOGPT,,,,,,,,,,,
GOGPT_xiangtouinternationalh_china,Xiangtou International Hengdong Gas power station,China,CHN,26.9950315,112.7918204,980.0,2025,operating,2,False,Shanghai Electric: AE94.3A,other/unspecified,CCGT,Xiangtou International (Hengdong) Gas Power Generation Co Ltd [100%],,,,,Hunan,Dapu Town,GEM-GOGPT,,,,,,,,,,,
GOGPT_xinle_china,Xinle power station,China,CHN,38.33355064,114.6603397,980.0,,announced,2,True,,,CCGT,Shijiazhuang Xintian Smart Energy Co Ltd,,,,,Hebei,,GEM-GOGPT,,,,,,,,,,,
WRI1003845,Urengoyskaya,Russia,RUS,66.035,78.0838,979.7,2012,operating,1,True,,,CCGT,Technoproexport,,,,,Yamalo-Nenetskiy Avtonomnyy Okrug,Urengoy,WRI,,,,,,,,,,,
USA0050006,Linden Cogen Plant,United States of America,USA,40.6322,'-74.2156,974.1,1994,operating,1,True,,,CCGT,EFS Cogen Holdings I LLC,1861722,US EPA GHGRP,measured,5500.0,New Jersey,Linden,WRI,6,True,False,False,,50006,59.2,5766,311,0.614,5242.5
CT-3127,Datang Haikou Gas power station,China,CN,19.9138,110.1519,974.0,2022,operating,2,False,Shanghai Electric: AE94.3A,other/unspecified,CCGT,Datang Haikou Clean Energy Power Generation Co Ltd,708050,Climate TRACE,modelled (Climate TRACE),,Hainan,Mei'an,Climate TRACE,,,,,,,,,,,
WRI1029946,Asaluyeh Power Plant,Iran,IRN,27.4068,52.7818,973.0,2009,operating,2,False,"Mapna Group: MGT-70, Mapna Group: MGT-70, Franco Tosi Meccanica: ST E-Type",other/unspecified,CCGT,MAPNA Group,,,,,Fars,Mohr,WRI,,,,,,,,,,,
WRI1029947,Jahrom,Iran,IRN,28.7031,53.542,972.0,2014,operating,3,False,,,CCGT,Moshanir,,,,,Fars,Jahrom,WRI,,,,,,,,,,,
WRI1002861,Cassano d’Adda,Italy,ITA,45.5115,9.5098,969.0,2003,operating,1,True,,,CCGT,A2A,,,,1547.0,Lombardy,Cassano d'Adda,WRI,,,,,,,,,,,
WRI1008736,"Jebel Ali ""L"" - Ph I",United Arab Emirates,ARE,25.0461,55.1053,969.0,2005,operating,4,True,,,CCGT,DEWA,,,,,Dubai,Dubai,WRI,,,,,,,,,,,
CT-6521,Fujairah F1 Integrated Water and power plant,United Arab Emirates,AE,25.3142,56.3728,968.5,2004,operating,1,True,"Siemens Energy: ST, GE Power: 9E, Siemens Energy: ST",E/legacy-class,CCGT,Emirates Sembcorp Water & Power Co,1504260,Climate TRACE,modelled (Climate TRACE),,Ash Shariqah,Khawr Fakkan,Climate TRACE,,,,,,,,,,,
WRI1023713,Al Ezzel Power Station,Bahrain,BHR,26.2175,50.6595,962.0,2007,operating,1,False,"alstom: 13E2, alstom: Steam turbine",other/unspecified,CCGT,Gulf Investment Corporation  Suez Tractebel  Pension Fund of Bahrain,,,,,Muharraq,Al Hadd,WRI,,,,,,,,,,,
USA0060376,Clean Energy Future-Lordstown  LLC,United States of America,USA,41.1489,'-80.8516,962.0,2018,operating,1,False,,,CCGT,Clean Energy Future-Lordstown  LLC,2268187,US EPA GHGRP,measured,5987.5,Ohio,Lordstown,WRI,2,True,False,False,,60376,49.6,6873,371,0.755,6366.3
WRI1019167,Melnik power station,Czech Republic,CZE,50.4131,14.4158,960.0,1973,operating,3,True,Siemens Energy,other/unspecified,CCGT,CEZ Group,,,,1241.8,Central Bohemia,Horni Pocaply,WRI,,,,,,,,,,,
CT-3128,Huadian Jiangdong Thermal power station,China,CN,30.3434,120.5522,960.0,2015,operating,2,True,,,CCGT,Hangzhou Huadian Jiangdong Thermal Power Co Ltd,697850,Climate TRACE,modelled (Climate TRACE),,Zhejiang Sheng,Xinwan,Climate TRACE,,,,,,,,,,,
GOGPT_guangdongjieyangdananh_china,Guangdong Energy Jieyang Dananhai power station,China,CHN,22.9340697,116.2221658,960.0,2026,construction,2,True,Siemens Energy: SGT5-4000F,F-class,CCGT,Guangdong Yudean Dananhai Smart Energy Co Ltd [100%],,,,,Guangdong,xixi Town,GEM-GOGPT,,,,,,,,,,,
GOGPT_yantaipenglainatural_china,Yantai Penglai Natural Gas Thermal power station,China,CHN,37.800698,120.852134,960.0,,announced,2,True,,,CCGT,Penglai Donghai Thermal Power Co Ltd [100%],,,,,Shandong,Xingang,GEM-GOGPT,,,,,,,,,,,
GOGPT_tekirdag_trkiye,Tekirdağ power station,Türkiye,,41.0072,27.9736,956.0,1999,operating,2,False,,,CCGT,Elektrik Uretim AŞ [100%],,,,,Marmara Ereğlisi,Tekirdağ,GEM-GOGPT,,,,,,,,,,,
GOGPT_pecos_united,Pecos power plant,United States,US,31.39695,'-103.621825,956.0,2026,pre-construction,2,False,Siemens Energy: SGT-800,E/legacy-class,CCGT,Pecos Power Generation Company LLC,,,,,Texas,Pecos,GEM-GOGPT,,,,,,,,,,,
WRI1029952,Ardebil Sabalan,Iran,IRN,38.5315,48.1818,954.0,2013,operating,3,False,"Mapna Group: MGT-70, Mapna Group: MGT-70",other/unspecified,CCGT,TAVANIR,,,,,Ardabil,Omidcheh,WRI,,,,,,,,,,,
WRI1008135,Ferdosi C.C.,Iran,IRN,36.4481,59.4027,954.0,2007,operating,3,False,Mapna Group,other/unspecified,CCGT,MAPNA Tous Power Generation Co [100%],,,,,Razavi Khorasan,Torqabeh,WRI,,,,,,,,,,,
WRI1008176,Rud'e Shur,Iran,IRN,35.413,50.904,954.0,2025,operating,1,False,"Siemens Energy: V94.3A, Siemens Energy: SST-5000",F-class,CCGT,Amir Kabir Electricity Generation & Development Co [100%],,,,,Tehran,Robat Karim,WRI,,,,,,,,,,,
WRI1022052,Kallpa,Peru,PER,'-12.4976,'-76.7295,952.3,2012,operating,1,False,"Siemens Energy: 501FD2, Siemens Energy: 501FD2, GE Power: not found, Siemens Energy: 501FD2",other/unspecified,CCGT,Kallpa Generación S.A,,,,5057.0,Lima,Chilca,WRI,,,,,,,,,,,
WRI1008170,Orumia,Iran,IRN,37.3457,45.2651,951.0,2011,operating,2,False,,,CCGT,Arian Mahtaab Gostar Company,,,,,Azarbayjan-e Gharbi,Orumiyeh,WRI,,,,,,,,,,,
WRI1070289,Huadian Zibo power station,China,CHN,36.7602,118.0532,950.0,2007,operating,2,True,,,CCGT,Huadian Power International Company Limited,3119200,Climate TRACE,modelled (Climate TRACE),,Shandong Sheng,Nanding,WRI,,,,,,,,,,,
GOGPT_huadianyangzhou_china,Huadian Yangzhou Gas power station,China,CHN,32.42998,119.4759,950.0,2017,operating,2,True,,,CCGT,Yangzhou Power Generation Co Ltd [100%],,,,,Jiangsu,Yangzhou,GEM-GOGPT,,,,,,,,,,,
GOGPT_rweburghausen_german,RWE Burghausen power station,Germany,DEU,48.19447889,12.82129685,950.0,2030,announced,1,False,,,CCGT,RWE AG,,,,,Burghausen,Burghausen,GEM-GOGPT,,,,,,,,,,,
GOGPT_copperindustries_iran,Copper Industries CCGT Power Plant,Iran,IRN,29.998906,55.795158,950.0,2026,construction,1,False,,,CCGT,National Iranian Copper Industries Co [100%],,,,,Kerman,,GEM-GOGPT,,,,,,,,,,,
CT-2917,CNOOC Zhuhai Gas power station,China,CN,21.9973,113.18,948.0,2014,operating,2,True,Mitsubishi Power: M701F4,F-class,CCGT,CNOOC Zhuhai Natural Gas Power Generation Co Ltd,1704600,Climate TRACE,modelled (Climate TRACE),,Guangdong,Nanshui,Climate TRACE,,,,,,,,,,,
WRI1029224,Horippur Power CCPP,Bangladesh,BGD,23.6839,90.5314,946.0,2008,operating,1,False,,,CCGT,unknown [33%]; Dutch Bangla Power and Associates Ltd [67%],,,,,Dhaka,Narayanganj,WRI,,,,,,,,,,,
USA0055333,Delta Energy Center,United States of America,USA,38.0169,'-121.8439,943.5,2002,operating,1,False,,,CCGT,Delta Energy Center LLC,1630421,US EPA GHGRP,measured,3533.6,California,Antioch,WRI,3,True,False,False,,55333,47.4,7196,388,0.48,3970.4
WRI1008168,Neishabour,Iran,IRN,36.2804,58.7774,941.0,2003,operating,3,False,,,CCGT,Saina Gostar Pardisan Co [100%],,,,,Razavi Khorasan,Nishabur,WRI,,,,,,,,,,,
USA0055137,Rio Nogales Power Project,United States of America,USA,29.5931,'-97.9732,940.2,2002,operating,1,False,,,CCGT,City of San Antonio - (TX),1676705,US EPA GHGRP,measured,4082.2,Texas,Seguin,WRI,3,True,False,False,,55137,48.2,7079,382,0.55,4529.7
GOGPT_dongguanshenranintegra_china,Dongguan Shenran Integrated Energy power station,China,CHN,22.90108218,113.8614155,940.0,2027,pre-construction,2,True,,,CCGT,Dongguan Shenran Smart Energy Co Ltd,,,,,Guangdong,,GEM-GOGPT,,,,,,,,,,,
GOGPT_huanengxindian_china,Huaneng Xindian Gas Thermal power station,China,CHN,36.877484,118.295499,940.0,,,2,True,,,CCGT,Huaneng Xindian Power Generation Co Ltd [100%],,,,,Shandong,Fenghuang Town,GEM-GOGPT,,,,,,,,,,,
GOGPT_huarundongguandalang_china,Huarun Dongguan Dalang Gas power station,China,CHN,22.940081,113.944774,940.0,,pre-construction,2,False,,,CCGT,Huarun Power Investment Co Ltd [100%],,,,,Guangdong,Dalang Town,GEM-GOGPT,,,,,,,,,,,
GOGPT_shandongdadisaltchemic_china,"Shandong DADI Salt Chemical Group Co.,Ltd. power project",China,CHN,37.03908,119.04728,940.0,,announced,2,True,,,CCGT,Shandong DADI Salt Chemical Group Co Ltd [100%],,,,,Shandong,Hou Town,GEM-GOGPT,,,,,,,,,,,
GOGPT_tanajibanddesalination_saudia,Tanajib Cogeneration and Desalination power plant,Saudi Arabia,SAU,27.770296,48.874835,940.0,2025,operating,1,False,GE Saudi Advanced Turbines: 7F.05,other/unspecified,CCGT,Marubeni Corp [30%]; Saudi Arabian Oil Co [40%]; Abu Dhabi National Energy Compa,,,,,Eastern,Tanajib,GEM-GOGPT,,,,,,,,,,,
USA0055062,Tenaska Frontier Generation Station,United States of America,USA,30.5924,'-95.9178,939.7,2000,operating,1,False,,,CCGT,Tenaska Frontier Partners Ltd,,,,3993.4,Texas,Anderson,WRI,3,True,False,False,,55062,46.5,7331,395,0.524,4312.9
USA0055132,Tenaska Gateway Generating Station,United States of America,USA,32.0178,'-94.6197,939.6,2001,operating,1,False,,,CCGT,Tenaska Gateway Partners Ltd,,,,3903.8,Texas,Henderson,WRI,3,True,False,False,,55132,46.5,7333,395,0.48,3950.4
USA0055271,Tenaska Lindsay Hill Generating Station,United States of America,USA,32.6514,'-86.7386,939.4,2002,operating,1,False,,,CCGT,Tenaska Alabama Partners LP,1069085,US EPA GHGRP,measured,1724.0,Alabama,Clanton,WRI,3,True,False,False,,55271,46.0,7425,400,0.366,3013.2
WRI1061065,Liangjiang,China,CHN,29.78,106.51,934.0,2014,operating,4,True,Mitsubishi Power: M701J,H/J-class,CCGT,Huaneng Chongqing Liangjiang Gas Turbine Power Generation Co Ltd,683340,Climate TRACE,modelled (Climate TRACE),,Chongqing Shi,Shuitu,WRI,,,,,,,,,,,
GOGPT_cccguadalajara_mexico,CCC Guadalajara power station,Mexico,MEX,20.674451,'-103.265939,934.0,2030,announced,1,False,,,CCGT,Comisión Federal de Electricidad EPE [100%],,,,,Jalisco,Guadalajara,GEM-GOGPT,,,,,,,,,,,
USA0055327,Baytown Energy Center,United States of America,USA,29.7731,'-94.9019,932.9,2002,operating,1,True,,,CCGT,Baytown Energy Center LLC,,,,4721.9,Texas,Mont Belvieu,WRI,3,True,False,False,,55327,58.8,5802,313,0.258,2106.5
USA0008056,Waterford 1 & 2,United States of America,USA,29.9989,'-90.4768,932.0,1976,operating,2,False,Mitsubishi Power: M501JAC,H/J-class,CCGT,Entergy Louisiana LLC,,,,673.0,Louisiana,Montz,WRI,2,True,False,False,,60926,47.9,7124,384,0.632,5537.6
WRI1002743,MARTIGUES PONTEAU,France,FRA,43.3585,5.0216,930.0,2012,operating,2,False,,,CCGT,Electricité de France SA [100%],,,,3970.3,Provence-Alpes-Cote d'Azur,Martigues,WRI,,,,,,,,,,,
WRI1029943,Paresar,Iran,IRN,37.6378,49.0849,930.0,2011,operating,2,False,"Mapna Group: MGT-70, Mapna Group: MGT-70, Mapna Group: MGT-70",other/unspecified,CCGT,TAVANIR,,,,,Gilan,Rezvanshahr,WRI,,,,,,,,,,,
CT-3138,Beijing Energy Zhuhai Yuhai Gas Thermal power station,China,CN,22.075,113.255,930.0,2020,operating,2,True,Shanghai Electric: AE94.3A,other/unspecified,CCGT,Zhuhai Yuhai Electric Power Co Ltd,676060,Climate TRACE,modelled (Climate TRACE),,Guangdong,Nanshui,Climate TRACE,,,,,,,,,,,
GOGPT_oandokwale_nigeri,Oando Kwale power station,Nigeria,NGA,5.709692,6.575917,930.0,2005,operating,1,False,,,CCGT,Nigerian Agip Oil Company Ltd [100%],,,,,Delta,Kwale,GEM-GOGPT,,,,,,,,,,,
GOGPT_yahsihan_trkiye,Yahsihan power station,Türkiye,,39.841979,33.487988,927.4,2017,operating,1,False,,,CCGT,Samsung C&T Corp [10%]; ACWA Power Co [90%],,,,,Kirikkale,Kırıkkale,GEM-GOGPT,,,,,,,,,,,
USA0055440,Tenaska Central Alabama Generating Stn,United States of America,USA,32.6497,'-86.74,927.1,2003,operating,1,False,,,CCGT,Tenaska Alabama B LP,,,,4832.7,Alabama,Clanton,WRI,3,True,False,False,,55440,45.3,7532,406,0.561,4552.9
GOGPT_turkistan_kazakh,Turkistan power station,Kazakhstan,KAZ,42.18287,69.882497,926.5,2027,construction,1,False,Siemens Energy: not found,other/unspecified,CCGT,PGU Turkestan LLP [100%],,,,,Turkistan,Lenger,GEM-GOGPT,,,,,,,,,,,
CT-3140,Huadian Shijiazhuang Thermal power station,China,CN,38.0621,114.5238,924.0,2019,operating,2,True,,,CCGT,Hebei Huadian Shijiazhuang Thermal Power Co Ltd,671700,Climate TRACE,modelled (Climate TRACE),,Henan Sheng,Taoyuan,Climate TRACE,,,,,,,,,,,
USA0055299,Channel Energy Center LLC,United States of America,USA,29.7189,'-95.2319,923.8,2004,operating,2,True,,,CCGT,Channel Energy Center LLC,2160896,US EPA GHGRP,measured,4176.2,Texas,Galena Park,WRI,3,True,False,False,,55299,65.4,5221,281,0.531,4295.9
USA0001396,Coughlin Power Station,United States of America,USA,30.8439,'-92.2611,922.8,1986,operating,2,False,,,CCGT,Cleco Power LLC,,,,3723.2,Louisiana,Bunkie,WRI,3,True,True,False,,1396,45.4,7515,405,0.479,3871.1
WRI1000190,Bundang,South Korea,KOR,37.3642,127.1482,922.0,1993,operating,2,True,,,CCGT,Korea South East Power (KOSEP),1200010,Climate TRACE,modelled (Climate TRACE),,Gyeonggi-do,Seongnam-si,WRI,,,,,,,,,,,
USA0055503,Waterford Power  LLC,United States of America,USA,39.5333,'-81.7178,921.6,2003,operating,1,False,,,CCGT,Waterford Power  LLC,2063490,US EPA GHGRP,measured,6059.4,Ohio,Beverly,WRI,3,True,True,False,,55503,48.4,7051,380,0.822,6636.1
GOGPT_nasiriyahcombined_iraq,Nasiriyah Combined power station,Iraq,IRQ,31.03712,46.194622,921.0,2028,construction,1,False,,,CCGT,Ministry of Electricity (Iraq),,,,,Dhi Qar,Nasiriyah,GEM-GOGPT,,,,,,,,,,,
CT-3143,Datang Wanning Gas power station,China,CN,18.9132,110.3703,920.0,2021,operating,2,False,,,CCGT,Datang Wanning Natural Gas Power Generation Co Ltd,668790,Climate TRACE,modelled (Climate TRACE),,Hainan,Beida,Climate TRACE,,,,,,,,,,,
CT-3144,Southern Grid Hainan Wenchang Gas power station,China,CN,19.7885,110.7165,920.0,2020,operating,2,False,Dongfang Electric Corporation: M701F,F-class,CCGT,China Southern Power Grid Peak and Frequency Modulation Power Generation Co Ltd,668790,Climate TRACE,modelled (Climate TRACE),,Hainan,Dazhipo,Climate TRACE,,,,,,,,,,,
CT-3145,Yudean Dinghu Gas power station,China,CN,23.1805,112.7289,920.0,2023,operating,2,True,Siemens Energy: SGT5-4000F,F-class,CCGT,Guangdong Yuedian Yongan Natural Gas Thermal Power Co Ltd,668790,Climate TRACE,modelled (Climate TRACE),,Guangdong,Yong'an,Climate TRACE,,,,,,,,,,,
CT-3146,Huadian Qingyuan Economic Cooperation Zone Gas-fired Thermal power station,China,CN,24.3238,113.3974,920.0,2021,operating,2,True,,,CCGT,Huadian International Power CO LTD Qingyuan Branch Co,668790,Climate TRACE,modelled (Climate TRACE),,Guangdong,Yinghong,Climate TRACE,,,,,,,,,,,
GOGPT_dilsenergie_belgiu,Dils Energie power station,Belgium,BEL,51.052854,5.741282,920.0,,,1,False,,,CCGT,RWE AG [100%],,,,,Limburg,Rotem,GEM-GOGPT,,,,,,,,,,,
GOGPT_chinahainansanyadong_china,China Energy Hainan Sanyadong power station,China,CHN,18.43576,109.77118,920.0,,pre-construction,2,False,,,CCGT,State Energy Investment Group Hainan Power Co Ltd [100%],,,,,Hainan,Daoning,GEM-GOGPT,,,,,,,,,,,
GOGPT_datangchaozhou_china,Datang Chaozhou power station,China,CHN,23.587083,117.1261132,920.0,2027,pre-construction,2,True,,,CCGT,Datang International Power Generation Co Ltd Guangdong Branch [70%]; Huaying Nat,,,,,Guangdong,Dacheng Town,GEM-GOGPT,,,,,,,,,,,
GOGPT_datangguangdonghuizhou_china,Datang Guangdong Huizhou Boluo Gas Thermal power station,China,CHN,23.1481527,113.9682752,920.0,2025,operating,2,True,Dongfang Electric Corporation: M701F4,F-class,CCGT,Datang Huizhou Thermal Power Co Ltd [100%],,,,,Guangdong,Yuanzhou Town,GEM-GOGPT,,,,,,,,,,,
GOGPT_guangdonghuizhounewmat_china,Guangdong Huizhou New Material Industrial Park power station,China,CHN,22.903105,114.612131,920.0,2026,construction,2,True,Dongfang Electric Corporation: 9F,other/unspecified,CCGT,Guangdong Yuedian Huixin Thermal Power Co Ltd [100%],,,,,Guangdong,"Baihua Town, Lianfeng Village",GEM-GOGPT,,,,,,,,,,,
GOGPT_guangzhouzengchengwang_china,Guangzhou Zengcheng Wanglong Gas Thermal power station,China,CHN,23.09291,113.564884,920.0,2026,construction,2,False,Mitsubishi Power: M701F4,F-class,CCGT,Guangzhou Development Power Technology Co Ltd [100%],,,,,Guangdong,Xintang Town,GEM-GOGPT,,,,,,,,,,,
GOGPT_guoxinhuaianno2_china,Guoxin Huai'an No.2 Gas Thermal power station,China,CHN,33.376849,119.030217,920.0,2017,operating,2,True,,,CCGT,Jiangsu Guoxin Huaian Second Gas Power Generation Co Ltd [100%],,,,,Jiangsu,Huai'an,GEM-GOGPT,,,,,,,,,,,
GOGPT_hainanqionghai_china,Hainan Qionghai power station,China,CHN,19.35759,110.638461,920.0,,,2,False,,,CCGT,Hainan Energy Storage Power Generation Co Ltd [100%],,,,,Hainan,,GEM-GOGPT,,,,,,,,,,,
GOGPT_hengyunc_china,Hengyun-C power station,China,CHN,23.065526,113.498244,920.0,2023,operating,2,True,Dongfang Electric Corporation: M701F4,F-class,CCGT,Guangzhou Hengyun East Natural Gas Thermal Power Co Ltd [100%],,,,,Guangdong,"East Zone of Guangzhou Development Zone, No. 18 Dongheng Road, Yunpu Street",GEM-GOGPT,,,,,,,,,,,
GOGPT_shandongqingdaolaixiju_china,Shandong Qingdao Laixi Juneng power station,China,CHN,36.899498,120.504987,920.0,,pre-construction,2,True,,,CCGT,Qingdao Juneng Thermal Power Co Ltd [100%],,,,,Shandong,,GEM-GOGPT,,,,,,,,,,,
GOGPT_shantou_china,Shantou Gas Thermal power station,China,CHN,23.41773338,116.7300779,920.0,,construction,2,True,Shanghai Electric: 9F,other/unspecified,CCGT,Shantou Special Economic Zone Gas Turbine Power Plant Co Ltd [100%],,,,,Guangdong,,GEM-GOGPT,,,,,,,,,,,
GOGPT_zhishichenghengyun_china,Zhishicheng Hengyun power station,China,CHN,23.2876636,113.5458459,920.0,,construction,2,True,Shanghai Electric: AE94.3A,other/unspecified,CCGT,Guangzhou Knowledge City Hengyun Thermal Power Co Ltd,,,,,Guangdong,,GEM-GOGPT,,,,,,,,,,,
GOGPT_termopalmero_colomb,Termopalmero power station,Colombia,COL,10.41058,'-75.39721,920.0,2027,announced,1,False,,,CCGT,Termopalmero SAS [100%],,,,,Bolívar,Cartagena,GEM-GOGPT,,,,,,,,,,,
GOGPT_szeged_hungar,Szeged Energy power station,Hungary,HUN,46.25301,20.14143,920.0,,,2,False,,,CCGT,Szeged Energia Zrt [100%],,,,,Csongrad,Szeged,GEM-GOGPT,,,,,,,,,,,
GOGPT_avtozavod_russia,Avtozavod power station,Russia,RUS,56.242864,43.892311,920.0,1965,operating,1,True,,,CCGT,Avtozavodskaya CHP LLC [100%],,,,,Nizhny Novgorod Oblast,Nizhny Novgorod,GEM-GOGPT,,,,,,,,,,,
USA0055187,Channelview Cogeneration Plant,United States of America,USA,29.837,'-95.1217,918.3,2001,operating,1,True,,,CCGT,EIF Channelview Cogeneration LLC,2890021,US EPA GHGRP,measured,5537.0,Texas,Sheldon,WRI,4,True,False,False,,55187,58.9,5791,312,0.694,5584.2
WRI1018580,Termobarranquilla,Colombia,COL,10.9368,'-74.7643,918.0,1980,operating,1,False,,,CCGT,TEBSA,,,,,Atlantico,Soledad,WRI,,,,,,,,,,,
CT-2936,Beijing Energy Sun Palace Gas Thermal power station,China,CN,39.9786,116.4388,916.6,2008,operating,2,True,,,CCGT,Beijing Taiyanggong Gas Thermal Power Co Ltd,1585000,Climate TRACE,modelled (Climate TRACE),,Beijing,Datun,Climate TRACE,,,,,,,,,,,
WRI1023584,Layyah Power Station (LPS),United Arab Emirates,ARE,25.3527,55.3705,911.0,1977,operating,2,True,Mitsubishi Power: M701F,F-class,CCGT,SEWA,5339400,Climate TRACE,modelled (Climate TRACE),,Ash Shariqah,Sharjah,WRI,,,,,,,,,,,
CT-5936,CCC Norte-III power station,United States,US,31.4731,'-106.4714,910.0,2020,operating,2,False,,,CCGT,Abeinsa Juárez N-III SA de CV,1892000,Climate TRACE,modelled (Climate TRACE),,Texas,San Elizario,Climate TRACE,,,,,,,,,,,
GOGPT_dezful_iran,Dezful power station,Iran,IRN,32.400232,48.564516,910.0,,,1,False,,,CCGT,Ghadir Electricity and Energy Investment Company PJSC [100%],,,,,Khuzestan,Dezful,GEM-GOGPT,,,,,,,,,,,
CT-3150,Guangdong Xinhui power station,China,CN,22.2534,113.0667,906.0,2018,operating,2,True,GE Vernova: 9F.05,other/unspecified,CCGT,Guangdong Yudean Xinhui Power Generation Co Ltd,658610,Climate TRACE,modelled (Climate TRACE),,Guangdong,Yamen,Climate TRACE,,,,,,,,,,,
GBR1000073,Langage,United Kingdom,GBR,50.3882,'-4.0118,905.0,2010,operating,1,False,,,CCGT,Centrica,,,,,England,Yealmpton,WRI,,,,,,,,,,,
CT-3166,Datang Shaoxing Jiangbin Thermal power station,China,CN,30.1316,120.6927,904.0,2013,operating,2,True,,,CCGT,Zhejiang Datang International Shaoxing Jiangbin Thermal Power Co Ltd,613600,Climate TRACE,modelled (Climate TRACE),,Zhejiang Sheng,Sunduan,Climate TRACE,,,,,,,,,,,
GOGPT_erzin_trkiye,Erzin power station,Türkiye,,36.9271,36.0534,904.0,2014,operating,1,False,,,CCGT,Akenerji Elektrik Üretim AŞ [100%],,,,,Erzin,Aşağıburnaz,GEM-GOGPT,,,,,,,,,,,
USA0055146,Green Country Energy LLC,United States of America,USA,35.9833,'-95.9346,903.9,2002,operating,3,False,,,CCGT,Green Country OP Services LLC,1510025,US EPA GHGRP,measured,4725.8,Oklahoma,Jenks,WRI,3,True,False,False,,55146,46.0,7411,400,0.401,3172.9
USA0055467,Ouachita,United States of America,USA,32.7061,'-92.0683,903.9,2002,operating,3,False,,,CCGT,Entergy Louisiana LLC,1521068,US EPA GHGRP,measured,3595.5,Louisiana,Sterlington,WRI,3,True,False,False,,55467,44.3,7695,415,0.535,4239.1
USA0055269,TVA Southaven Combined Cycle,United States of America,USA,34.9939,'-90.0378,903.9,2003,operating,3,False,,,CCGT,Tennessee Valley Authority,1681842,US EPA GHGRP,measured,3433.6,Mississippi,Southaven,WRI,3,True,False,False,,55269,49.5,6899,372,0.59,4672.6
WRI1000874,PLTGU Cilegon,Indonesia,IDN,'-5.9306,106.1042,903.0,2007,operating,1,False,,,CCGT,PLN Cilegon Generation Unit,,,,,Banten,Bojonegara,WRI,,,,,,,,,,,
GOGPT_ravenna_italy,Ravenna power station,Italy,ITA,44.448517,12.2374747,903.0,2003,operating,2,True,,,CCGT,Enipower SpA [100%],,,,,Ravenna,Ravenna,GEM-GOGPT,,,,,,,,,,,
USA0055292,Decatur Energy Center,United States of America,USA,34.6292,'-87.0214,902.4,2002,operating,1,False,,,CCGT,Decatur Energy Center LLC,,,,2144.8,Alabama,Decatur,WRI,3,False,False,False,,55292,46.2,7380,398,0.35,2769.5
WRI1070791,Neijiang Baima power station,China,CHN,29.5245,105.0121,900.0,2003,operating,2,False,Dongfang Electric Corporation: M701F4,F-class,CCGT,China Huadian Group Corporation,3838400,Climate TRACE,modelled (Climate TRACE),,Sichuan,Neijiang,WRI,,,,,,,,,,,
WRI1003716,Kaliningradskaya,Russia,RUS,54.6619,20.5908,900.0,2018,operating,4,False,,,CCGT,JSC INTER RAO-Electric Power Generation,,,,,Kaliningrad,Bol'shoe Isakovo,WRI,,,,,,,,,,,
WRI1003806,Severo-Zapadnaya,Russia,RUS,60.016,30.0978,900.0,2000,operating,2,True,,,CCGT,JSC INTER RAO-Electric Power Generation,,,,,St.-Petersburg,Ol'gino,WRI,,,,,,,,,,,
WRI1000212,Ilsan,South Korea,KOR,37.6475,126.7973,900.0,1993,operating,2,True,,,CCGT,Korea East West Power,1182970,Climate TRACE,modelled (Climate TRACE),,Gyeonggi-do,Goyang-si,WRI,,,,,,,,,,,
GBR2000124,Carrington,United Kingdom,GBR,53.4366,'-2.4077,900.0,2016,,1,False,,,CCGT,Electricity Supply Board [100%],,,,,England,Irlam,WRI,,,,,,,,,,,
USA0055293,Morgan Energy Center,United States of America,USA,34.6397,'-87.0639,900.0,2003,operating,1,True,,,CCGT,Morgan Energy Center LLC,,,,3121.3,Alabama,Trinity,WRI,3,True,False,False,,55293,51.3,6653,359,0.638,5032.8
CT-2923,Huadian Tianjin Nanjiang Thermal power station,China,CN,38.9585,117.5761,900.0,2019,operating,1,True,,,CCGT,Tianjin Huadian Nanjiang Thermal Power Co Ltd,1669500,Climate TRACE,modelled (Climate TRACE),,Tianjin Shi,Xincheng,Climate TRACE,,,,,,,,,,,
CT-2985,Zheneng Ningbo Zhenhai Power Center Natural Gas Thermal power station,China,CN,30.0225,121.6611,900.0,2014,operating,2,True,,,CCGT,Zhejiang Zhenhai Zhenneng Gas Thermal Power Co Ltd,1331180,Climate TRACE,modelled (Climate TRACE),,Zhejiang Sheng,Zhaobaoshan,Climate TRACE,,,,,,,,,,,
CT-3085,SPIC Zhoukou Gas power station,China,CN,33.4278,114.9386,900.0,2018,operating,2,True,Shanghai Electric: AE94.3A,other/unspecified,CCGT,SPIC Zhengzhou Gas Power Generation Co Ltd,901530,Climate TRACE,modelled (Climate TRACE),,Henan Sheng,Huaidian,Climate TRACE,,,,,,,,,,,
CT-3094,Luoyang Wanzhong Jili Gas Thermal power station,China,CN,34.9083,112.6248,900.0,2018,operating,2,True,GE Vernova: PG9371FB,other/unspecified,CCGT,LUO YANG Peoples Geely Thermoelectric Co Ltd,847470,Climate TRACE,modelled (Climate TRACE),,Henan Sheng,Shuangqiao,Climate TRACE,,,,,,,,,,,
CT-3151,Chuzhou Natural Gas Peaking power station,China,CN,32.6909,118.8788,900.0,2024,operating,2,False,GE Power: 9F.04,other/unspecified,CCGT,Huaihe Energy Holding Group Co Ltd,654250,Climate TRACE,modelled (Climate TRACE),,Anhui Sheng,Shiliang,Climate TRACE,,,,,,,,,,,
CT-3152,Wanneng Hefei Peaking power station,China,CN,32.3998,117.2455,900.0,2024,operating,2,False,GE Power: 9F.04,other/unspecified,CCGT,Hefei Wanneng Gas Power Generation Co Ltd,654250,Climate TRACE,modelled (Climate TRACE),,Anhui Sheng,Shuihu,Climate TRACE,,,,,,,,,,,
GOGPT_hongchangxinyang_china,Hongchang Xinyang Gas Thermal power station,China,CHN,32.183759,114.489507,900.0,,,2,True,,,CCGT,Henan Hongchang Gas Power Co Ltd [100%],,,,,Henan,Xinyang,GEM-GOGPT,,,,,,,,,,,
GOGPT_wuhupeaking_china,Wuhu Peaking power station,China,CHN,31.213859,118.1101804,900.0,2027,construction,2,False,Shanghai Electric: F,other/unspecified,CCGT,Huaihe Energy Gas Power Generation (Wuhu) Co Ltd,,,,,Anhui,,GEM-GOGPT,,,,,,,,,,,
GOGPT_yongniandistrictguoao_china,Yongnian District Guoao Gas power station,China,CHN,36.74091086,114.5567143,900.0,,pre-construction,2,True,,,CCGT,Guoao Gas Cogeneration Co Ltd,,,,,Hebei,Xisu Town,GEM-GOGPT,,,,,,,,,,,
GOGPT_kattupalli_india,Kattupalli power station,India,IND,13.258618,80.340732,900.0,,announced,2,False,,,CCGT,Chennai Power Generation Ltd [100%],,,,,Tamil Nadu,Kattupalli and Kalanji villages,GEM-GOGPT,,,,,,,,,,,
GOGPT_kaduna_nigeri,Kaduna power station,Nigeria,NGA,10.590591,7.411872,900.0,2034,announced,1,False,,,CCGT,NNPC Ltd [100%],,,,,Kaduna,Kakura,GEM-GOGPT,,,,,,,,,,,
GOGPT_nizhegorodskayachp_russia,Nizhegorodskaya CHP power station,Russia,RUS,56.154712,44.143246,900.0,,,2,True,,,CCGT,Verkhne-Volzhskaya Generating JSC [100%],,,,,Nizhny Novgorod Oblast,Kstovo,GEM-GOGPT,,,,,,,,,,,
GOGPT_hillhouseenterprisezon_united,Hillhouse Enterprise Zone power station,United Kingdom,GBR,53.87371,'-3.02137,900.0,,,1,False,,,CCGT,Wyre Power Ltd [100%],,,,,Lancashire,Thornton,GEM-GOGPT,,,,,,,,,,,
GOGPT_stallingborough_united,Stallingborough power station,United Kingdom,GBR,53.551437,'-0.016808,900.0,2035,pre-construction,1,False,GE Power,other/unspecified,CCGT,RWE Generation UK PLC [100%],,,,,Lincolnshire,Stallingborough,GEM-GOGPT,,,,,,,,,,,
GOGPT_turakurgan_uzbeki,Turakurgan power station,Uzbekistan,UZB,40.997052,71.458276,900.0,2019,operating,2,False,"Mitsubishi Power: M701F4, Mitsubishi Power: MHPS",F-class,CCGT,Thermal Power Stations JSC [100%],,,,,Namangan,Turakurgon,GEM-GOGPT,,,,,,,,,,,
USA0055706,Choctaw County,United States of America,USA,33.2881,'-89.4201,899.0,2003,operating,1,False,,,CCGT,Entergy Mississippi LLC,1950979,US EPA GHGRP,measured,4550.1,Mississippi,Ackerman,WRI,3,True,False,False,,55706,47.6,7168,386,0.435,3425.6
WRI1006409,CT SANTURCE 2,Spain,ESP,43.34,'-3.0539,897.0,1972,operating,1,False,,,CCGT,IBERDROLA GENERACION  S.A.,,,,,Basque Country,Santurtzi,WRI,,,,,,,,,,,
USA0007380,Midulla Generating Station,United States of America,USA,27.6417,'-81.9625,897.0,2003,operating,1,False,,,CCGT,Seminole Electric Cooperative Inc,,,,3749.1,Florida,Bowling Green,WRI,2,False,False,False,,7380,46.0,7417,400,0.503,3757.7
WRI1030741,Phu My 21,Vietnam,VNM,10.6041,107.04,896.0,2003,operating,2,False,,,CCGT,Vietnam Electricity (EVN),,,,,Ba Ria-Vung Tau,Thi Tran Phu My,WRI,,,,,,,,,,,
USA0055089,Taft Cogeneration Facility,United States of America,USA,29.9888,'-90.4599,894.2,2002,operating,1,True,,,CCGT,Occidental Chemical Corporation,1285100,Climate TRACE,modelled (Climate TRACE),5773.8,Louisiana,Montz,WRI,3,True,False,False,,55089,50.7,6734,363,0.728,5698.9
USA0002539,Bethlehem Energy Center,United States of America,USA,42.5942,'-73.7638,893.1,2005,operating,1,False,,,CCGT,PSEG Power New York Inc,2273112,US EPA GHGRP,measured,4544.5,New York,Hampton Manor,WRI,3,True,False,False,,2539,41.3,8261,445,0.545,4262.5
GOGPT_esctiogacounty_united,ESC Tioga County power station,United States,US,41.767213,'-77.03539,893.0,,,1,False,,,CCGT,ESC Tioga County Power [100%],,,,,Pennsylvania,Tioga,GEM-GOGPT,,,,,,,,,,,
WRI1020069,Tobata,Japan,JPN,33.925,130.8468,891.8,2026,operating,4,False,,,CCGT,TOBATA COOP THERMAL POWER CO,2744200,Climate TRACE,modelled (Climate TRACE),,Fukuoka,Kitakyushu,WRI,,,,,,,,,,,
USA0055063,Batesville Generation Facility,United States of America,USA,34.3356,'-89.9275,891.0,2000,operating,3,False,,,CCGT,Cooperative Energy,,,,4134.0,Mississippi,Batesville,WRI,3,True,False,False,,55063,45.1,7559,408,0.522,4072.7
USA0000676,C D McIntosh Jr,United States of America,USA,28.0801,'-81.9229,890.4,1988,operating,1,False,,,CCGT,City of Lakeland - (FL),699121,US EPA GHGRP,measured,3146.8,Florida,Combee Settlement,WRI,1,False,False,False,,676,47.2,7227,390,0.492,2349.9
GOGPT_bilginsamsun_trkiye,Bilgin Samsun gas power station,Türkiye,,41.14543,37.15637,890.0,2013,operating,2,False,,,CCGT,Yapisan Elektrik Üretim AŞ [100%],,,,,Samsun,Tekkeköy,GEM-GOGPT,,,,,,,,,,,
WRI1020248,Matra power station,Hungary,HUN,47.7886,20.066,884.0,1983,operating,1,True,Ansaldo Energia: GT26,F-class,CCGT,Kraftwerk Mátra gAG,,,,,Heves,Abasar,WRI,,,,,,,,,,,
USA0003456,Newman,United States of America,USA,31.9836,'-106.4318,882.0,1983,operating,2,False,,,CCGT,El Paso Electric Co,,,,3162.9,New Mexico,Chaparral,WRI,4,True,True,False,2031,3456,33.2,10289,555,0.394,3047.4
WRI1019290,Maxima,Netherlands,NLD,52.5772,5.53,880.0,2010,operating,2,False,Ansaldo Energia: GT26,F-class,CCGT,Electrabel,,,,,Flevoland,Lelystad,WRI,,,,,,,,,,,
WRI1061829,Nizhnekamsk cogeneration station-1,Russia,RUS,55.6066,51.9404,880.0,1967,operating,1,False,,,CCGT,"OJSC ""TGC-16""",,,,,Tatarstan,Nizhnekamsk,WRI,,,,,,,,,,,
GBR0006165,Spalding,United Kingdom,GBR,52.773,'-0.1441,880.0,2004,operating,1,False,,,CCGT,SPEP,,,,,England,Spalding,WRI,,,,,,,,,,,
CT-6234,Secunda power station,South Africa,ZA,'-26.5633,29.1676,880.0,2011,operating,1,False,,,CCGT,Sasol Synfuels Pty Ltd,2721800,Climate TRACE,modelled (Climate TRACE),,Mpumalanga,Secunda,Climate TRACE,,,,,,,,,,,
GOGPT_gekternakomotini_greece,Gek-Terna Komotini power station,Greece,GRC,41.11813,25.38942,877.0,2025,operating,1,False,Siemens Energy: SGT5-9000HL,H/J-class,CCGT,"GEK TERNA Holdings, Real Estate, Construction SA [50%]; Motor Oil Hellas SA [50%",,,,,East Macedonia and Thrace,Komotini,GEM-GOGPT,,,,,,,,,,,
USA0000404,Scattergood,United States of America,USA,33.9182,'-118.4276,876.0,1994,operating,1,False,,,CCGT,Los Angeles Department of Water & Power,569763,US EPA GHGRP,measured,1240.3,California,El Segundo,WRI,1,False,False,False,,404,44.9,7603,402,0.246,1888.1
GOGPT_tavri_ukrain,Tavri power station,Ukraine,UKR,44.942652,34.223752,875.2,2018,operating,2,False,Rostec United Engine Corporation,other/unspecified,CCGT,Technopromexport [100%],,,,,Crimea,Simferopol,GEM-GOGPT,,,,,,,,,,,
CAN0002050,Goreway,Canada,CAN,43.7465,'-79.6799,875.0,2009,operating,1,False,,,CCGT,Goreway Station Partnership,,,,,Ontario,Brampton,WRI,,,,,,,,,,,
WRI1005935,Lippendorf power station,Germany,DEU,51.1821,12.3733,875.0,2000,operating,1,True,,,CCGT,Vattenfall Europe Generation AG,6276700,Climate TRACE,modelled (Climate TRACE),11912.4,Saxony,Bohlen,WRI,,,,,,,,,,,
WRI1008688,Shuiba North,Kuwait,KWT,29.0359,48.1536,875.0,2009,operating,1,True,,,CCGT,Ministry of Electricity and Water and Renewable Energy (Kuwait) [100%],,,,,Al Ahmadi,Al Fahahil,WRI,,,,,,,,,,,
GOGPT_awirs_belgiu,Awirs power station,Belgium,BEL,50.5851,5.418,875.0,2025,operating,1,False,"Siemens Energy: SGT5-9000HL, Siemens Energy: SST5-5000",H/J-class,CCGT,Electrabel NV/SA [100%],,,,,Leige,Quai du Halage,GEM-GOGPT,,,,,,,,,,,
CHL0000117,NEHUENCO,Chile,CHL,'-32.9366,'-71.3231,874.7,1999,operating,2,False,,,CCGT,COLBUN S.A.,,,,,Valparaiso,Quillota,WRI,,,,,,,,,,,
GOGPT_tierramojada_mexico,Tierra Mojada power station,Mexico,MEX,20.551877,'-103.07476,874.0,2020,operating,1,False,GE Power: 7HA.02,H/J-class,CCGT,Saavi Energia [100%],,,,,Jalisco,Zapotlanejo,GEM-GOGPT,,,,,,,,,,,
CAN0002086,Shepard,Canada,CAN,50.9713,'-113.8858,873.0,2015,operating,1,False,,,CCGT,Enmax,,,,,Alberta,Chestermere,WRI,,,,,,,,,,,
ARG0000158,DOCK SUD,Argentina,ARG,'-34.6533,'-58.342,872.3,1999,operating,1,False,,,CCGT,CT DOCK SUD SA,,,,,Buenos Aires,Avellaneda,WRI,,,,,,,,,,,
USA0055317,Fore River Generating Station,United States of America,USA,42.2422,'-70.9661,872.2,2003,operating,1,False,,,CCGT,Calpine Fore River Energy Center  LLC,886337,US EPA GHGRP,measured,4403.2,Massachusetts,Weymouth,WRI,2,True,False,False,,55317,45.7,7471,415,0.445,3396.2
WRI1029816,Changxing - Zheneng Gas,China,CHN,30.98,119.92,870.0,2006,operating,2,True,,,CCGT,Zhejiang Zheneng Changxing Natural Gas Thermal Power Co Ltd,4689000,Climate TRACE,modelled (Climate TRACE),,Zhejiang Sheng,Zhicheng,WRI,,,,,,,,,,,
WRI1019287,Sloe,Netherlands,NLD,51.4482,3.6928,870.0,2010,operating,2,False,,,CCGT,EDF/DELTA,794140,Climate TRACE,modelled (Climate TRACE),2385.6,Zeeland,Borssele,WRI,,,,,,,,,,,
USA0058420,Panda Liberty Generation Plant,United States of America,USA,41.7675,'-76.39,870.0,2016,operating,2,False,,,CCGT,Panda Liberty O&M LLC,,,,4779.7,Pennsylvania,Towanda,WRI,,True,False,False,,58420,50.1,6804,367,0.793,6042.7
USA0058426,Panda Patriot Generation Plant,United States of America,USA,41.1808,'-76.8392,870.0,2016,operating,2,False,,,CCGT,Panda Patriot O&M LLC,,,,3970.6,Pennsylvania,Montgomery,WRI,,True,False,False,,58426,51.7,6606,356,0.838,6387.0
GOGPT_aesparana_argent,AES Paraná power station,Argentina,ARG,'-33.354957,'-60.171573,870.0,2001,operating,1,False,,,CCGT,AES Argentina Generación SA [100%],,,,,Buenos Aires,San Nicolás de los Arroyos,GEM-GOGPT,,,,,,,,,,,
GOGPT_manageseneffe_belgiu,Manage Seneffe power station,Belgium,BEL,50.509809,4.253731,870.0,,,1,False,,,CCGT,Eneco NV [100%],,,,,Hainaut,Manage,GEM-GOGPT,,,,,,,,,,,
GOGPT_lericavourtrino_italy,Leri Cavour Trino power station,Italy,ITA,45.194326,8.297322,870.0,,,1,False,,,CCGT,Enel SpA [100%],,,,,Vercelli,Trino,GEM-GOGPT,,,,,,,,,,,
GOGPT_cogeneracionminatitlan_mexico,Cogeneración Minatitlán power station,Mexico,MEX,17.985884,'-94.534109,870.0,,,1,True,,,CCGT,Pemex-Transformación Industrial SA de CV [50%]; Comisión Federal de Electricidad,,,,,Veracruz,Minatitlán,GEM-GOGPT,,,,,,,,,,,
GOGPT_aliaga_trkiye,Aliaga Energy power station,Türkiye,,38.742202,26.943086,870.0,2018,operating,1,False,,,CCGT,Habas Industrial and Medical Gases Production Industries AŞ [100%],,,,,İzmir,Bozköy,GEM-GOGPT,,,,,,,,,,,
BRA0001544,Norte Fluminense,Brazil,BRA,'-22.2988,'-41.873,868.9,2004,announced,3,False,,,CCGT,Usina Termeletrica Norte Fluminense SA,1264621,Climate TRACE,modelled (Climate TRACE),,Rio de Janeiro,Macae,WRI,,,,,,,,,,,
GEODB0045552,Vasilikos Power Plant Cyprus,Cyprus,CYP,34.7286,33.29,868.0,2026,operating,2,True,Siemens Energy: SGT-800,E/legacy-class,CCGT,Powerenergy Cyprus Ltd [100%],,,,,Limassol,Pyrgos,WRI,,,,,,,,,,,
GOGPT_manuelbelgranoi_argent,Manuel Belgrano I power station,Argentina,ARG,'-34.1845,'-59.006,868.0,2010,operating,1,False,"Siemens Energy: SGT5-4000F, Siemens Energy: SGT5-4000F, Siemens Energy: SST-5000",F-class,CCGT,Energía Argentina SA [65%]; Central Puerto SA [10%]; unknown [12%]; Pampa Energi,,,,,Buenos Aires,Campana,GEM-GOGPT,,,,,,,,,,,
WRI1007821,PUERTO DE BARCELONA  GRUPO 2,Spain,ESP,41.3366,2.1594,866.3,2010,operating,2,False,,,CCGT,GAS NATURAL FENOSA GENERACION  S.L.U.,335419,Climate TRACE,modelled (Climate TRACE),1720.2,Catalonia,Sants-Montjuic,WRI,,,,,,,,,,,
GOGPT_elcarmennuevoleon_mexico,El Carmen Nuevo Leon power station,Mexico,MEX,25.869982,'-100.358834,866.0,2019,operating,1,False,,,CCGT,Iberdrola México SA de CV [100%],,,,,Nuevo León,El Carmen,GEM-GOGPT,,,,,,,,,,,
ARG0000307,CENTRAL TERMOELECTRICA TIMBUES,Argentina,ARG,'-32.5778,'-60.791,865.1,2008,operating,1,True,,,CCGT,CENTRAL TERMOELECTRICA JOSE DE SAN MARTIN (TSM),,,,,Santa Fe,San Lorenzo,WRI,,,,,,,,,,,
GOGPT_gebzeyeni_trkiye,Gebze Yeni power station,Türkiye,,40.81655,29.57319,865.0,2013,operating,1,False,Ansaldo Energia: AE94.3.A4,other/unspecified,CCGT,Yeni Elektrik Üretim AŞ [100%],,,,,Kocaeli,Dilovası,GEM-GOGPT,,,,,,,,,,,
WRI1020247,Tiszai Erőmű,Hungary,HUN,47.9178,21.0784,864.0,2026,pre-construction,2,False,,,CCGT,MVM GTER Gazturbinás Eromu Zrt [100%],,,,,Borsod-Abauj-Zemplen,Tiszaujvaros,WRI,,,,,,,,,,,
GOGPT_jababekaindustrialesta_indone,Jababeka Industrial Estate power station,Indonesia,IDN,'-6.290774,107.120446,864.0,1993,operating,1,False,,,CCGT,PT Cikarang Listrindo Tbk [100%],,,,,West Java,Cikarang Utara,GEM-GOGPT,,,,,,,,,,,
WRI1022437,Riga Tec 2,Latvia,LVA,56.918,24.2766,863.0,2009,operating,2,True,,,CCGT,Latvenergo AS [100%],,,,811.6,Stopini,Ulbroka,WRI,,,,,,,,,,,
WRI1008730,ESWPC (Fuj F1),United Arab Emirates,ARE,25.3142,56.3728,861.0,2004,operating,1,True,"Mitsubishi Power: M701JAC, Mitsubishi Power: M701JAC, Mitsubishi Power: M701JAC",H/J-class,CCGT,Emirates SembCorp Water & Power Company  ADWEA & SembCorp Gulf Holding Co Ltd,,,,,Ash Shariqah,Khawr Fakkan,WRI,,,,,,,,,,,
USA0055470,Green Power 2,United States of America,USA,29.3781,'-94.9328,861.0,2005,operating,1,True,,,CCGT,South Houston Green Power LLC,731770,Climate TRACE,modelled (Climate TRACE),4010.6,Texas,Texas City,WRI,3,True,False,False,,55470,61.9,5514,297,0.502,3786.8
WRI1070293,Zhejiang Zhenhai power station,China,CHN,29.9445,121.6881,860.0,1988,operating,2,True,"Harbin Electric General Gas Turbine (Qinhuangdao) Co., Ltd.: 9F.04",other/unspecified,CCGT,Zhejiang Zheneng Electric Power Co Ltd,,,,,Zhejiang Sheng,Zhaobaoshan,WRI,,,,,,,,,,,
CT-3161,Shanxi International Electricity Group Taiyuan Jiajie Gas Thermal power station,China,CN,37.757,112.5458,860.0,2014,operating,3,True,,,CCGT,Shanxi International Power Group Co Ltd,625170,Climate TRACE,modelled (Climate TRACE),,Shanxi Sheng,Xiaodian,Climate TRACE,,,,,,,,,,,
GOGPT_jilinsonghuajiang_china,Jilin Songhuajiang power station,China,CHN,43.9228042,126.5074128,860.0,,pre-construction,2,False,,,CCGT,Jilin Songhuajiang Thermal Power Co Ltd [100%],,,,,Jilin,,GEM-GOGPT,,,,,,,,,,,
WRI1006410,CTCC AS PONTES  GRUPO 5,Spain,ESP,43.4451,'-7.8621,855.7,2008,operating,1,False,,,CCGT,ENDESA GENERACION S.A.,,,,1472.9,Galicia,As Pontes de Garcia Rodriguez,WRI,,,,,,,,,,,
WRI1029236,Meghnaghat CCPP,Bangladesh,BGD,23.6112,90.6007,855.0,2002,operating,1,False,GE Power: 9HA.01,H/J-class,CCGT,Summit Corporation Limited,,,,,Dhaka,Narayanganj,WRI,,,,,,,,,,,
GOGPT_maek3_kazakh,MAEK 3 power station,Kazakhstan,KAZ,43.597002,51.289326,855.0,1983,operating,1,False,,,CCGT,MAEK LLP [100%],,,,,Mangistau,Aktau,GEM-GOGPT,,,,,,,,,,,
GOGPT_alfulah_sudan,Al-Fulah power station,Sudan,SDN,11.712995,28.328845,855.0,,pre-construction,1,False,,,CCGT,Sudanese Thermal Power Generating Company Ltd [100%],,,,,West Kordofan,Al-Fulah,GEM-GOGPT,,,,,,,,,,,
WRI1006418,CTCC SOTO DE RIBERA  GRUPO 5,Spain,ESP,43.3161,'-5.8777,854.2,2011,operating,2,False,,,CCGT,HIDROELECTRICA DEL CANTABRICO  S.A.,794010,Climate TRACE,modelled (Climate TRACE),113.0,Asturias,Castandiello,WRI,,,,,,,,,,,
GOGPT_icanadolu_trkiye,İç Anadolu power station,Türkiye,,39.7575,33.448,853.0,2016,operating,1,False,,,CCGT,Gama Enerji AŞ [100%],,,,,Kırıkkale,Doğanay,GEM-GOGPT,,,,,,,,,,,
USA0055518,High Desert Power Plant,United States of America,USA,34.5953,'-117.3647,852.0,2003,operating,1,False,,,CCGT,MRP Generation Holdings  LLC,1585414,US EPA GHGRP,measured,3337.4,California,Adelanto,WRI,3,True,False,False,,55518,45.5,7501,404,0.543,4052.4
USA0058697,L V Sutton Combined Cycle,United States of America,USA,34.2831,'-77.9853,851.0,2013,operating,1,False,,,CCGT,Duke Energy Progress - (NC),,,,4620.5,North Carolina,Navassa,WRI,2,True,True,False,,58697,,,,,
USA0055694,Quantum Choctaw Power LLC,United States of America,USA,33.3792,'-89.2089,850.5,2006,operating,1,False,,,CCGT,Tennessee Valley Authority,,,,3036.7,Mississippi,Ackerman,WRI,2,True,False,False,,55694,45.0,7586,409,0.53,3949.2
GBR1000313,Severn Power,United Kingdom,GBR,51.5475,'-2.975,850.0,2010,operating,2,False,,,CCGT,MPF Operations Limited,,,,,Wales,Nash,WRI,,,,,,,,,,,
CT-2928,Huadian Kunshan Thermal power plant,China,CN,31.3469,121.0576,850.0,2017,operating,2,True,GE Power: 9F.05,other/unspecified,CCGT,Jiangsu Huadian Kunshan Thermal Power Co Ltd,1633300,Climate TRACE,modelled (Climate TRACE),,Jiangsu Sheng,Lujia,Climate TRACE,,,,,,,,,,,
CT-3044,Wuxi West Zone Gas Thermal power station,China,CN,31.6345,120.2327,850.0,2016,operating,2,True,Siemens Energy: SGT5-4000F,F-class,CCGT,Wuxi Western Gas Thermoelectric Co Ltd,1024050,Climate TRACE,modelled (Climate TRACE),,Jiangsu Sheng,Qianqiao,Climate TRACE,,,,,,,,,,,
GOGPT_voerde_german,Voerde power station,Germany,DEU,51.579097,6.68588,850.0,2030,announced,1,False,,,CCGT,RWE AG,,,,,North Rhine-Westphalia,Voerde,GEM-GOGPT,,,,,,,,,,,
GOGPT_kirklareli_trkiye,Kirklareli power station,Türkiye,,41.7565,27.214,850.0,2026,construction,1,False,"GE Power: 9HA.02, GE Power: STF-D650",H/J-class,CCGT,ENKA Elektrik Üretim AŞ [100%],,,,,Marmara,Kirklareli,GEM-GOGPT,,,,,,,,,,,
WRI1022449,Yeongwol,South Korea,KOR,37.163,128.4924,848.0,2010,operating,1,False,,,CCGT,Korea Southern Power,1317520,Climate TRACE,modelled (Climate TRACE),,Gangwon-do,Neietsu,WRI,,,,,,,,,,,
CT-5231,Kawasaki Natural Gas power station,Japan,JP,35.4988,139.7251,847.4,2008,operating,2,False,,,CCGT,Kawasaki Natural Gas Power Generation Co Ltd,1124450,Climate TRACE,modelled (Climate TRACE),,Kanagawa,Kawasaki,Climate TRACE,,,,,,,,,,,
GOGPT_gilabend_united,Gila Bend power generation station,United States,US,32.985977,'-112.811,845.0,,announced,1,False,,,CCGT,Gila Bend Power Partners LLC [100%],,,,,Arizona,Gila Bend,GEM-GOGPT,,,,,,,,,,,
GOGPT_escbrookecountyi_united,ESC Brooke County power I station,United States,US,40.34045,'-80.52596,842.0,,,1,False,,,CCGT,ESC Brooke County Power I [100%],,,,,West Virginia,Follansbee,GEM-GOGPT,,,,,,,,,,,
USA0056047,CPV Towantic Energy Center,United States of America,USA,41.4812,'-73.1231,841.5,2018,operating,1,False,,,CCGT,CPV Towantic  LLC,,,,3867.8,Connecticut,Middlebury,WRI,2,True,False,False,,56047,51.3,6657,349,0.672,4953.1
WRI1020249,Dunamenti Erőmű,Hungary,HUN,47.3283,18.9169,840.7,1994,operating,2,True,Siemens Energy,other/unspecified,CCGT,MOL-CEZ European Power Hungary Kft [100%],,,,2342.4,Pest,Szazhalombatta,WRI,,,,,,,,,,,
WRI1008371,Dorad,Israel,ISR,31.6358,34.5309,840.0,2014,operating,2,False,,,CCGT,Dorad Energy Limited,,,,,Southern District,Ashqelon,WRI,,,,,,,,,,,
WRI1002890,GISSI,Italy,ITA,42.0502,14.5639,840.0,2004,operating,2,False,,,CCGT,A2A,,,,1121.1,Abruzzo,Gissi,WRI,,,,,,,,,,,
USA0057037,Ratcliffe,United States of America,USA,32.6547,'-88.7622,840.0,2014,operating,1,False,,,CCGT,Mississippi Power Co,1385980,Climate TRACE,modelled (Climate TRACE),4610.1,Mississippi,De Kalb,WRI,2,True,False,False,,57037,49.0,6962,375,0.574,4226.2
CT-2929,Beijing Energy Gao'antun Gas Thermal power station,China,CN,39.9545,116.6184,840.0,2014,operating,1,True,,,CCGT,Beijing Jingneng Gaoantun Gas Thermal Power Co Ltd,1626000,Climate TRACE,modelled (Climate TRACE),,Beijing,Beiyuan,Climate TRACE,,,,,,,,,,,
GOGPT_manzanillo_domini,Manzanillo Energy power station,Dominican Republic,DOM,19.6952879,'-71.7378236,840.0,2027,construction,2,False,Siemens Energy: SGT6-PAC 8000H,other/unspecified,CCGT,Lindsayca Inc; Coastal Petroleum Dominicana SA; Manzanillo Energy SAS,,,,,Montecristi,Manzanillo,GEM-GOGPT,,,,,,,,,,,
GOGPT_alexandroupolisindustr_greece,Alexandroupolis Industrial Area power station,Greece,GRC,40.84917,25.8578,840.0,2026,construction,1,False,GE Power: 9HA.02,H/J-class,CCGT,Alexandroupolis Electricity Production SA [100%],,,,,Evros,Alexandroupoli,GEM-GOGPT,,,,,,,,,,,
GOGPT_sanjuanpr_puerto,San Juan (PR) power station,Puerto Rico,,18.427737,'-66.104997,840.0,1965,operating,2,False,,,CCGT,Puerto Rico Electric Power Authority [100%],,,,,Puerto Rico,Gobernador Piñero,GEM-GOGPT,,,,,,,,,,,
CT-14,Trianel Hamm power station,Germany,DE,51.6739,7.9291,838.0,2008,operating,2,False,Siemens Energy,other/unspecified,CCGT,Trianel Gaskraftwerk Hamm GmbH & Co KG,526191,Climate TRACE,modelled (Climate TRACE),,North Rhine-Westphalia,Welver,Climate TRACE,,,,,,,,,,,
CT-2949,Beijing Energy Caoqiao Gas Thermal power station,China,CN,39.8339,116.3515,838.0,2013,operating,1,True,,,CCGT,Beijing Jingqiao Thermal Power Co Ltd,1509500,Climate TRACE,modelled (Climate TRACE),,Beijing,Huaxiang,Climate TRACE,,,,,,,,,,,
GOGPT_nasrieh_syria,Nasrieh Gas power plant,Syria,,33.801408,36.682851,837.5,2007,operating,1,False,"Siemens Energy: 701DU, Siemens Energy: 701DU, Siemens Energy: 701DU",other/unspecified,CCGT,Public Establishment of Electricity Generation [100%],,,,,Rif-Dimashq,Jayrud,GEM-GOGPT,,,,,,,,,,,
WRI1023230,Pego C.C.,Portugal,PRT,39.4689,'-8.1113,837.0,2011,operating,2,False,Siemens Energy: SGT5-4000F,F-class,CCGT,ElecGas SA [100%],,,,3642.7,Santarem,Alferrarede,WRI,,,,,,,,,,,
WRI1061491,Tzafit (Dalia),Israel,ISR,31.7148,34.8422,835.0,2015,operating,2,False,,,CCGT,Dalia Power Energies,,,,,Central District,Bene 'Ayish,WRI,,,,,,,,,,,
WRI1029881,Ansan Project,South Korea,KOR,37.2952,126.7788,834.0,2014,operating,1,True,,,CCGT,POSCO,1947500,Climate TRACE,modelled (Climate TRACE),,Gyeonggi-do,Ansan-si,WRI,,,,,,,,,,,
USA0059773,Carroll County Energy,United States of America,USA,40.6044,'-81.0592,832.3,2018,operating,1,False,,,CCGT,Carroll County Energy LLC,2192382,US EPA GHGRP,measured,5201.8,Ohio,Carrollton,WRI,2,True,False,False,,59773,46.4,7348,396,0.731,5330.5
USA0060302,Keys Energy Center,United States of America,USA,38.6955,'-76.8278,830.6,2018,,1,False,,,CCGT,PSEG Keys Energy Center  LLC,,,,4658.5,Maryland,Brandywine,WRI,2,True,True,False,,60302,46.8,7288,393,0.63,4581.9
WRI1029897,Oseong,South Korea,KOR,37.0254,127.0027,830.0,2013,operating,1,True,,,CCGT,SK Holdings,1056270,Climate TRACE,modelled (Climate TRACE),,Gyeonggi-do,Osan,WRI,,,,,,,,,,,
CT-3168,Shennan Power Dongguan Gaobu Natural Gas power station,China,CN,23.1267,113.7554,830.0,2006,operating,4,True,GE Vernova: PG9171E,other/unspecified,CCGT,Dongguan Shenran Natural Gas Thermal Power Co Ltd,603380,Climate TRACE,modelled (Climate TRACE),,Guangdong,Shijie,Climate TRACE,,,,,,,,,,,
IND0000089,DADRI GT,India,IND,28.5932,77.6101,829.8,1992,operating,1,False,,,CCGT,NTPC Ltd [100%],,,,1605.0,Uttar Pradesh,Dadri,WRI,,,,,,,,,,,
WRI1029817,Chongming Gas,China,CHN,31.59,121.47,828.0,2018,operating,2,False,Siemens Energy: SGT5-4000F,F-class,CCGT,Shanghai Shenergy Chongming Power Generation Co Ltd,616730,Climate TRACE,modelled (Climate TRACE),,Shanghai Shi,Luojing,WRI,,,,,,,,,,,
WRI1000246,Connought Bridge,Malaysia,MYS,3.0433,101.4696,828.0,2016,operating,1,False,,,CCGT,TNB Connaught Bridge Sdn Bhd [100%],,,,,Selangor,Klang,WRI,,,,,,,,,,,
WRI1002724,EMILE HUCHET,France,FRA,49.1526,6.7018,826.0,2010,operating,2,False,,,CCGT,Energetický a průmyslový holding AS,392890,Climate TRACE,modelled (Climate TRACE),4202.2,Lorraine,Carling,WRI,,,,,,,,,,,
WRI1002865,CENTRALE DI SCANDALE,Italy,ITA,39.1022,17.0325,826.0,2010,operating,2,False,,,CCGT,Ergosud,1089150,Climate TRACE,modelled (Climate TRACE),619.0,Calabria,Papanice,WRI,,,,,,,,,,,
WRI1023231,Lares,Portugal,PRT,40.1245,'-8.775,826.0,2009,operating,2,False,,,CCGT,EDP SA [100%],,,,3397.0,Coimbra,Lavos,WRI,,,,,,,,,,,
CT-6430,Yanbu 2 power plant,Saudi Arabia,SA,23.9032,38.3252,825.0,1982,operating,3,False,Doosan Enerbility Co.,other/unspecified,CCGT,Power and Water Utility Company for Jubail and Yanbu SJSC,3106700,Climate TRACE,modelled (Climate TRACE),,Al Madinah al Munawwarah,Yanbu` al Bahr,Climate TRACE,,,,,,,,,,,
GOGPT_salaata_lebano,Salaata IPP power plant,Lebanon,LBN,34.279125,35.659056,825.0,,,1,False,,,CCGT,Electricity Of Lebanon [100%],,,,,North,Selaata,GEM-GOGPT,,,,,,,,,,,
USA0055620,Perryville Power Station,United States of America,USA,32.6908,'-92.0183,824.1,2001,operating,1,False,,,CCGT,Entergy Louisiana LLC,,,,2795.5,Louisiana,Sterlington,WRI,2,True,False,False,,55620,47.7,7154,386,0.377,2724.3
WRI1005681,Franken 1,Germany,DEU,49.4208,11.0077,823.0,1973,operating,2,False,,,CCGT,E.ON Kraftwerke GmbH,,,,434.3,Bavaria,Stein,WRI,,,,,,,,,,,
USA0055411,Hillabee Energy Center,United States of America,USA,33.0007,'-85.9033,822.8,2010,operating,1,False,Siemens Energy: SGT6-6000G,other/unspecified,CCGT,CER Generation LLC,,,,5035.2,Alabama,Alexander City,WRI,2,True,False,False,,55411,48.9,6977,376,0.71,5116.8
USA0055320,Wise County Power LLC,United States of America,USA,33.0583,'-97.9103,821.7,2004,operating,1,False,,,CCGT,Wise County Power Company LLC,1279095,US EPA GHGRP,measured,2841.1,Texas,Runaway Bay,WRI,2,True,True,False,,55320,47.2,7232,390,0.403,2902.8
USA0055239,Red Oak Power LLC,United States of America,USA,40.4487,'-74.3489,821.1,2002,operating,1,False,,,CCGT,Red Oak Operating Services LLC,,,,5092.1,New Jersey,Sayreville,WRI,3,False,False,False,,55239,47.3,7211,389,0.436,3137.7
WRI1008113,Abadan C.C.,Iran,IRN,30.402,48.358,820.0,2002,operating,1,False,"GE Power: GT- 9001E, GE Power: PG9161-E",other/unspecified,CCGT,Abadan Power Generation Company PJSC [100%],,,,,Khuzestan,Abadan,WRI,,,,,,,,,,,
GOGPT_rauzan_bangla,Rauzan power station,Bangladesh,BGD,22.402074,91.939432,820.0,1993,operating,1,False,,,CCGT,Bangladesh Power Development Board [100%],,,,,Chittagong,Pahatarli,GEM-GOGPT,,,,,,,,,,,
GOGPT_enkaadapazar_trkiye,Enka Adapazarı power station,Türkiye,,40.866,30.3873,820.0,2002,operating,1,False,,,CCGT,ENKA Elektrik Üretim AŞ [100%],,,,,Adapazarı,Taşkısığı,GEM-GOGPT,,,,,,,,,,,
WRI1006416,CTCC PLANA DEL VENT 2,Spain,ESP,40.9596,0.8692,819.0,2007,operating,2,False,,,CCGT,ALPIQ ENERGIA ESPANA  S.A.U.,771680,Climate TRACE,modelled (Climate TRACE),876.4,Catalonia,l'Ametlla de Mar,WRI,,,,,,,,,,,
GBR2000518,Sutton Bridge,United Kingdom,GBR,52.7579,0.1923,819.0,1999,operating,1,False,,,CCGT,Calon Energy [100%],,,,,England,Sutton Bridge,WRI,,,,,,,,,,,
USA0055853,Inland Empire Energy Center,United States of America,USA,33.7388,'-117.1704,819.0,2009,,2,False,,,CCGT,Inland Empire Energy Ctr LLC,,,,33.1,California,Romoland,WRI,,,,,,,,,,,
WRI1000871,PLTGU Belawan – Sicanang,Indonesia,IDN,3.7715,98.6687,817.0,2014,,3,False,,,CCGT,PLN / KITSUMBAGUT,,,,,North Sumatra,Belawan,WRI,,,,,,,,,,,
GOGPT_ambarlb_trkiye,Ambarlı B power station,Türkiye,,40.9793,28.6994,816.0,2013,operating,1,False,,,CCGT,Elektrik Uretim AŞ [100%],,,,,Istanbul,Yakuplu,GEM-GOGPT,,,,,,,,,,,
CT-549,"Potomac Energy Center, LLC",United States,US,39.0578,'-77.5426,812.0,2017,operating,1,False,Siemens Energy: SGT6-5000F,F-class,CCGT,Potomac Energy Center LLC,1570960,Climate TRACE,modelled (Climate TRACE),,Virginia,Belmont,Climate TRACE,,,,,,,,,,,
GBR1000212,Rocksavage,United Kingdom,GBR,53.3147,'-2.7232,810.0,1998,operating,1,False,,,CCGT,Intergen,,,,,England,Frodsham,WRI,,,,,,,,,,,
GOGPT_manuelbelgranoii_argent,Manuel Belgrano II power station,Argentina,ARG,'-34.184147,'-59.006496,810.0,,,2,False,Siemens Energy: SGT5-4000PAC,other/unspecified,CCGT,Energía Argentina SA [65%]; Central Puerto SA [10%]; unknown [12%]; Pampa Energi,,,,,Buenos Aires,Campana,GEM-GOGPT,,,,,,,,,,,
WRI1002845,ALTOMONTE,Italy,ITA,39.7118,16.215,808.0,2006,operating,1,False,,,CCGT,Edison,,,,3980.5,Calabria,Firmo,WRI,,,,,,,,,,,
GOGPT_bergum_nether,Bergum power station,Netherlands,NLD,53.20975,6.02959,808.0,2019,operating,2,False,,,CCGT,Engie Energie Nederland NV [100%],,,,,Friesland,Bergum,GEM-GOGPT,,,,,,,,,,,
USA0056671,Longview Power Plant,United States of America,USA,39.7079,'-79.959,807.5,2012,pre-construction,1,False,,,CCGT,Longview Power  LLC,3499945,US EPA GHGRP,measured,5264.7,West Virginia,Star City,WRI,,,,,,,,,,,
USA0055172,Bosque County Peaking,United States of America,USA,31.8594,'-97.3586,807.0,2003,operating,2,False,,,CCGT,Calpine Bosque Energy Center LLC,1835223,US EPA GHGRP,measured,4256.9,Texas,Laguna Park,WRI,3,True,True,False,,55172,48.7,7008,378,0.658,4651.2
USA0001363,Cane Run,United States of America,USA,38.1831,'-85.8892,807.0,2015,operating,1,False,,,CCGT,Louisville Gas & Electric Co,,,,5163.4,Kentucky,Saint Dennis,WRI,2,False,False,False,,1363,49.0,6960,375,0.625,4414.8
WRI1002918,PIACENZA,Italy,ITA,45.0543,9.7086,806.0,2006,operating,1,True,,,CCGT,Edipower,,,,1702.6,Emilia-Romagna,Piacenza,WRI,,,,,,,,,,,
GBR1000465,Damhead Creek,United Kingdom,GBR,51.4249,0.6014,805.0,2000,operating,1,False,,,CCGT,Scottish Power: Thermal,,,,,England,Stoke,WRI,,,,,,,,,,,
GOGPT_livornoferraris_italy,Livorno Ferraris power station,Italy,ITA,45.281729,8.084918,805.0,2008,operating,1,False,,,CCGT,EP Produzione Centrale Livorno Ferraris SpA [100%],,,,,Vercelli,Livorno Ferraris,GEM-GOGPT,,,,,,,,,,,
CT-585,Rayburn Energy Station LLC,United States,US,33.5774,'-96.6154,803.2,2014,operating,1,False,,,CCGT,Rayburn Energy Station LLC,1260310,Climate TRACE,modelled (Climate TRACE),,Texas,Sherman,Climate TRACE,,,,,,,,,,,
WRI1007956,TARRAGONA,Spain,ESP,41.1081,1.1912,802.8,2004,operating,1,True,,,CCGT,TARRAGONA POWER  S.L.,,,,544.1,Catalonia,La Pineda,WRI,,,,,,,,,,,
USA0055123,Magic Valley Generating Station,United States of America,USA,26.3403,'-98.19,801.0,2002,operating,1,False,,,CCGT,Calpine Corp-Magic Valley,,,,2850.0,Texas,Edinburg,WRI,2,True,False,False,,55123,47.2,7230,390,0.345,2422.8
WRI1061047,Xiaoshan,China,CHN,30.05,120.23,800.0,2008,operating,3,True,,,CCGT,Zhejiang Southeast Electric Power Co.  Ltd,595220,Climate TRACE,modelled (Climate TRACE),,Zhejiang Sheng,Linpu,WRI,,,,,,,,,,,
WRI1019164,Detmarovice power station,Czech Republic,CZE,49.9072,18.4646,800.0,1976,construction,1,True,,,CCGT,CEZ Group,,,,1637.0,Czech Republic,Detmarovice,WRI,,,,,,,,,,,
WRI1002956,SORGENIA PUGLIA CENTRALE DI MODUGNO,Italy,ITA,41.1025,16.756,800.0,2010,operating,1,False,,,CCGT,Sorgenia,,,,2761.2,Apulia,Modugno,WRI,,,,,,,,,,,
GEODB0045352,Jurong Island - PLP CCGT Power Plant Singapore,Singapore,SGP,1.2843,103.725,800.0,2029,operating,2,True,,,CCGT,PacificLight Power Pte Ltd [100%],,,,,Singapore,Singapore,WRI,,,,,,,,,,,
WRI1000377,Nanpu (NG),Taiwan,TWN,22.601,120.2995,800.0,1995,operating,4,False,,,CCGT,China Steel Corp [100%],,,,,Kaohsiung,Kaohsiung,WRI,,,,,,,,,,,
GBR1000211,Coryton,United Kingdom,GBR,51.5119,0.5079,800.0,2002,,2,False,,,CCGT,Intergen,,,,,England,Cliffe,WRI,,,,,,,,,,,
WRI1000142,Talimardjan,Uzbekistan,UZB,38.4809,65.6315,800.0,2014,operating,1,False,,,CCGT,Uzbekenergo,,,,,Qashqadaryo,Yangi-Nishon Shahri,WRI,,,,,,,,,,,
CT-2956,Datang Gaoyao Jintao Gas Thermal power station,China,CN,23.1335,112.7784,800.0,2018,operating,2,True,Shanghai Electric: AE94.3A,other/unspecified,CCGT,Datang International Power Generation Co Ltd,1427700,Climate TRACE,modelled (Climate TRACE),,Guangdong,Jinli,Climate TRACE,,,,,,,,,,,
CT-2962,Yudean Xinhui power station,China,CN,22.2539,113.0661,800.0,2018,operating,2,True,"Harbin Electric General Gas Turbine (Qinhuangdao) Co., Ltd.: 9FB.03",F-class,CCGT,Guangdong Yudean Xinhui Power Generation Co Ltd,1393800,Climate TRACE,modelled (Climate TRACE),,Guangdong,Yamen,Climate TRACE,,,,,,,,,,,
CT-2988,SPIC Sihui Gas Thermal power station,China,CN,23.3156,112.7855,800.0,2018,operating,2,True,"Ansaldo Energia: AE94.3A, Shanghai Electric: AE94.3A",other/unspecified,CCGT,China Power (Sihui) Thermal Power Co Ltd,1301040,Climate TRACE,modelled (Climate TRACE),,Guangdong,Dongcheng,Climate TRACE,,,,,,,,,,,
CT-2994,Yudean Huadu Gas Thermal power station,China,CN,23.3608,113.0901,800.0,2022,operating,2,True,Dongfang Electric Corporation: M701F4,F-class,CCGT,Guangdong Yudean Huadu Gas Thermal Power Co Ltd,1258460,Climate TRACE,modelled (Climate TRACE),,Guangdong,Tanbu,Climate TRACE,,,,,,,,,,,
CT-3173,SPIC Zhengding Gas-fired Thermal power station,China,CN,38.2246,114.658,800.0,2018,operating,2,True,Dongfang Electric Corporation: M701F4,F-class,CCGT,State Power Investment Group Zhengding Gas Thermal Power Co Ltd,581550,Climate TRACE,modelled (Climate TRACE),,Hebei,Nanniu,Climate TRACE,,,,,,,,,,,
CT-3174,SPIC Langfang Gas power station,China,CN,39.4711,116.6535,800.0,2019,operating,2,True,,,CCGT,State Power Investment Corp Langfang Thermal Power Co Ltd,581550,Climate TRACE,modelled (Climate TRACE),,Hebei,Langfang,Climate TRACE,,,,,,,,,,,
CT-3175,Huaneng Jiangyin Gas Thermal power station,China,CN,31.7592,120.3855,800.0,2020,operating,2,True,,,CCGT,Huaneng Jiangyin Gas Turbine Thermal Power Co Ltd,581550,Climate TRACE,modelled (Climate TRACE),,Jiangsu Sheng,Zhutang,Climate TRACE,,,,,,,,,,,
CT-3271,East Asia Power Wuxi Gas power station,China,CN,31.6954,120.466,800.0,2018,operating,2,False,Siemens Energy: SGT5-4000F,F-class,CCGT,East Asia Power (Wuxi) Co Ltd,409660,Climate TRACE,modelled (Climate TRACE),,Jiangsu Sheng,Xibei,Climate TRACE,,,,,,,,,,,
CT-5426,Dongtan CHP power station,South Korea,KR,37.1754,127.0935,800.0,2017,operating,2,True,,,CCGT,Korea District Heating Corp,1383700,Climate TRACE,modelled (Climate TRACE),,Gyeonggi-do,Osan,Climate TRACE,,,,,,,,,,,
CT-5427,Seoul power station,South Korea,KR,37.5442,126.9199,800.0,2019,operating,2,False,,,CCGT,Korea Midland Power Co Ltd,1383700,Climate TRACE,modelled (Climate TRACE),,Seoul,Seoul,Climate TRACE,,,,,,,,,,,
GOGPT_marulan_austra,Marulan power station,Australia,AUS,'-34.6135865,150.052602,800.0,,announced,2,False,GE Power: GT13E2,E/legacy-class,CCGT,EnergyAustralia Marulan Pty Ltd [100%],,,,,New South Wales,Marulan,GEM-GOGPT,,,,,,,,,,,
GOGPT_boalkhali_bangla,Boalkhali power station,Bangladesh,BGD,22.376149,91.914325,800.0,2041,pre-construction,2,False,,,CCGT,Rural Power Company Ltd [100%],,,,,Chittagong,Boalkhali,GEM-GOGPT,,,,,,,,,,,
GOGPT_rupsha_bangla,Rupsha power station,Bangladesh,BGD,22.853987,89.551191,800.0,2027,construction,2,False,Ansaldo Energia: GT26,F-class,CCGT,North-West Power Generation Co Ltd [100%],,,,,Khulna,Rupsha Upazila - Khulna District,GEM-GOGPT,,,,,,,,,,,
GOGPT_huadianyuhua_china,Huadian Yuhua Thermal power station,China,CHN,37.952243,114.519708,800.0,,,2,True,GE Power: 9F,other/unspecified,CCGT,Hebei Huadian Shijiazhuang Yuhua Thermoelectric Co Ltd [100%],,,,,Hebei,Loudi Town,GEM-GOGPT,,,,,,,,,,,
GOGPT_huadianzhangqiu_china,Huadian Zhangqiu Gas Thermal power station,China,CHN,36.727987,117.399261,800.0,2024,operating,2,True,Dongfang Electric Corporation: F-class,other/unspecified,CCGT,Huadian Jinan Zhangqiu Thermal Power Co Ltd [100%],,,,,Shandong,,GEM-GOGPT,,,,,,,,,,,
GOGPT_lianshuieconomicdevelo_china,Lianshui Economic Development Zone Gas Thermal power station,China,CHN,33.801992,119.227719,800.0,,,2,True,,,CCGT,Lianshui China Power New Energy Co Ltd [100%],,,,,Jiangsu,,GEM-GOGPT,,,,,,,,,,,
GOGPT_shenzhenshancounty_china,Shenzhen Energy Shan County Gas Thermal power station,China,CHN,34.757455,116.097243,800.0,,,2,True,,,CCGT,Shanxian Shenneng Thermal Power Co Ltd [100%],,,,,Shandong,,GEM-GOGPT,,,,,,,,,,,
GOGPT_sichuanbazhongtongjian_china,Sichuan Bazhong Tongjiang power station,China,CHN,31.8589476,107.2368875,800.0,2026,construction,2,False,Dongfang Electric Corporation: M701F4,F-class,CCGT,Sichuan Energy Investment Bazhong Gas Power Generation Co Ltd,,,,,Sichuan,,GEM-GOGPT,,,,,,,,,,,
GOGPT_yantaifushanjiahenatur_china,Yantai Fushan Jiahe Natural Gas Thermal power station,China,CHN,37.532622,121.27662,800.0,,,2,True,,,CCGT,Yantai Fushan Jiahe New Energy Technology Co Ltd [100%],,,,,Shandong,,GEM-GOGPT,,,,,,,,,,,
GOGPT_yantaisoutheast_china,Yantai Southeast Gas Thermal power station,China,CHN,37.413739,121.486949,800.0,,,2,True,,,CCGT,Guangxi Guiguan Electric Power Co Ltd [100%],,,,,Shandong,,GEM-GOGPT,,,,,,,,,,,
GOGPT_zhaoyuankairunnatural_china,Zhaoyuan Kairun Natural Gas Thermal power station,China,CHN,37.37667,120.300802,800.0,,,2,True,,,CCGT,Shandong Kairun Energy Investment Holding Group Co Ltd [100%],,,,,Shandong,Jinling Town,GEM-GOGPT,,,,,,,,,,,
GOGPT_jawa3combinedcycle_indone,Jawa-3 Combined Cycle power station,Indonesia,IDN,'-7.109509,112.621681,800.0,2027,announced,1,False,,,CCGT,PT PLN Nusantara Power [100%],,,,,East Java,,GEM-GOGPT,,,,,,,,,,,
GOGPT_newduqmindependentwate_oman,New Duqm Independent Water and power plant,Oman,OMN,19.640338,57.675162,800.0,2029,pre-construction,1,False,,,CCGT,,,,,,Oman,,GEM-GOGPT,,,,,,,,,,,
GOGPT_mhardehii_syria,Mhardeh II power station,Syria,,35.24869,36.574262,800.0,2028,pre-construction,1,False,,,CCGT,UCC Holding Consortium,,,,,Hama,Mhardeh,GEM-GOGPT,,,,,,,,,,,
GOGPT_turcasdenizlidogalgazs_trkiye,Turcas Denizli Doğalgaz S. power station,Türkiye,,37.8504,29.4152,797.4,2013,operating,1,False,,,CCGT,RWE AG [70%]; Turcas Petrol AŞ [30%],,,,,Denizli,Kaklık,GEM-GOGPT,,,,,,,,,,,
WRI1002722,DK6,France,FRA,51.0482,2.3255,796.0,2005,operating,2,True,,,CCGT,ENGIE SA [100%],,,,3934.0,Nord-Pas-de-Calais,Saint-Pol-sur-Mer,WRI,,,,,,,,,,,
WRI1030655,HAIL2,Saudi Arabia,SAU,27.46,41.742,794.2,2012,operating,1,False,,,CCGT,Saudi Electricity Company (SEC),,,,,Mintaqat Ha'il,Hayil,WRI,,,,,,,,,,,
GOGPT_larissathermoelectric_greece,Larissa Thermoelectric power station,Greece,GRC,39.688611,22.473889,792.0,2028,pre-construction,1,False,,,CCGT,Volton Hellenic Energy SA [10%]; EUSIF Larissa SA [16%]; Larissa Thermoelectric ,,,,,Thessaly,Larissa,GEM-GOGPT,,,,,,,,,,,
GOGPT_empalmeii_mexico,Empalme II power station,Mexico,MEX,27.926284,'-110.783284,791.0,2018,operating,1,False,Siemens Energy: SGT6-8000H,other/unspecified,CCGT,Comisión Federal de Electricidad EPE [100%],,,,,Sonora,Empalme,GEM-GOGPT,,,,,,,,,,,
WRI1061048,Guohuo Yuyao,China,CHN,30.07,121.1,790.0,2007,operating,1,False,GE Vernova: S209FA,F-class,CCGT,Zhejiang Guohua Yuyao Fuel Gas Power Generation Co.  Ltd,,,,,Zhejiang Sheng,Xiaodong,WRI,,,,,,,,,,,
USA0055170,Granite Ridge,United States of America,USA,42.9042,'-71.4261,790.0,2003,operating,1,False,,,CCGT,Granite Ridge Energy LLC,1299588,US EPA GHGRP,measured,3025.6,New Hampshire,Londonderry,WRI,2,False,False,False,,55170,47.7,7160,386,0.496,3433.8
CT-190,S.E.F. Ferrara power station,Italy,IT,44.8641,11.5944,790.0,2006,operating,2,True,,,CCGT,Società Enipower Ferrara SRL,1783500,Climate TRACE,modelled (Climate TRACE),,Emilia-Romagna,Ferrara,Climate TRACE,,,,,,,,,,,
CT-3176,Zheneng Zhenhai Natural Gas power station,China,CN,29.9462,121.6888,790.0,2007,operating,2,False,,,CCGT,Zhejiang Zheneng Zhenhai Natural Gas Power Generation Co Ltd,574290,Climate TRACE,modelled (Climate TRACE),,Zhejiang Sheng,Zhaobaoshan,Climate TRACE,,,,,,,,,,,
CT-255,Bahía de Bizkaia power station,Spain,ES,43.359,'-3.0921,788.0,2003,operating,1,True,,,CCGT,Bahia de Bizkaia Electricidad SL,800830,Climate TRACE,modelled (Climate TRACE),,Basque Country,Zierbena,Climate TRACE,,,,,,,,,,,
WRI1002862,CCGT APRILIA,Italy,ITA,41.5616,12.6337,787.0,2012,operating,1,False,,,CCGT,Sorgenia SpA [100%],,,,1764.6,Latium,Campo di Carne,WRI,,,,,,,,,,,
WRI1006189,AMOREBIETA,Spain,ESP,43.2347,'-2.7497,786.4,2005,operating,1,False,,,CCGT,BIZKAIA ENERGIA  S.L.U.,,,,928.4,Basque Country,Amorebieta,WRI,,,,,,,,,,,
WRI1002971,TORVISCOSA,Italy,ITA,45.817,13.2891,785.0,2006,operating,1,False,,,CCGT,Edison,,,,4263.4,Friuli Venezia Giulia,Torviscosa,WRI,,,,,,,,,,,
WRI1006210,ARRUBAL GRUPO 1,Spain,ESP,42.4194,'-2.2511,784.7,2005,operating,2,False,,,CCGT,CONTOUR GLOBAL LA RIOJA  S.L.,353050,Climate TRACE,modelled (Climate TRACE),1688.8,La Rioja,Arrubal,WRI,,,,,,,,,,,
USA0007846,Brandy Branch,United States of America,USA,30.3206,'-81.9472,783.1,2002,operating,1,False,,,CCGT,JEA,,,,3754.8,Florida,Baldwin,WRI,2,True,False,False,,7846,49.8,6859,370,0.71,4871.8
WRI1006318,CASTELLON,Spain,ESP,39.9592,'-0.001,782.0,2002,operating,1,True,,,CCGT,IBERDROLA GENERACION  S.A.,,,,1591.8,Valencia,Castello de la Plana,WRI,,,,,,,,,,,
WRI1002188,Janub,Azerbaijan,AZE,39.8943,48.9173,780.0,2013,operating,2,False,GE Power: MS9001E,other/unspecified,CCGT,AzerEnerji,,,,,Shirvan,Sirvan,WRI,,,,,,,,,,,
GEODB0043039,Minsk-5 CHP CCGT Power Plant,Belarus,BLR,53.612,27.954,780.0,1999,operating,1,True,,,CCGT,Minskenergo RUE [100%],,,,,Minsk,Svislach,WRI,,,,,,,,,,,
WRI1061038,Henan Zhengzhou,China,CHN,34.8,113.53,780.0,2007,operating,2,False,,,CCGT,Zhengzhou Combined Cycle Power Co.  Ltd,,,,,Henan Sheng,Zhengzhou,WRI,,,,,,,,,,,
WRI1061040,Huaneng Nanjing Jinling,China,CHN,32.17,119.01,780.0,2006,operating,4,True,,,CCGT,Huaneng Nanjing Jinling Power Generation Co.  Ltd,7585100,Climate TRACE,modelled (Climate TRACE),,Jiangsu Sheng,Baohua,WRI,,,,,,,,,,,
WRI1061042,Jiangsu Huadian Qishuyan,China,CHN,31.74,120.04,780.0,2005,operating,6,True,,,CCGT,Jiangsu Huadian Qishuyan Electric Power Co. Ltd.,1803900,Climate TRACE,modelled (Climate TRACE),,Jiangsu Sheng,Qishuyan,WRI,,,,,,,,,,,
WRI1061043,Jiangsu Zhangjiagang Huaxing,China,CHN,31.89,120.6,780.0,2005,operating,4,True,GE Vernova: 109FA,F-class,CCGT,Zhangjiagang Huaxing Power Co.  Ltd,1106710,Climate TRACE,modelled (Climate TRACE),,Jiangsu Sheng,Nanfeng,WRI,,,,,,,,,,,
WRI1029834,Wangting Gas,China,CHN,31.44,120.44,780.0,2005,operating,4,True,Shanghai Electric: AE94.3A,other/unspecified,CCGT,Jiangsu Huadian Wangting Natural Gas Power Generation Co Ltd,6813400,Climate TRACE,modelled (Climate TRACE),,Jiangsu Sheng,Wangting,WRI,,,,,,,,,,,
WRI1002910,MONCALIERI,Italy,ITA,44.993,7.6755,780.0,2005,operating,2,True,,,CCGT,Iren SpA,1695240,Climate TRACE,modelled (Climate TRACE),3569.5,Piedmont,Tagliaferro,WRI,,,,,,,,,,,
WRI1003687,CHP-16,Russia,RUS,55.7833,37.5022,780.0,1955,operating,2,True,,,CCGT,"PJSC ""Mosenergo""",,,,,Moscow,Sokol,WRI,,,,,,,,,,,
USA0057794,St Joseph Energy Center,United States of America,USA,41.699,'-86.4797,780.0,2018,operating,1,False,,,CCGT,St Joseph Energy Center LLC,1817718,US EPA GHGRP,measured,5617.9,Indiana,New Carlisle,WRI,2,True,True,False,,57794,49.6,6886,371,0.73,4984.5
CT-189,Enipower Mantova power station,Italy,IT,45.1503,10.8349,780.0,2005,operating,2,True,,,CCGT,Enipower Mantova SpA,2228600,Climate TRACE,modelled (Climate TRACE),,Lombardy,Mottella,Climate TRACE,,,,,,,,,,,
CT-3177,Huaneng Zhongyuan Gas power station,China,CN,32.9578,114.0638,780.0,2007,operating,2,False,,,CCGT,Huaneng Henan Zhongyuan Gas POWER Co Ltd,567000,Climate TRACE,modelled (Climate TRACE),,Henan Sheng,Zhumadian,Climate TRACE,,,,,,,,,,,
CT-3179,SPIC Hengqin Gas Thermal power station,China,CN,22.1273,113.4659,780.0,2014,operating,2,True,,,CCGT,China Power Investment Zhuhai Hengqin Thermal Power Co Ltd,567000,Climate TRACE,modelled (Climate TRACE),,Guangdong,Wanzai,Climate TRACE,,,,,,,,,,,
GOGPT_datangjinghai_china,Datang Jinghai Gas Thermal power station,China,CHN,38.825366,116.938731,780.0,,,2,True,,,CCGT,Datang Shandong Power Generation Co Ltd [100%],,,,,Tianjin,Chenguantun Town,GEM-GOGPT,,,,,,,,,,,
GOGPT_guodianqionghai_china,Guodian Qionghai power station,China,CHN,19.186206,110.5159189,780.0,,announced,2,False,,,CCGT,National Energy Group Haikong New Energy Co Ltd,,,,,Hainan,Jiaji Town,GEM-GOGPT,,,,,,,,,,,
GOGPT_xiamendongbu_china,Xiamen Dongbu Gas power station,China,CHN,24.54591,118.226434,780.0,2009,operating,2,False,,,CCGT,East Asia Power (Xiamen) Co Ltd [100%],,,,,Fujian,Xiamen,GEM-GOGPT,,,,,,,,,,,
USA0055656,Pastoria Energy Facility  LLC,United States of America,USA,34.9556,'-118.844,779.0,2005,operating,2,False,,,CCGT,Calpine Corp - Pastoria Energy Center,1800309,US EPA GHGRP,measured,4060.8,California,Lebec,WRI,3,False,True,False,,55656,44.4,7678,414,0.483,3294.3
WRI1005747,Heilbronn power station,Germany,DEU,49.1773,9.2063,778.0,1977,operating,1,True,"GE Power: 9HA.01, GE Power: STF-D650",H/J-class,CCGT,Energie Baden-Württemberg,,,,2388.9,Baden-Wuerttemberg,Neckarsulm,WRI,,,,,,,,,,,
USA0055337,Ironwood LLC,United States of America,USA,40.3509,'-76.3658,777.6,2002,operating,1,False,,,CCGT,Helix  Ironwood LLC,1677037,US EPA GHGRP,measured,4843.5,Pennsylvania,Avon,WRI,2,False,False,False,,55337,46.2,7386,398,0.754,5136.6
MEX0001777,Presidente Juárez (Rosarito) (CC),Mexico,MEX,32.3698,'-117.0685,773.0,1994,operating,3,False,Siemens Energy: SGT6-5000F,F-class,CCGT,CFE,4536500,Climate TRACE,modelled (Climate TRACE),,Baja California,Rosarito,WRI,,,,,,,,,,,
USA0057839,Woodbridge Energy Center,United States of America,USA,40.515,'-74.3189,772.9,2015,operating,1,False,,,CCGT,Woodbridge Energy Center,,,,5050.6,New Jersey,Fords,WRI,2,True,False,False,,57839,50.9,6703,360,0.653,4422.1
WRI1061830,Kazan CHP 3,Russia,RUS,55.8674,48.9521,772.6,1971,operating,1,True,Siemens Energy: SGT5-2000E,E/legacy-class,CCGT,"OJSC ""TGC-16""",,,,,Tatarstan,Staroye Arakchino,WRI,,,,,,,,,,,
USA0006018,East Bend,United States of America,USA,38.9036,'-84.8514,772.0,1981,announced,1,False,,,CCGT,Duke Energy Kentucky Inc,,,,3165.5,Indiana,Rising Sun,WRI,,,,,,,,,,,
USA0056940,CPV Valley Energy Center,United States of America,USA,41.4122,'-74.4378,770.0,2018,operating,1,False,,,CCGT,CPV Valley  LLC,,,,4100.3,New York,Middletown,WRI,2,True,False,False,,56940,49.3,6915,367,0.716,4830.8
GOGPT_bayminaankara_trkiye,Baymina Ankara power station,Türkiye,,39.7773,32.4022,770.0,2004,operating,1,False,,,CCGT,Baymina Enerji AŞ [100%],,,,,Ankara,Malıköy,GEM-GOGPT,,,,,,,,,,,
GOGPT_kyivchp5_ukrain,Kyiv CHP-5 power station,Ukraine,UKR,50.39317,30.569477,770.0,1971,operating,1,True,,,CCGT,Kyivteploenergo [100%],,,,,Kyiv,Kyiv,GEM-GOGPT,,,,,,,,,,,
WRI1005737,Altbach power station,Germany,DEU,48.7176,9.3749,769.0,1992,operating,1,True,"GE Power: 9HA.01, GE Power: STF-D650",H/J-class,CCGT,Energie Baden-Württemberg,,,,1887.1,Baden-Wuerttemberg,Altbach,WRI,,,,,,,,,,,
WRI1002878,ENERGIA MOLISE,Italy,ITA,41.9369,15.0004,769.0,2006,operating,1,True,,,CCGT,Metaenergia SpA [100%],,,,827.5,Molise,Portocannone,WRI,,,,,,,,,,,
GOGPT_cccgonzalezortega_mexico,CCC González Ortega power station,Mexico,MEX,32.546817,'-115.353009,768.8,2026,construction,1,False,"Siemens Energy: SGT6-5000F, Siemens Energy: SGT6-5000F",F-class,CCGT,Comisión Federal de Electricidad EPE [100%],,,,,Baja California,Mexicali,GEM-GOGPT,,,,,,,,,,,
IND0000137,GREL CCPP (RAJAMUNDRY),India,IND,16.9248,81.8111,768.0,2015,operating,1,False,,,CCGT,GMR Rajahmundry Energy Ltd [100%],,,,0.0,Andhra Pradesh,Rajahmundry,WRI,,,,,,,,,,,
CHL0000002,ATACAMA (CC1-CC2),Chile,CHL,'-23.0898,'-70.4168,767.8,1999,operating,1,False,,,CCGT,GASATACAMA,,,,,Antofagasta,Antofagasta,WRI,,,,,,,,,,,
CT-5937,Topolobampo III power station,Mexico,MX,25.9734,'-108.9951,766.0,2024,operating,1,False,GE Power: 7HA.01,H/J-class,CCGT,Mexico Infrastructure Partners SAPI de CV,1881400,Climate TRACE,modelled (Climate TRACE),,Sinaloa,San Miguel Zapotitlan,Climate TRACE,,,,,,,,,,,
GOGPT_presenzanoedison_italy,Presenzano Edison power station,Italy,ITA,41.376619,14.07642,765.0,2023,operating,1,False,Ansaldo Energia: GT36,H/J-class,CCGT,Edison SpA [100%],,,,,Caserta,Presenzano,GEM-GOGPT,,,,,,,,,,,
GOGPT_mcnew_united,McNew Generating Station,United States,US,38.000536,'-97.920665,765.0,2030,pre-construction,1,False,Mitsubishi Power: M501JAC,H/J-class,CCGT,Evergy Kansas Central Inc [50%]; Evergy Missouri West Inc [50%],,,,,Kansas,South Hutchinson,GEM-GOGPT,,,,,,,,,,,
WRI1029820,Fengxian Gas,China,CHN,30.98,121.5,760.0,2005,operating,6,True,Siemens Energy: SGT5-4000F,F-class,CCGT,Shenergy Co Ltd,1192250,Climate TRACE,modelled (Climate TRACE),,Shanghai Shi,Jinhui,WRI,,,,,,,,,,,
WRI1002935,RIZZICONI,Italy,ITA,38.4453,15.99,760.0,2008,operating,2,False,,,CCGT,EGL Italia,876610,Climate TRACE,modelled (Climate TRACE),3080.1,Calabria,Rosarno,WRI,,,,,,,,,,,
WRI1002953,SIMERI CRICHI,Italy,ITA,38.8759,16.6569,760.0,2008,operating,1,True,,,CCGT,Edison,,,,3887.5,Calabria,Barone,WRI,,,,,,,,,,,
WRI1002958,SPARANISE,Italy,ITA,41.1783,14.1129,760.0,2007,operating,2,False,,,CCGT,EGL Italia,1024920,Climate TRACE,modelled (Climate TRACE),2354.1,Campania,Sparanise,WRI,,,,,,,,,,,
WRI1008745,Taweelah A2,United Arab Emirates,ARE,24.7624,54.6835,760.0,2001,,1,True,,,CCGT,Emirates CMS Power Company,8110000,Climate TRACE,modelled (Climate TRACE),,Abu Dhabi,Abu Dhabi,WRI,,,,,,,,,,,
GOGPT_traceviewadvanced_united,Traceview Advanced power station,United States,US,32.41,'-90.145,760.0,2029,announced,1,False,,,CCGT,Entergy Mississippi LLC,,,,,Mississippi,Ridgeland,GEM-GOGPT,,,,,,,,,,,
USA0003295,Urquhart,United States of America,USA,33.435,'-81.9111,758.9,1983,operating,2,False,,,CCGT,Dominion Energy South Carolina  Inc,,,,1715.4,South Carolina,Clearwater,WRI,2,False,False,False,,3295,43.1,7920,429,0.303,2016.7
WRI1006159,ACECA  GRUPO 4,Spain,ESP,39.9427,'-3.8548,758.7,2006,operating,1,False,,,CCGT,GAS NATURAL FENOSA GENERACION  S.L.U.,,,,1678.6,Castille-La Mancha,Villaseca de la Sagra,WRI,,,,,,,,,,,
GEODB0005022,Ras Laffan A Cogen GT Power Plant Qatar,Qatar,QAT,25.9228,51.5452,756.0,2004,operating,4,False,,,CCGT,Ras Laffan Power Company QSC [100%],,,,,Madinat ash Shamal,Fuwayrit,WRI,,,,,,,,,,,
USA0056963,West Deptford Energy Station,United States of America,USA,39.8414,'-75.2214,754.6,2014,operating,1,False,Siemens Energy: 7FA,F-class,CCGT,West Deptford Energy LLC,,,,4682.3,New Jersey,Paulsboro,WRI,2,True,False,False,,56963,45.6,7475,403,0.287,1898.0
CT-3071,Huadian Yizheng Thermal power station,China,CN,32.2872,119.055,754.5,2012,operating,3,True,,,CCGT,Jiangsu Huadian Yizheng Thermal Power Co Ltd,921440,Climate TRACE,modelled (Climate TRACE),,Jiangsu Sheng,Qingshan,Climate TRACE,,,,,,,,,,,
GOGPT_deltabluesadvanced_united,Delta Blues Advanced Power Station,United States,US,33.330476,'-91.13058,754.0,2028,construction,1,False,Mitsubishi Power: M501JAC,H/J-class,CCGT,Entergy Mississippi LLC,,,,,Mississippi,Greenville,GEM-GOGPT,,,,,,,,,,,
GOGPT_pinecrestcenter_united,Pinecrest energy center,United States,US,31.360942,'-94.69452,753.0,,,1,False,,,CCGT,Coronado Power Ventures LLC [100%],,,,,Texas,Lufkin,GEM-GOGPT,,,,,,,,,,,
WRI1002905,LEVANTE,Italy,ITA,45.4458,12.2552,752.5,1992,operating,2,False,Ansaldo Energia: GT36,H/J-class,CCGT,Edison SpA [100%],,,,2043.2,Veneto,Mestre,WRI,,,,,,,,,,,
GOGPT_cancuniirivieramaya_mexico,Cancún II (Riviera Maya) power station,Mexico,MEX,21.094409,'-86.888937,752.0,,,1,False,,,CCGT,Comisión Federal de Electricidad EPE [100%],,,,,Quintana Roo,Cancún,GEM-GOGPT,,,,,,,,,,,
GOGPT_paloseco_puerto,Palo Seco power station,Puerto Rico,,18.4559,'-66.1484,752.0,1960,operating,1,False,,,CCGT,Puerto Rico Electric Power Authority [100%],,,,,Palo Seco,Palo Seco,GEM-GOGPT,,,,,,,,,,,
WRI1019098,TPP Iernut,Romania,ROU,46.4677,24.1833,751.0,1964,operating,1,False,GE Power: 6F.03,other/unspecified,CCGT,Romgaz SA [100%],,,,1713.7,Mures,Cuci,WRI,,,,,,,,,,,
WRI1002924,PORTO CORSINI,Italy,ITA,44.4836,12.2652,750.0,2002,operating,2,False,,,CCGT,ENEL,662848,Climate TRACE,modelled (Climate TRACE),1029.0,Emilia-Romagna,Marina di Ravenna,WRI,,,,,,,,,,,
WRI1000031,Olorunsogo II,Nigeria,NGA,6.8982,3.2041,750.0,2015,operating,2,False,,,CCGT,Olorunsogo Generation Company Ltd [100%],,,,,Ogun,Itori,WRI,,,,,,,,,,,
CT-3,Mehrum power station,Germany,DE,52.315,10.094,750.0,1979,announced,1,False,,,CCGT,Kraftwerk Mehrum GmbH,2046600,Climate TRACE,modelled (Climate TRACE),,Lower Saxony,Hohenhameln,Climate TRACE,,,,,,,,,,,
CT-5940,EVM-II power station,Mexico,MX,19.7463,'-98.6746,750.0,2021,operating,1,False,,,CCGT,Valia Energía,1597000,Climate TRACE,modelled (Climate TRACE),,Morelos,Jaltepec,Climate TRACE,,,,,,,,,,,
GOGPT_bazian_iraq,Bazian power station,Iraq,IRQ,35.6687298,45.0025632,750.0,2022,operating,1,False,"GE: 9E-3, GE: 9E-3, GE: 9E-3, GE: 9E-3",E/legacy-class,CCGT,Qaiwan Group [100%],,,,,Kurdistan,Bazian,GEM-GOGPT,,,,,,,,,,,
GOGPT_ostroeka_poland,Ostrołęka power station,Poland,POL,53.103611,21.6125,750.0,2026,construction,1,False,GE Power: 9HA.02,H/J-class,CCGT,Energa SA; ORLEN SA,,,,,Masovian,Ostroleka,GEM-GOGPT,,,,,,,,,,,
GOGPT_jefferson_united,Jefferson Power Station,United States,US,34.427527,'-92.13996,750.0,2029,pre-construction,1,False,Mitsubishi Power: 501 JAC,other/unspecified,CCGT,Entergy Arkansas LLC,,,,,Arkansas,Redfield,GEM-GOGPT,,,,,,,,,,,
GOGPT_granadilla_spain,Granadilla power station,Spain,ESP,28.12218,'-16.573048,749.0,1990,operating,2,True,,,CCGT,Endesa SA [100%],,,,,Tenerife,Granadilla,GEM-GOGPT,,,,,,,,,,,
WRI1019468,Khanom,Thailand,THA,9.2357,99.8593,748.0,1996,operating,1,False,,,CCGT,EGCO,,,,,Surat Thani,Don Sak,WRI,,,,,,,,,,,
USA0056846,CPV St Charles Energy Center,United States of America,USA,38.5686,'-76.8919,746.0,2017,operating,1,False,,,CCGT,CPV Maryland LLC,1604880,US EPA GHGRP,measured,4198.2,Maryland,Saint Charles,WRI,2,True,False,False,,56846,48.1,7101,383,0.558,3787.2
USA0055714,Magnet Cove,United States of America,USA,34.4297,'-92.8317,746.0,2005,operating,1,False,,,CCGT,Arkansas Electric Coop Corp,1264268,US EPA GHGRP,measured,1705.6,Arkansas,Malvern,WRI,2,True,False,False,,55714,49.1,6943,374,0.507,3311.5
USA0007082,Harry Allen,United States of America,USA,36.4306,'-114.9024,745.0,2008,operating,1,False,,,CCGT,Nevada Power Co,,,,3378.4,Nevada,Nellis Air Force Base,WRI,2,True,False,False,,7082,44.9,7603,410,0.444,2898.3
WRI1008366,Gezer,Israel,ISR,31.9153,34.9188,744.0,2007,operating,2,False,,,CCGT,Israel Electric corporation,,,,,Central District,Lod,WRI,,,,,,,,,,,
CT-5460,Daesan Complex power station,South Korea,KR,36.9972,126.3652,743.4,1997,operating,1,False,,,CCGT,CGN Daesan Electric Power Co Ltd,481910,Climate TRACE,modelled (Climate TRACE),,Chungcheongnam-do,Taesal-li,Climate TRACE,,,,,,,,,,,
GOGPT_fgetexasi_united,FGE Texas I power station,United States,US,32.308611,'-101.0261,743.0,,,1,False,Siemens Energy: SGT6-5000F(5ee),F-class,CCGT,FGE Texas I LLC [100%],,,,,Texas,Westbrook,GEM-GOGPT,,,,,,,,,,,
GOGPT_fgetexasii_united,FGE Texas II power station,United States,US,32.309167,'-101.0242,743.0,,,1,False,Siemens Energy: SGT6-5000F(5ee),F-class,CCGT,FGE Texas II LLC,,,,,Texas,Westbrook,GEM-GOGPT,,,,,,,,,,,
WRI1003682,Chelyabinsk GRES,Russia,RUS,55.2014,61.4031,742.0,1930,operating,3,True,ABB ALSTOM POWER: GT13E2,E/legacy-class,CCGT,"PJSC ""Fortum""",,,,,Chelyabinsk,Chelyabinsk,WRI,,,,,,,,,,,
GOGPT_netzeroteesside_united,Net Zero Teesside power station,United Kingdom,GBR,54.6212,'-1.11846,742.0,2028,pre-construction,1,False,GE Vernova: 9HA.02,H/J-class,CCGT,Net Zero Teesside Power Ltd,,,,,Teesside,Teesside,GEM-GOGPT,,,,,,,,,,,
CT-5232,T-Point 2 power station,Japan,JP,34.744,134.786,740.0,2020,operating,1,False,,,CCGT,Mistubishi Power Ltd,988610,Climate TRACE,modelled (Climate TRACE),,Hyogo,Kakogawacho-honmachi,Climate TRACE,,,,,,,,,,,
USA0055701,Fremont Energy Center,United States of America,USA,41.3771,'-83.1614,739.5,2012,operating,1,False,,,CCGT,American Mun Power-Ohio  Inc,938640,Climate TRACE,modelled (Climate TRACE),1905.4,Ohio,Stony Prairie,WRI,2,True,False,False,,55701,48.4,7045,380,0.613,3973.8
USA0058079,Newark Energy Center,United States of America,USA,40.7072,'-74.1258,735.0,2015,operating,1,False,,,CCGT,Newark Energy Center  LLC,1306853,US EPA GHGRP,measured,5007.2,New Jersey,Bayonne,WRI,2,True,False,False,,58079,51.7,6599,351,0.7,4508.0
WRI1022053,Chilca 1,Peru,PER,'-12.497,'-76.7292,734.1,2012,operating,1,False,"Siemens Energy: SST-700 HP, Siemens Energy: SGT6-PAC 5 000F",other/unspecified,CCGT,Energía del Sur S.A.,,,,5838.0,Lima,Chilca,WRI,,,,,,,,,,,
WRI1019486,Amata B Grimm,Thailand,THA,13.4191,101.0272,733.0,1998,operating,5,True,,,CCGT,B.Grimm Power PCL [100%],,,,,Chon Buri,Chon Buri,WRI,,,,,,,,,,,
WRI1030740,Phu My 22,Vietnam,VNM,10.603,107.04,733.0,2005,operating,1,False,,,CCGT,Vietnam Electricity LLC [100%],,,,,Ba Ria-Vung Tau,Thi Tran Phu My,WRI,,,,,,,,,,,
WRI1030739,Phu My 3,Vietnam,VNM,10.6014,107.04,733.0,2004,operating,1,False,,,CCGT,Vietnam Electricity LLC [100%],,,,,Ba Ria-Vung Tau,Thi Tran Phu My,WRI,,,,,,,,,,,
WRI1006223,BAHIA DE ALGECIRAS I,Spain,ESP,36.1829,'-5.3905,731.0,1970,operating,1,False,,,CCGT,VIESGO GENERACION  S.L.,,,,3373.7,Andalusia,San Roque,WRI,,,,,,,,,,,
USA0003441,Nueces Bay,United States of America,USA,27.8194,'-97.4192,730.2,1991,operating,1,False,,,CCGT,Talen Texas  LLC,,,,1624.6,Texas,Corpus Christi,WRI,2,True,False,False,,3441,42.3,8057,434,0.23,1472.1
WRI1000143,Takhiatash,Uzbekistan,UZB,42.3175,59.5553,730.0,1963,operating,2,True,GE Power: GT13E2,E/legacy-class,CCGT,Uzbekenergo,,,,,Karakalpakstan,Khujayli,WRI,,,,,,,,,,,
GOGPT_rumailacombined_iraq,Rumaila Combined power station,Iraq,IRQ,30.554475,47.387955,730.0,2021,operating,2,False,,,CCGT,Ministry of Electricity (Iraq) [100%],,,,,Basrah,North Rumaila,GEM-GOGPT,,,,,,,,,,,
WRI1005904,Herne power station,Germany,DEU,51.5508,7.1875,729.0,1976,operating,1,True,Siemens Energy: SGT5-8000H,other/unspecified,CCGT,STEAG GmbH,,,,2128.3,North Rhine-Westphalia,Herne,WRI,,,,,,,,,,,
USA0055193,Ontelaunee Energy Center,United States of America,USA,40.4219,'-75.9356,728.0,2002,operating,1,False,,,CCGT,Ontelaunee Energy Center,,,,3930.9,Pennsylvania,Temple,WRI,2,False,False,False,,55193,48.1,7098,383,0.654,4169.8
CT-4822,Tripura Combined Cycle power plant,India,IN,23.4987,91.4385,726.0,2014,operating,2,False,,,CCGT,ONGC Tripura Power Co Ltd,586410,Climate TRACE,modelled (Climate TRACE),,Tripura,Udaipur,Climate TRACE,,,,,,,,,,,
GOGPT_theiss_austri,Theiss power station,Austria,AUT,48.39486,15.71015,725.0,2003,operating,2,True,,,CCGT,EVN AG [100%],,,,,Niederösterreich,Gedersdorf,GEM-GOGPT,,,,,,,,,,,
WRI1061831,Nizhnekamsk cogeneration station-2,Russia,RUS,55.6066,51.9404,724.0,1980,operating,1,True,Power Machines: GTE-170,other/unspecified,CCGT,"OOO ""Nizhnekamsk COGENERATION STATION""",,,,,Tatarstan,Nizhnekamsk,WRI,,,,,,,,,,,
WRI1061099,Lavrio,Greece,GRC,37.7463,24.0666,723.0,1997,operating,2,False,,,CCGT,Public Power Company of Greece,,,,1365.6,Attica,Lavrio,WRI,,,,,,,,,,,
WRI1002031,Union Estate Power Station,Trinidad and Tobago,TTO,10.2171,'-61.6254,720.0,2009,operating,2,False,,,CCGT,Trinidad Generation Unlimited,,,,,Point Fortin,Point Fortin,WRI,,,,,,,,,,,
GBR1000371,Little Barford,United Kingdom,GBR,52.2046,'-0.2693,720.0,1995,operating,1,False,,,CCGT,RWE Npower Plc,,,,,England,Little Barford,WRI,,,,,,,,,,,
GOGPT_telokgong2_malays,Telok Gong 2 power station,Malaysia,MYS,2.346181,102.050754,720.0,2002,operating,1,False,,,CCGT,Panglima Power Sdn Bhd [100%],,,,,Malacca,Telok Gong,GEM-GOGPT,,,,,,,,,,,
GOGPT_calcasieupasslngtermin_united,Calcasieu Pass LNG Terminal power station,United States,US,29.7729274,'-93.3343038,720.0,2022,operating,1,False,Baker Hughes (Aero),other/unspecified,CCGT,Venture Global Calcasieu Pass LLC,,,,,Louisiana,,GEM-GOGPT,,,,,,,,,,,
WRI1000200,Gunsan,South Korea,KOR,35.9836,126.7307,719.0,2010,operating,1,False,,,CCGT,Korea Western Power,913240,Climate TRACE,modelled (Climate TRACE),,Jeollabuk-do,Kunsan,WRI,,,,,,,,,,,
USA0056104,Mankato Energy Center,United States of America,USA,44.1988,'-94.003,719.0,2009,operating,1,False,,,CCGT,Southern Power Co,,,,2054.2,Minnesota,Mankato,WRI,2,True,False,False,,56104,44.6,7656,413,0.27,1753.8
WRI1005584,Bergkamen power station,Germany,DEU,51.637,7.6191,717.0,1981,mothballed,1,False,,,CCGT,Gemeinschaftskraftwerk Bergkamen A oHG,,,,1798.5,North Rhine-Westphalia,Werne,WRI,,,,,,,,,,,
GOGPT_shymkentchp3_kazakh,Shymkent CHP-3 power station,Kazakhstan,KAZ,42.27335,69.693644,716.0,1980,operating,1,True,,,CCGT,3-Energoortalyk JSC [100%],,,,,Turkistan,Shymkent,GEM-GOGPT,,,,,,,,,,,
WRI1000069,Cairo South,Egypt,EGY,29.8669,31.2914,715.0,1989,,1,False,,,CCGT,Cairo Electricity Production Co [100%],,,,2947.0,Muhafazat al Qahirah,Halwan,WRI,,,,,,,,,,,
GBR1000466,Rye House,United Kingdom,GBR,51.7626,0.0094,715.0,2026,operating,1,False,,,CCGT,Scottish Power: Thermal,,,,,England,Hoddesdon,WRI,,,,,,,,,,,
USA0055397,Washington Energy Facility,United States of America,USA,39.58,'-81.6564,714.9,2002,operating,1,False,,,CCGT,Dynegy Washington Energy Facility,2074696,US EPA GHGRP,measured,5060.4,Ohio,Beverly,WRI,2,True,False,False,,55397,46.9,7280,392,0.796,4984.7
USA0055418,Hot Spring Generating Facility,United States of America,USA,34.2976,'-92.8683,714.8,2002,operating,1,False,,,CCGT,Entergy Arkansas LLC,863249,US EPA GHGRP,measured,2937.7,Arkansas,Malvern,WRI,2,True,False,False,,55418,46.4,7362,397,0.537,3363.0
WRI1008173,Qom,Iran,IRN,34.579,50.755,714.0,1998,operating,2,False,,,CCGT,Qom Electric Power Generation Management Co [100%],,,,,Qom,Qom,WRI,,,,,,,,,,,
WRI1000250,Tuanku Jaafar (PDI),Malaysia,MYS,2.533,101.7912,714.0,2005,operating,2,False,,,CCGT,Tenaga Nasional Bhd [100%],,,,,Negeri Sembilan,Port Dickson,WRI,,,,,,,,,,,
USA0055282,Arlington Valley Energy Facility,United States of America,USA,33.3417,'-112.8897,713.0,2002,operating,1,False,,,CCGT,Arlington Valley LLC,,,,2928.5,Arizona,Buckeye,WRI,2,True,False,False,,55282,46.8,7289,393,0.436,2721.6
GOGPT_azito_ctediv,Azito power plant,Côte d'Ivoire,,5.30155,'-4.0763,713.0,2015,operating,2,False,,,CCGT,Azito Energie SA [100%],,,,,Abidjan,Abidjan,GEM-GOGPT,,,,,,,,,,,
USA0056532,Colusa Generating Station,United States of America,USA,39.3661,'-122.27,712.4,2011,operating,1,False,,,CCGT,Pacific Gas & Electric Co.,1165329,US EPA GHGRP,measured,3028.4,California,Maxwell,WRI,2,True,True,False,,56532,46.8,7286,393,0.411,2564.8
CAN0002053,Halton Hills,Canada,CAN,43.5613,'-79.8447,712.0,2010,operating,1,False,,,CCGT,TransCanada Corp,,,,,Ontario,Milton,WRI,,,,,,,,,,,
WRI1000165,Nam Phom,Thailand,THA,16.682,102.7422,710.0,1992,announced,3,False,,,CCGT,Electric Generating Authority of Thailand,,,,,Khon Kaen,Nam Phong,WRI,,,,,,,,,,,
USA0055177,South Point Energy Center,United States of America,USA,34.8678,'-114.5317,708.0,2001,operating,1,False,,,CCGT,South Point Energy Center LLC,1108067,US EPA GHGRP,measured,1886.2,California,Needles,WRI,2,True,False,False,,55177,43.9,7767,419,0.27,1675.6
USA0007238,Cane Island,United States of America,USA,28.2764,'-81.533,706.0,2004,operating,3,False,,,CCGT,Kissimmee Utility Authority,,,,3657.3,Florida,Loughman,WRI,3,True,True,False,,7238,46.7,7311,394,0.591,3652.5
WRI1000162,North Bangkok Power Station,Thailand,THA,13.8129,100.5092,704.0,2010,mothballed,4,False,,,CCGT,Electric Generating Authority of Thailand,,,,,Bangkok,Bang Phlat,WRI,,,,,,,,,,,
USA0055334,Holland Energy Facility,United States of America,USA,39.2231,'-88.7584,702.1,2002,operating,1,False,,,CCGT,NAES Corporation - (WA),,,,1363.4,Illinois,Altamont,WRI,2,True,False,False,,55334,45.3,7529,406,0.322,1981.7
CT-4832,Pipavav Combined Cycle power plant,India,IN,20.8986,71.4693,702.0,2013,operating,2,False,,,CCGT,GSPC Pipavav Power Co Ltd,559080,Climate TRACE,modelled (Climate TRACE),,Gujarat,Rajula,Climate TRACE,,,,,,,,,,,
WRI1070831,Junliangcheng power station,China,CHN,39.0539,117.4131,700.0,1999,operating,1,True,GE Vernova: 9HA.01,H/J-class,CCGT,Huadian Power International Company Limited,4809300,Climate TRACE,modelled (Climate TRACE),,Tianjin Shi,Xiaodongzhuang,WRI,,,,,,,,,,,
WRI1019465,Sriracha,Thailand,THA,13.1128,100.9085,700.0,2000,operating,1,True,,,CCGT,GPSC,,,,,Chon Buri,Si Racha,WRI,,,,,,,,,,,
WRI1000156,Tri Energy Power Plant,Thailand,THA,13.536,99.743,700.0,2000,,1,False,,,CCGT,Ratchaburi Electric Generating Company,,,,,Ratchaburi,Ratchaburi,WRI,,,,,,,,,,,
GBR1000437,Medway,United Kingdom,GBR,51.4396,0.6894,700.0,1995,operating,1,False,,,CCGT,Scottish and Southern: Thermal,,,,,England,Allhallows,WRI,,,,,,,,,,,
GOGPT_losllanos_colomb,Los Llanos power station,Colombia,COL,7.240011,'-75.484065,700.0,,,1,False,,,CCGT,Ecopetrol SA [100%],,,,,Antioquia,Los Llanos,GEM-GOGPT,,,,,,,,,,,
GOGPT_sulbagsel_indone,Sulbagsel power station,Indonesia,IDN,'-1.5,120.0,700.0,2025,announced,2,False,,,CCGT,PT PLN (Persero),,,,,Sulawesi,,GEM-GOGPT,,,,,,,,,,,
GOGPT_pazoil_israel,Paz Oil power station,Israel,ISR,31.828208,34.635788,700.0,,,1,False,,,CCGT,Paz Retail And Energy Ltd [100%],,,,,Ashdod,Ashdod,GEM-GOGPT,,,,,,,,,,,
GOGPT_ipp8combinedcycle_jordan,IPP8 Combined Cycle Power Station,Jordan,JOR,31.19133,36.41008,700.0,,announced,1,False,,,CCGT,National Electric Power Company (Jordan),,,,,Jordan,,GEM-GOGPT,,,,,,,,,,,
GOGPT_nhonhoirefinery_vietna,Nhon Hoi Refinery power station,Vietnam,VNM,13.838366,109.271338,700.0,,,1,False,,,CCGT,KST Energy Development JV [100%],,,,,Binh Dinh,Nhon Hoi Economic Zone,GEM-GOGPT,,,,,,,,,,,
USA0055662,Chehalis Generating Facility,United States of America,USA,46.6225,'-122.9131,698.0,2003,operating,1,False,,,CCGT,PacifiCorp,914726,US EPA GHGRP,measured,2431.5,Washington,Napavine,WRI,2,False,False,False,2043,55662,45.8,7458,402,0.355,2172.0
USA0002720,Buck,United States of America,USA,35.7133,'-80.3767,697.9,2011,operating,1,False,,,CCGT,Duke Energy Carolinas  LLC,1570968,US EPA GHGRP,measured,4392.3,North Carolina,Spencer,WRI,2,True,True,False,,2720,48.4,7052,380,0.796,4866.8
USA0002723,Dan River,United States of America,USA,36.4862,'-79.7208,697.9,2013,operating,1,False,,,CCGT,Duke Energy Carolinas  LLC,,,,4394.8,North Carolina,Eden,WRI,2,True,True,False,,2723,47.5,7188,388,0.672,4110.0
USA0007999,Grays Harbor Energy Facility,United States of America,USA,46.9692,'-123.48,697.8,2008,operating,1,False,,,CCGT,Invenergy Services LLC,1397812,US EPA GHGRP,measured,3407.1,Washington,Elma,WRI,2,True,False,False,,7999,48.1,7088,382,0.505,3163.2
USA0007900,Sand Hill,United States of America,USA,30.2098,'-97.6129,696.4,2004,operating,1,False,,,CCGT,Austin Energy,838023,US EPA GHGRP,measured,1517.5,Texas,Hornsby Bend,WRI,1,True,False,False,,7900,40.7,8377,452,0.265,1617.6
GOGPT_acc4t_mexico,Acc4t power station,Mexico,MEX,17.950363,'-93.680288,696.0,,,1,False,,,CCGT,Acc4t SAPI de CV [100%],,,,,Tabasco,Huimanguillo,GEM-GOGPT,,,,,,,,,,,
GOGPT_marbach_german,Marbach power station,Germany,DEU,48.92808,9.23109,695.0,1970,operating,1,True,,,CCGT,EnBW Energie Baden-Württemberg AG [100%],,,,,Baden-Württemberg,Marbach,GEM-GOGPT,,,,,,,,,,,
USA0056798,Kleen Energy Systems Project,United States of America,USA,41.5532,'-72.5969,693.0,2011,operating,1,False,,,CCGT,Kleen Energy Systems  LLC,1014344,US EPA GHGRP,measured,2115.4,Connecticut,Portland,WRI,2,True,False,False,,56798,48.3,7066,376,0.398,2416.2
USA0058557,Mesquite Generating Station Block 1,United States of America,USA,33.345,'-112.8642,691.6,2003,operating,1,False,,,CCGT,Salt River Project,3009090,US EPA GHGRP,measured,3216.0,Arizona,Buckeye,WRI,2,True,False,False,,58557,,,,,
USA0055481,Mesquite Generating Station Block 2,United States of America,USA,33.345,'-112.8642,691.6,2004,operating,1,False,,,CCGT,Mesquite Power LLC,3009090,US EPA GHGRP,measured,3414.7,Arizona,Buckeye,WRI,2,True,False,False,,58557,,,,,
USA0007296,State Line Combined Cycle,United States of America,USA,37.0659,'-94.614,690.5,1998,operating,1,False,,,CCGT,Empire District Electric Co,888277,US EPA GHGRP,measured,2738.5,Kansas,Galena,WRI,2,False,False,False,,7296,46.7,7300,394,0.392,2370.7
USA0000408,Valley (CA),United States of America,USA,34.245,'-118.3913,690.5,2002,operating,1,False,,,CCGT,Los Angeles Department of Water & Power,571225,US EPA GHGRP,measured,2241.8,California,San Fernando,WRI,2,True,False,False,,408,47.5,7179,380,0.343,2075.4
WRI1006042,Scholven power station,Germany,DEU,51.6024,7.0099,690.0,1973,operating,1,True,"Siemens Energy: SGT-800, Siemens Energy: SST-300",E/legacy-class,CCGT,E.On Kraftwerke GmbH,,,,3227.5,North Rhine-Westphalia,Gladbeck,WRI,,,,,,,,,,,
CT-5945,Centro Morelos (Huexca) power station,Mexico,MX,18.8013,'-98.8782,690.0,2021,operating,1,False,,,CCGT,Comisión Federal de Electricidad EPE,1459300,Climate TRACE,modelled (Climate TRACE),,Morelos,Mixtlalcingo,Climate TRACE,,,,,,,,,,,
GOGPT_teresina_brazil,Teresina power station,Brazil,BRA,'-5.253042,'-42.727407,690.0,,,1,False,,,CCGT,Gluon Petroleo e Gas SA [100%],,,,,Piauí,Teresina,GEM-GOGPT,,,,,,,,,,,
USA0010554,Formosa Utility Venture Ltd,United States of America,USA,28.6917,'-96.5417,689.4,1995,operating,2,True,,,CCGT,Formosa Plastics Corp,,,,3933.6,Texas,Port Lavaca,WRI,9,True,False,False,,10554,65.0,5247,278,0.54,3260.8
USA0055345,Otay Mesa Generating Project,United States of America,USA,32.5815,'-116.915,688.5,2009,operating,1,False,,,CCGT,Otay Mesa Energy Center LLC,839096,US EPA GHGRP,measured,751.8,Baja California,Tijuana,WRI,2,True,False,False,,55345,47.6,7163,386,0.429,2589.0
USA0055687,Higgins Generating Station,United States of America,USA,35.6139,'-115.3561,688.4,2004,operating,1,False,,,CCGT,Nevada Power Co,871131,US EPA GHGRP,measured,2240.3,Nevada,Sandy Valley,WRI,2,True,False,False,,55687,45.5,7506,405,0.447,2695.3
USA0055835,Rocky Mountain Energy Center,United States of America,USA,40.0908,'-104.5953,685.1,2004,operating,1,False,,,CCGT,Public Service Co of Colorado,,,,2531.7,Colorado,Hudson,WRI,2,True,True,False,,55835,40.9,8352,450,0.423,2540.7
GOGPT_maek2_kazakh,MAEK 2 power station,Kazakhstan,KAZ,43.606344,51.281217,685.0,1970,operating,1,True,,,CCGT,Aktau Energy Company LLP [100%],,,,,Mangistau,Aktau,GEM-GOGPT,,,,,,,,,,,
WRI1019310,Diemen 33,Netherlands,NLD,52.3389,5.0213,684.0,1995,operating,2,True,,,CCGT,Vattenfall,,,,2631.0,North Holland,Driemond,WRI,,,,,,,,,,,
CT-3203,Shenzhen Meishi Gas power station,China,CN,22.5487,113.9982,684.0,2007,operating,3,False,,,CCGT,Shenzhen Nantian Power Co Ltd,497240,Climate TRACE,modelled (Climate TRACE),,Guangdong,Shahe,Climate TRACE,,,,,,,,,,,
CT-4773,Hazira power station (Reliance),India,IN,21.1592,72.6871,682.2,1992,operating,1,False,,,CCGT,Reliance Infrastructure Ltd,2438800,Climate TRACE,modelled (Climate TRACE),,Gujarat,Surat,Climate TRACE,,,,,,,,,,,
GOGPT_norilskchp3_russia,Norilsk CHP-3 power station,Russia,RUS,69.323697,87.955065,680.0,1980,operating,2,True,,,CCGT,Norilsk-Taimyr Energy Company JSC [100%],,,,,Krasnoyarsk Krai,Norilsk,GEM-GOGPT,,,,,,,,,,,
GOGPT_cleanpathcenter_united,Clean Path energy center,United States,US,36.77378,'-108.505,680.0,,,1,False,,,CCGT,Clean Path Energy Center LLC [100%],,,,,New Mexico,Waterflow,GEM-GOGPT,,,,,,,,,,,
MEX0001781,Termoelectrica de Mexicali,Mexico,MEX,32.6013,'-115.6615,679.7,2003,operating,1,False,,,CCGT,Termoelectrica De Mexicali  S. De R.l. De C. V.,,,,,Baja California,Progreso,WRI,,,,,,,,,,,
USA0055340,Dell Power Station,United States of America,USA,35.8619,'-90.0253,679.1,2007,operating,1,False,,,CCGT,Associated Electric Coop  Inc,1694715,US EPA GHGRP,measured,3229.1,Arkansas,Gosnell,WRI,2,True,False,False,,55340,44.1,7739,417,0.488,2905.5
USA0055350,Dresden Energy Facility,United States of America,USA,40.0928,'-82.0276,678.3,2012,operating,1,False,,,CCGT,Appalachian Power Co,,,,4459.9,Ohio,Dresden,WRI,2,True,True,False,,55350,51.6,6616,357,0.752,4466.7
USA0055217,Los Medanos Energy Center,United States of America,USA,38.0301,'-121.873,678.3,2001,operating,1,True,,,CCGT,Los Medanos Energy Center LLC,1288810,US EPA GHGRP,measured,2707.1,California,Pittsburg,WRI,2,True,False,False,,55217,51.2,6662,359,0.599,3557.6
USA0052120,Freeport Energy,United States of America,USA,28.9913,'-95.4075,678.1,1982,operating,1,True,,,CCGT,Olin Blue Cube Operations,435190,Climate TRACE,modelled (Climate TRACE),3178.0,Texas,Clute,WRI,4,False,False,False,,52120,58.7,5815,308,0.391,2321.2
USA0007063,McIntosh (AL),United States of America,USA,31.2546,'-88.0299,676.0,2003,operating,1,True,,,CCGT,PowerSouth Energy Cooperative,118691,Climate TRACE,modelled (Climate TRACE),661.2,Alabama,Mount Vernon,WRI,1,True,False,False,,7697,,,278,0.789,846.7
USA0055641,Riverside Energy Center,United States of America,USA,42.5831,'-89.0358,674.9,2004,operating,1,False,,,CCGT,Wisconsin Power & Light Co,2867896,US EPA GHGRP,measured,4042.6,Wisconsin,Beloit,WRI,2,True,False,False,,55641,23.3,14648,790,0.465,2750.6
ARG0000165,CENTRAL T.GENELBA,Argentina,ARG,'-34.9027,'-58.7334,673.6,1997,operating,2,False,,,CCGT,PETROBRAS ENERGIA,,,,,Buenos Aires,Canuelas,WRI,,,,,,,,,,,
WRI1023774,Ras Djinet,Algeria,DZA,36.8509,3.6983,672.0,1986,operating,3,True,,,CCGT,Société Algérienne de Production de l'Electricité SpA [100%],,,,,Boumerdes,Isser,WRI,,,,,,,,,,,
CT-4833,Uran Combined Cycle power plant,India,IN,18.8816,72.9697,672.0,1994,operating,1,False,,,CCGT,Maharashtra State Power Generation Co Ltd,540500,Climate TRACE,modelled (Climate TRACE),,Maharashtra,Uran,Climate TRACE,,,,,,,,,,,
WRI1018583,Termoflores,Colombia,COL,11.0253,'-74.8112,670.0,1993,operating,2,False,,,CCGT,Termoflores S.A.E.S.P,,,,,Atlantico,Barranquilla,WRI,,,,,,,,,,,
WRI1000372,Chiahui,Taiwan,TWN,23.5072,120.4352,670.0,2004,operating,2,True,GE Power: 7HA.02,H/J-class,CCGT,Chiahui Power Corp [100%],,,,,Taiwan,Jiayi Shi,WRI,,,,,,,,,,,
GOGPT_gatun_panama,Gatún power station,Panama,PAN,9.328438,'-79.908015,670.0,2024,operating,1,False,"GE Power: STF-D600, GE Power: 7F.05, GE Power: 7F.05",other/unspecified,CCGT,Grupo Energy Gas Panamá SRL [100%],,,,,Colón,Isla Telfers,GEM-GOGPT,,,,,,,,,,,
GOGPT_jaci_brazil,Jaci power station,Brazil,BRA,'-22.280748,'-41.736603,667.0,,,1,False,,,CCGT,Global Participações em Energia SA [100%],,,,,Rio de Janeiro,Macaé,GEM-GOGPT,,,,,,,,,,,
USA0056458,Hobbs Generating Station,United States of America,USA,32.7283,'-103.3094,665.6,2008,operating,1,False,,,CCGT,Lea Power Partners LLC,,,,3364.3,New Mexico,Hobbs,WRI,2,True,False,False,,56458,45.4,7512,405,0.572,3415.2
GOGPT_karatzislarissa_greece,Karatzis Larissa power station,Greece,GRC,39.63107,22.38913,665.0,,,1,False,,,CCGT,KEN electricity company [100%],,,,,Thessaly,Larissa,GEM-GOGPT,,,,,,,,,,,
USA0055841,Silverhawk,United States of America,USA,36.4078,'-114.9606,664.7,2004,operating,1,False,,,CCGT,Nevada Power Co,,,,1795.0,Nevada,Nellis Air Force Base,WRI,2,True,False,False,,55841,43.4,7868,424,0.309,1802.0
CT-645,"Hill Top Energy Center, LLC",United States,US,39.893,'-79.9307,664.7,2021,operating,1,False,,,CCGT,Hill Top Energy Center LLC,905910,Climate TRACE,modelled (Climate TRACE),,Pennsylvania,Fairdale,Climate TRACE,,,,,,,,,,,
WRI1022030,Kyndbyvaerket,Denmark,DNK,55.8134,11.8792,664.0,1973,operating,2,True,,,CCGT,Ørsted A/S,,,,7.9,Capital Region,Jaegerspris,WRI,,,,,,,,,,,
USA0000643,Lansing Smith,United States of America,USA,30.2686,'-85.7003,661.5,2000,operating,1,False,,,CCGT,Gulf Power Co,1602401,US EPA GHGRP,measured,3913.4,Florida,Lynn Haven,WRI,2,True,False,False,,643,47.8,7146,385,0.784,4542.0
WRI1070306,Huaneng Haikou power station,China,CHN,19.9595,110.0317,660.0,1999,operating,2,False,,,CCGT,China Huaneng Group Corporation (CHNG),2976000,Climate TRACE,modelled (Climate TRACE),,Hainan,Laocheng,WRI,,,,,,,,,,,
CT-2824,Shijiazhuang Luhua cogen power station,China,CN,38.0516,114.3177,660.0,2011,operating,2,True,,,CCGT,Hebei Huadian Shijiazhuang Yuhua Thermoelectric Co Ltd,2394100,Climate TRACE,modelled (Climate TRACE),,Hebei,Huolu,Climate TRACE,,,,,,,,,,,
GOGPT_portkembla_austra,Port Kembla power station,Australia,AUS,'-34.4600822,150.9005496,660.0,,construction,1,False,GE Power: 9F.05,other/unspecified,CCGT,Australian Industrial Energy Pty Ltd [100%],,,,,New South Wales,Port Kembla,GEM-GOGPT,,,,,,,,,,,
GOGPT_mirsaraichattogram_bangla,Mirsarai Chattogram power station,Bangladesh,BGD,22.777362,91.56671,660.0,,,1,False,,,CCGT,General Electric Co [20%]; Confidence Power Holdings Ltd [62%]; Confidence Infra,,,,,Chittagong,Mirsarai,GEM-GOGPT,,,,,,,,,,,
GOGPT_aboadzerotan_ghana,Aboadze Rotan power station,Ghana,GHA,4.968973,'-1.663185,660.0,2027,announced,2,False,,,CCGT,Rotan Power Ltd [100%],,,,,Western,Aboadze,GEM-GOGPT,,,,,,,,,,,
CT-5223,Oita Co-operative power plant,Japan,JP,33.2687,131.648,657.0,1972,operating,1,False,,,CCGT,Oita Cooperative Thermal Power Co Inc,1432300,Climate TRACE,modelled (Climate TRACE),,Oita,Oita,Climate TRACE,,,,,,,,,,,
IND0000314,PAGUTHAN,India,IND,21.78,72.979,655.0,1997,operating,1,False,,,CCGT,Apraava Energy Pvt Ltd,369590,Climate TRACE,modelled (Climate TRACE),285.0,Gujarat,Bharuch,WRI,,,,,,,,,,,
USA0056467,Russell City Energy Center,United States of America,USA,37.6347,'-122.1338,655.0,2013,operating,1,False,,,CCGT,Russell City Energy Company LLC,717395,US EPA GHGRP,measured,885.0,California,San Lorenzo,WRI,2,True,False,False,,56467,46.2,7386,398,0.181,1037.4
USA0000688,Arvah B Hopkins,United States of America,USA,30.4522,'-84.4,654.3,1996,operating,1,False,,,CCGT,City of Tallahassee - (FL),,,,1579.3,Florida,Midway,WRI,1,True,False,False,,688,48.3,7066,381,0.264,1558.7
USA0000533,McWilliams,United States of America,USA,31.4003,'-86.4764,654.0,1998,operating,2,False,,,CCGT,PowerSouth Energy Cooperative,,,,3560.7,Alabama,Andalusia,WRI,3,True,True,False,,533,47.0,7252,391,0.68,3895.7
USA0056259,Empire Generating Co LLC,United States of America,USA,42.6252,'-73.75,653.7,2010,operating,1,True,,,CCGT,Empire Generating Co LLC,1219364,US EPA GHGRP,measured,2463.9,New York,Rensselaer,WRI,2,True,False,False,,56259,48.8,6995,379,0.567,3247.6
IND0000016,AURAIYA GT,India,IND,26.6282,79.5286,652.0,1989,operating,1,False,,,CCGT,NTPC Ltd [100%],,,,521.0,Uttar Pradesh,Phaphund,WRI,,,,,,,,,,,
USA0055667,Lower Mount Bethel Energy,United States of America,USA,40.8019,'-75.1076,651.6,2004,operating,1,False,,,CCGT,Lower Mount Bethel Energy LLC,,,,2401.8,New Jersey,Belvidere,WRI,2,True,False,False,,55667,48.4,7053,380,0.753,4295.5
GOGPT_elvalhalcorthisvi_greece,ElvalHalcor Thisvi power station,Greece,GRC,38.237635,22.958936,651.0,,,1,False,,,CCGT,Elvalhalcor Hellenic Copper and Aluminium Industry SA [100%],,,,,Boeotia,Thisvi,GEM-GOGPT,,,,,,,,,,,
WRI1008178,Sahand,Iran,IRN,37.424,46.013,650.0,2004,operating,1,False,Mapna Group: MGT-80,other/unspecified,CCGT,Thermal Power Plants Holding Co [100%],,,,,East Azerbaijan,Bonab,WRI,,,,,,,,,,,
WRI1000228,Teknologi Tenaga Perlis Consortium,Malaysia,MYS,6.3404,100.1568,650.0,2003,pre-construction,2,False,GE Vernova: 9HA.02,H/J-class,CCGT,Teknologi Tenaga Perlis Consortium Sdn Bhd [100%],,,,,Perlis,Kuala Perlis,WRI,,,,,,,,,,,
USA0057664,Astoria Energy II,United States of America,USA,40.7813,'-73.8966,650.0,2011,operating,1,False,,,CCGT,Astoria Energy II LLC,3136190,US EPA GHGRP,measured,2785.9,New York,Long Island City,WRI,2,True,False,False,,57664,,,,,
USA0055343,Luna Energy Facility,United States of America,USA,32.2993,'-107.7834,650.0,2006,operating,1,False,,,CCGT,Public Service Co of NM,,,,2638.0,New Mexico,Deming,WRI,2,True,False,False,,55343,48.3,7057,380,0.585,3333.5
GOGPT_juandho_mexico,Juandhó power station,Mexico,MEX,20.155577,'-99.187015,650.0,,,1,False,,,CCGT,Cooperative LF del Centro [100%],,,,,Hidalgo,Tetepango,GEM-GOGPT,,,,,,,,,,,
GOGPT_afamvi_nigeri,Afam VI power station,Nigeria,NGA,4.849527,7.256933,650.0,2008,operating,1,False,,,CCGT,The Shell Petroleum Development Company of Nigeria Ltd [100%],,,,,Rivers,Afam,GEM-GOGPT,,,,,,,,,,,
GOGPT_pagbilaocombinedcycle_philip,Pagbilao Combined Cycle power station,Philippines,PHL,13.8949,121.752369,650.0,2026,construction,1,False,"Siemens Energy: SGT6-5000F, Siemens Energy: SGT6-5000F",F-class,CCGT,Energy World Corp Ltd [100%],,,,,Calabarzon,Pagbilao,GEM-GOGPT,,,,,,,,,,,
USA0056102,Currant Creek,United States of America,USA,39.8214,'-111.8935,649.0,2005,operating,1,False,,,CCGT,PacifiCorp,1147967,US EPA GHGRP,measured,2917.5,Utah,Mona,WRI,2,True,False,False,,56102,45.6,7481,403,0.494,2806.0
USA0055270,Jackson Generating Station,United States of America,USA,42.2488,'-84.3767,649.0,2002,operating,3,False,Mitsubishi Power: M501JAC,H/J-class,CCGT,Consumers Energy Co,,,,2176.6,Michigan,Jackson,WRI,7,True,False,False,,55270,40.1,8518,459,0.388,2204.6
IND0000120,GANDHAR GT,India,IND,21.8242,73.1136,648.0,1994,operating,1,False,,,CCGT,NTPC Ltd [100%],,,,1527.3,Gujarat,Bharuch,WRI,,,,,,,,,,,
WRI1006230,BARRANCO DE TIRAJANA 7  VAPOR 3 (CC1),Spain,ESP,27.8045,'-15.4387,646.3,2008,operating,2,True,,,CCGT,UNION ELECTRICA DE CANARIAS GENERACION  S.A.U.,,,,,Canary Islands,Cruce de Arinaga,WRI,,,,,,,,,,,
USA0055129,Desert Basin,United States of America,USA,32.9042,'-111.7889,646.1,2001,operating,1,False,,,CCGT,Salt River Project,1240576,US EPA GHGRP,measured,2220.1,Arizona,Casa Grande,WRI,2,True,True,False,,55129,43.1,7910,426,0.215,1401.1
USA0055412,Osprey Energy Center Power Plant,United States of America,USA,28.0525,'-81.8083,644.2,2003,operating,1,False,,,CCGT,Duke Energy Florida  LLC,847667,US EPA GHGRP,measured,2214.2,Florida,Auburndale,WRI,2,True,False,False,,55412,46.9,7268,392,0.335,1889.3
USA0055516,Fayette Energy Facility,United States of America,USA,39.8592,'-79.9182,644.1,2003,operating,1,False,,,CCGT,Dynegy Fayette Energy Facility,,,,5047.4,Pennsylvania,Masontown,WRI,2,True,False,False,,55516,48.2,7074,381,0.789,4942.8
AUS0000156,Darling Downs,Australia,AUS,'-27.1169,150.8942,644.0,2009,operating,1,False,,,CCGT,Origin Energy,,,,2245.3,Queensland,Dalby,WRI,,,,,,,,,,,
USA0056964,Bayonne Energy Center,United States of America,USA,40.6528,'-74.0915,644.0,2013,,1,False,,,CCGT,Bayonne Energy Center LLC,,,,656.7,New Jersey,Bayonne,WRI,,,,,,,,,,,
USA0000991,Eagle Valley (IN),United States of America,USA,39.4852,'-86.4183,644.0,2018,operating,1,False,,,CCGT,Indianapolis Power & Light Co,1855770,US EPA GHGRP,measured,5100.8,Indiana,Martinsville,WRI,2,True,True,False,,991,52.0,6562,354,0.762,4296.5
USA0001912,High Bridge,United States of America,USA,44.9314,'-93.1117,644.0,2008,operating,1,False,,,CCGT,Northern States Power Co - Minnesota,,,,3497.0,Minnesota,West Saint Paul,WRI,2,True,True,False,,1912,44.5,7666,413,0.324,1827.7
USA0050815,Optim Energy Altura Cogen LLC,United States of America,USA,29.8161,'-95.1077,643.6,1987,operating,1,True,,,CCGT,Optim Energy LLC,,,,3209.1,Texas,Channelview,WRI,6,True,False,False,,50815,62.0,5504,297,0.566,3190.3
ARG0000274,CENTRAL TERMICA DE CICLO COMBINADO SALTA,Argentina,ARG,'-24.7456,'-65.0513,643.0,1999,operating,1,False,,,CCGT,AES - TERMOANDES SA,,,,,Salta,General Martin Miguel de Guemes,WRI,,,,,,,,,,,
GOGPT_gnaiv_brazil,GNA IV power station,Brazil,BRA,'-21.841458,'-41.021415,641.0,,announced,1,False,,,CCGT,Siemens Energy Brasil Ltda; BP PLC; Prumo Logistica SA; SPIC Brasil SA [33%],,,,,Rio de Janeiro,São João da Barra,GEM-GOGPT,,,,,,,,,,,
USA0000862,Grand Tower Energy Center LLC,United States of America,USA,37.6577,'-89.5112,640.9,1987,mothballed,2,False,,,CCGT,Mainline Generation LLC,0,US EPA GHGRP,measured,1000.6,Illinois,Murphysboro,WRI,2,True,False,False,,862,,,,0.0,
WRI1002854,Brindisi Nord power station,Italy,ITA,40.6432,17.9802,640.0,1974,operating,3,True,,,CCGT,Edipower SpA,3606400,Climate TRACE,modelled (Climate TRACE),0.0,Apulia,Materdomini,WRI,,,,,,,,,,,
WRI1002884,Fiume Santo power station,Italy,ITA,40.8461,8.3068,640.0,1992,operating,1,False,,,CCGT,E.On Produzione SpA,,,,3560.6,Sardinia,Porto Torres,WRI,,,,,,,,,,,
WRI1000244,GB3,Malaysia,MYS,4.3923,100.5897,640.0,2001,operating,2,False,,,CCGT,Tenaga Nasional Bhd [20%]; Employees Provident Fund of Malaysia [5%]; Malakoff C,,,,,Perak,Pantai Remis,WRI,,,,,,,,,,,
GOGPT_elcampesino_chile,El Campesino power station,Chile,CHL,'-36.794264,'-72.42031,640.0,,,1,False,,,CCGT,Generadora Metropolitana SpA [100%],,,,,Ñuble,Bulnes,GEM-GOGPT,,,,,,,,,,,
GOGPT_mmexpecos_united,MMEX Pecos Power Plant,United States,US,30.98467314,'-102.7222897,640.0,,announced,2,False,,,CCGT,MMEX Resources Corp,,,,,Texas,Fort Stockton,GEM-GOGPT,,,,,,,,,,,
BRA0002913,Uruguaiana,Brazil,BRA,'-29.7599,'-56.9905,639.9,2000,operating,1,False,,,CCGT,Âmbar Energia SA,,,,,Rio Grande do Sul,Uruguaiana,WRI,,,,,,,,,,,
GOGPT_panasia_philip,Panasia Energy power station,Philippines,PHL,14.55103,120.59753,638.0,,,1,False,,,CCGT,Panasia Energy Inc [100%],,,,,Bataan,,GEM-GOGPT,,,,,,,,,,,
WRI1008180,Sanandaj,Iran,IRN,35.3954,47.0306,636.0,2012,operating,2,False,Ansaldo Energia: V94.2,E/legacy-class,CCGT,MAPNA Sanandaj Power Generation Co [100%],,,,,Kordestan,Sanandaj,WRI,,,,,,,,,,,
USA0055112,Sutter Energy Center,United States of America,USA,39.0531,'-121.6959,636.0,2001,operating,1,False,,,CCGT,Calpine Corp-Sutter,841348,US EPA GHGRP,measured,653.1,California,South Yuba City,WRI,2,True,False,False,,55112,46.4,7350,396,0.473,2633.4
USA0055393,Metcalf Energy Center,United States of America,USA,37.2207,'-121.7457,635.0,2005,operating,1,False,,,CCGT,Calpine Corp - Metcalf Energy Center,,,,2566.1,California,Seven Trees,WRI,2,True,False,False,,55393,45.9,7434,401,0.416,2315.3
CAN0002081,Queen Elizabeth,Canada,CAN,52.0944,'-106.705,634.0,1959,operating,3,False,,,CCGT,Saskatchewan Power Corp,,,,,Saskatchewan,Saskatoon,WRI,,,,,,,,,,,
WRI1023725,Sohar,Oman,OMN,24.4885,56.6135,632.0,2006,operating,1,False,"Siemens Energy: GT5-2000E, Siemens Energy: GT5-2000E, Siemens Energy: GT5-2000E",E/legacy-class,CCGT,Sohar Aluminium [100%],,,,,Al Batinah,Al Liwa',WRI,,,,,,,,,,,
WRI1019099,Isalnita power station,Romania,ROU,44.3886,23.718,630.0,1988,mothballed,2,False,,,CCGT,SC Complexul Energetic Craiova,,,,2148.4,Dolj,Isalnita,WRI,,,,,,,,,,,
USA0055178,Dogwood Energy Facility,United States of America,USA,38.7931,'-94.3006,630.0,2001,operating,1,False,Siemens Energy: 501FD6(p),other/unspecified,CCGT,Dogwood Power Management  LLC,,,,2420.5,Missouri,Pleasant Hill,WRI,2,True,False,False,,55178,45.6,7482,403,0.317,1822.2
CT-5438,Shinsejong power station,South Korea,KR,36.5273,127.2966,630.0,2024,operating,1,True,GE Power: 7HA.03,H/J-class,CCGT,Korea Southern Power Co Ltd,1089700,Climate TRACE,modelled (Climate TRACE),,Daejeon,Songgang-dong,Climate TRACE,,,,,,,,,,,
GOGPT_queluzito_brazil,Queluzito power station,Brazil,BRA,'-20.740511,'-43.893461,630.0,,pre-construction,1,False,,,CCGT,Cemig Geração e Transmissão SA,,,,,Minas Gerais,Queluzito,GEM-GOGPT,,,,,,,,,,,
USA0055183,Nelson Energy Center,United States of America,USA,41.7744,'-89.6072,627.5,2015,operating,2,False,,,CCGT,Invenergy Services LLC,152472,US EPA GHGRP,measured,4017.1,Illinois,Rock Falls,WRI,2,True,True,False,,55183,48.2,7085,382,0.49,2691.4
GOGPT_nemadjitrailcenter_united,Nemadji Trail energy center,United States,US,46.6889,'-92.04727,625.0,2027,pre-construction,1,False,Siemens Energy: SGT6-8000H,other/unspecified,CCGT,Minnesota Power [30%]; South Shore Energy LLC [20%]; Dairyland Power Cooperative,,,,,Wisconsin,Superior,GEM-GOGPT,,,,,,,,,,,
CAN0002080,Portlands,Canada,CAN,43.6495,'-79.3311,624.0,2009,operating,1,False,,,CCGT,Portlands Energy Centre LP,,,,,Ontario,Toronto,WRI,,,,,,,,,,,
USA0056565,J Lamar Stall Unit,United States of America,USA,32.5195,'-93.7601,624.0,2010,operating,1,False,,,CCGT,Southwestern Electric Power Co,,,,2529.5,Louisiana,Shreveport,WRI,2,False,False,False,,56565,,,,,
GOGPT_novotempobarcarena_brazil,Novo Tempo Barcarena power station,Brazil,BRA,'-1.548658,'-48.745631,624.0,2026,construction,1,False,Mitsubishi Power: M501JAC,H/J-class,CCGT,Centrais Elétricas Barcarena SA [100%],,,,,Pará,Barcarena,GEM-GOGPT,,,,,,,,,,,
GOGPT_makucombinedcycle_iran,Maku Combined-Cycle Power Plant,Iran,IRN,39.291428,44.466357,620.0,,operating,1,False,,,CCGT,Maku Free Trade and Industrial Zone Authority [100%],,,,,West Azarbaijan,Maku,GEM-GOGPT,,,,,,,,,,,
MEX0001784,Chihuahua II (El Encino),Mexico,MEX,28.4461,'-105.92,619.4,2003,operating,1,False,,,CCGT,CFE,1484500,Climate TRACE,modelled (Climate TRACE),,Chihuahua,Santa Eulalia,WRI,,,,,,,,,,,
USA0055364,Sugar Creek Power,United States of America,USA,39.3931,'-87.5108,619.4,2002,operating,1,False,,,CCGT,Northern Indiana Pub Serv Co,1179052,US EPA GHGRP,measured,3717.1,Indiana,West Terre Haute,WRI,2,True,False,False,,55364,46.8,7287,393,0.624,3387.8
USA0059338,Gila River Power Block 1,United States of America,USA,32.975,'-112.6944,619.0,2003,operating,4,False,,,CCGT,Salt River Project,4049874,US EPA GHGRP,measured,1746.8,Arizona,Gila Bend,WRI,2,True,False,False,,55306,34.1,10020,540,0.463,7534.0
USA0056031,Fox Energy Center,United States of America,USA,44.3204,'-88.2089,618.8,2005,operating,1,False,,,CCGT,Wisconsin Public Service Corp,,,,4311.1,Wisconsin,Wrightstown,WRI,2,True,False,False,,56031,49.1,6943,374,0.786,4258.4
USA0055168,Bastrop Energy Center,United States of America,USA,30.1458,'-97.55,618.7,2002,operating,1,False,,,CCGT,Bastrop Energy Partners  LP,1153440,US EPA GHGRP,measured,2311.0,Texas,Garfield,WRI,2,True,False,False,,55168,47.8,7133,385,0.53,2873.4
CT-5226,Kurashiki Joint power station,Japan,JP,34.49,133.7191,617.0,1970,operating,1,False,,,CCGT,Setouchi Joint Thermal Power Co Ltd,1335400,Climate TRACE,modelled (Climate TRACE),,Okayama,Kurashiki,Climate TRACE,,,,,,,,,,,
MEX0001785,José Aceves Pozos (Mazatlán II),Mexico,MEX,23.1901,'-106.3558,616.0,1976,operating,1,False,,,CCGT,CFE,1547400,Climate TRACE,modelled (Climate TRACE),,Sinaloa,Fraccionamiento los Angeles,WRI,,,,,,,,,,,
GOGPT_ramhormozcombinedcycle_iran,Ramhormoz Combined Cycle power plant,Iran,IRN,31.262874,49.449899,615.0,,,1,False,,,CCGT,Saina Ramohormoz Power Generation Co [100%],,,,,Khuzestan,Ramhormoz,GEM-GOGPT,,,,,,,,,,,
USA0055231,Liberty Electric Power Plant,United States of America,USA,39.8614,'-75.3358,614.0,2002,operating,1,False,,,CCGT,Liberty Electric Power LLC,,,,3928.9,Pennsylvania,Eddystone,WRI,2,True,False,False,,55231,46.2,7388,398,0.661,3556.3
USA0055188,Cordova Energy,United States of America,USA,41.7122,'-90.2797,611.2,2001,operating,1,False,,,CCGT,Cordova Energy Co LLC,293296,US EPA GHGRP,measured,1675.9,Iowa,Camanche,WRI,2,False,False,False,,55188,48.0,7115,384,0.067,359.7
USA0008073,Beaver,United States of America,USA,46.1724,'-123.1739,610.7,1975,operating,1,False,,,CCGT,Portland General Electric Co,,,,500.6,Oregon,Clatskanie,WRI,6,False,True,False,,8073,33.4,10210,542,0.163,873.0
GOGPT_svobodny_russia,Svobodny power station,Russia,RUS,51.51302,128.180306,610.0,2021,operating,1,True,,,CCGT,Svobodnenskaya TPP LLC [100%],,,,,Amur Oblast,Svobodny,GEM-GOGPT,,,,,,,,,,,
USA0002411,PSEG Sewaren Generating Station,United States of America,USA,40.5558,'-74.2469,609.5,2018,operating,1,False,,,CCGT,PSEG Fossil LLC,1207079,US EPA GHGRP,measured,3308.7,New Jersey,Sewaren,WRI,1,True,False,False,,2411,49.8,6856,370,0.504,2691.1
USA0055154,Lost Pines 1 Power Project,United States of America,USA,30.1478,'-97.2714,609.0,2001,operating,1,False,,,CCGT,Lower Colorado River Authority,1247748,US EPA GHGRP,measured,2438.5,Texas,Camp Swift,WRI,2,False,False,False,,55154,48.0,7103,383,0.589,3141.2
GOGPT_aguaprieta_mexico,Aguaprieta power station,Mexico,MEX,31.313234,'-109.605086,607.5,,,1,False,,,CCGT,Parque de Generación Aguaprieta SAPI de CV [100%],,,,,Sonora,Agua Prieta,GEM-GOGPT,,,,,,,,,,,
USA0055661,Essential Power Newington LLC,United States of America,USA,43.1047,'-70.8061,605.5,2002,operating,1,False,,,CCGT,Essential Power Newington LLC,48368,US EPA GHGRP,measured,517.8,Maine,South Eliot,WRI,2,True,False,False,,55661,45.7,7472,440,0.249,1320.4
USA0055182,Sunrise Power LLC,United States of America,USA,35.2097,'-119.585,605.4,2001,operating,1,False,,,CCGT,Sunrise Power Co LLC,1082257,US EPA GHGRP,measured,2188.6,California,Taft Heights,WRI,2,True,False,False,,55182,48.8,6985,377,0.469,2817.2
USA0008031,Emery Station,United States of America,USA,43.094,'-93.2922,602.8,2004,operating,1,False,,,CCGT,Interstate Power and Light Co,,,,2561.9,Iowa,Clear Lake,WRI,2,True,True,False,,8031,44.4,7682,414,0.338,1787.0
USA0010789,Sabine River Works,United States of America,USA,30.0552,'-93.7579,601.1,1999,operating,1,True,,,CCGT,Performance Materials NA  Inc.,,,,3183.7,Texas,West Orange,WRI,3,True,False,False,,10789,,,,,
USA0055514,Apex Generating Station,United States of America,USA,36.416,'-114.9609,600.6,2003,operating,1,False,,,CCGT,Los Angeles Department of Water & Power,,,,2109.1,Nevada,Nellis Air Force Base,WRI,2,True,False,False,,55514,49.8,6857,370,0.512,2695.8
WRI1029815,Caojing Gas,China,CHN,30.76,121.41,600.0,2030,operating,2,True,Shanghai Electric: AE94.3A,other/unspecified,CCGT,Shenneng Yangshan Liquefied Natural Gas Co Ltd [100%],,,,,Shanghai Shi,Shanyang,WRI,,,,,,,,,,,
WRI1070683,Yuehua Huangpu power station,China,CHN,23.0792,113.4951,600.0,1990,operating,3,True,Siemens Energy: SGT5-8000H,other/unspecified,CCGT,Guangdong Electric Power Development Co Ltd,1505100,Climate TRACE,modelled (Climate TRACE),,Guangdong,Suidong,WRI,,,,,,,,,,,
WRI1000073,October 6th,Egypt,EGY,30.054,31.0456,600.0,2012,operating,1,False,,,CCGT,Cairo Electricity Production Co [100%],,,,1534.0,Al Jizah,Awsim,WRI,,,,,,,,,,,
WRI1061093,Megalopoli power station,Greece,GRC,37.4174,22.1079,600.0,1979,operating,1,False,,,CCGT,PPC,,,,2904.0,Peloponnese,Megalopoli,WRI,,,,,,,,,,,
WRI1019054,EC PKN Orlen,Poland,POL,52.5843,19.6879,600.0,2018,operating,1,True,,,CCGT,PKN Orlen,,,,569.1,Masovian Voivodeship,Plock,WRI,,,,,,,,,,,
WRI1075860,Kelvin power station,South Africa,ZAF,'-26.1158,28.194,600.0,1964,operating,1,False,,,CCGT,Aldwych International Ltd,1268250,Climate TRACE,modelled (Climate TRACE),,Gauteng,Modderfontein,WRI,,,,,,,,,,,
GBR1000500,Killingholme,United Kingdom,GBR,53.6535,'-0.2556,600.0,1992,pre-construction,2,True,,,CCGT,Uniper UK Limited,,,,,England,Immingham,WRI,,,,,,,,,,,
GOGPT_anwarajalalabad_bangla,Anwara Jalalabad power station,Bangladesh,BGD,22.234481,91.858383,600.0,2026,announced,1,False,,,CCGT,Jalalabad Electric Power Co [100%],,,,,Chittagong,Anwara Upazila,GEM-GOGPT,,,,,,,,,,,
GOGPT_gazariarpcl_bangla,Gazaria power station (RPCL),Bangladesh,BGD,23.524007,90.627202,600.0,2040,announced,1,False,,,CCGT,Rural Power Company Ltd [100%],,,,,Dhaka,Gazaria,GEM-GOGPT,,,,,,,,,,,
GOGPT_matarbarilng_bangla,Matarbari LNG power station,Bangladesh,BGD,21.728078,91.889577,600.0,,,1,False,,,CCGT,CPGCBL & Mitsui JV JV [100%],,,,,Chittagong,Maheshkhali Upazila - Cox's Bazar District,GEM-GOGPT,,,,,,,,,,,
GOGPT_easternhydrogenready_canada,Eastern Power Hydrogen Ready Power Plant Project,Canada,CAN,42.789871,'-82.427871,600.0,,pre-construction,2,False,GE Power: 7FA,F-class,CCGT,Eastern Power Inc [100%],,,,,Ontario,St. Clair,GEM-GOGPT,,,,,,,,,,,
GOGPT_tierranoble_chile,Tierra Noble power station,Chile,CHL,'-37.043118,'-72.405662,600.0,,,1,False,,,CCGT,Naturgy Energy Group SA [100%],,,,,Biobío,Cabrero,GEM-GOGPT,,,,,,,,,,,
GOGPT_fangchenggangdongwandi_china,Fangchenggang Dongwan Distributed Gas power station,China,CHN,21.6895452,108.3626015,600.0,,,5,True,GE Power: 6F,other/unspecified,CCGT,State Pipe Network Group Guangxi Fangchenggang Natural Gas Co Ltd [100%],,,,,Guangxi,,GEM-GOGPT,,,,,,,,,,,
GOGPT_vaires_france,Vaires power station,France,FRA,48.873643,2.655851,600.0,2008,operating,3,True,,,CCGT,Electricité de France SA [100%],,,,,Seine-et-Marne,Vaires-sur-Marne,GEM-GOGPT,,,,,,,,,,,
GOGPT_wales_guyana,Wales power station,Guyana,GUY,6.702742,'-58.20634,600.0,2026,construction,3,False,"Siemens Energy: SST-400, Siemens Energy: SGT-800, Siemens Energy: SGT-800",E/legacy-class,CCGT,Guyana Power and Light Inc [100%],,,,,Essequibo Islands-West Demerara,Wales,GEM-GOGPT,,,,,,,,,,,
GOGPT_bantaenglng_indone,Bantaeng LNG power station,Indonesia,IDN,'-5.471156,119.837627,600.0,,,1,False,,,CCGT,PT Energi Nusantara Merah Putih [100%],,,,,South Sulawesi,Bantaeng,GEM-GOGPT,,,,,,,,,,,
GOGPT_sulbagsel3_indone,Sulbagsel-3 power station,Indonesia,IDN,'-1.5,120.0,600.0,2030,announced,1,False,,,CCGT,PT PLN (Persero),,,,,Sulawesi,,GEM-GOGPT,,,,,,,,,,,
GOGPT_northjordan_jordan,North Jordan power station,Jordan,JOR,32.414896,35.855081,600.0,2027,pre-construction,2,False,,,CCGT,National Electric Power Company (Jordan),,,,,Jordan,,GEM-GOGPT,,,,,,,,,,,
GOGPT_kyaiklat_myanma,Kyaiklat power station,Myanmar,MMR,16.459955,95.707513,600.0,,pre-construction,1,False,,,CCGT,PTT Exploration and Production PCL [50%]; Global Power Synergy PCL [50%],,,,,Ayeyarwady,Kyaiklat,GEM-GOGPT,,,,,,,,,,,
GOGPT_kauswaganlngcombinedcy_philip,Kauswagan LNG Combined Cycle power plant,Philippines,PHL,8.185851,124.112007,600.0,,,1,False,,,CCGT,GNPower Ltd Co [100%],,,,,Northern Mindanao,Tacub,GEM-GOGPT,,,,,,,,,,,
GOGPT_saintjosephbatangas_philip,Saint Joseph Batangas power station,Philippines,PHL,13.883937,120.69816,600.0,,,1,False,,,CCGT,First Generation Holdings Corp [100%],,,,,Calabarzon,,GEM-GOGPT,,,,,,,,,,,
GOGPT_smccebu_philip,SMC Cebu power station,Philippines,PHL,10.325837,123.965578,600.0,,,1,False,,,CCGT,Converge Power Generation Corp [100%],,,,,Central Visayas,Lapu-Lapu City,GEM-GOGPT,,,,,,,,,,,
GOGPT_smcleyte_philip,SMC Leyte power station,Philippines,PHL,11.329969,124.34644,600.0,,,1,False,,,CCGT,Prestige Power Resources Inc [100%],,,,,Leyte,Tugas,GEM-GOGPT,,,,,,,,,,,
GOGPT_adamow_poland,Adamow power station,Poland,POL,52.012307,18.546212,600.0,2027,construction,1,True,Siemens Energy: SGT5-4000F,F-class,CCGT,Zespół Elektrowni Pątnów Adamów Konin SA [100%],,,,,Wielkopolskie,Turek,GEM-GOGPT,,,,,,,,,,,
GOGPT_hsintao_taiwan,Hsin Tao power station,Taiwan,TWN,24.814156,121.1978,600.0,2002,operating,1,False,,,CCGT,Hsin Tao Power Corp [100%],,,,,Guanxi,Guanxi,GEM-GOGPT,,,,,,,,,,,
GOGPT_kirsehirkanyon_trkiye,Kirsehir Kanyon power station,Türkiye,,39.1337,34.1505,600.0,,,1,False,,,CCGT,"Kanyon Yenilenenilir Enerji Uretim, Sanayi ve Tic. AS [100%]",,,,,Kirsehir,Kirsehir,GEM-GOGPT,,,,,,,,,,,
GOGPT_kyivchp_ukrain,Kyiv CHP power station,Ukraine,UKR,50.384298,30.556828,600.0,,announced,1,True,,,CCGT,Kyivteploenergo [100%],,,,,Kyiv,Kyiv,GEM-GOGPT,,,,,,,,,,,
USA0055221,Harry L. Oswald,United States of America,USA,34.5923,'-92.2166,599.5,2002,operating,1,False,,,CCGT,Arkansas Electric Coop Corp,390109,US EPA GHGRP,measured,368.9,Arkansas,Wrightsville,WRI,7,True,False,False,,55221,45.5,7507,405,0.19,998.5
CT-4781,Vadinar P1 power station,India,IN,22.3243,69.7377,599.5,2010,operating,1,True,,,CCGT,Nayara Energy Ltd,1980400,Climate TRACE,modelled (Climate TRACE),,Gujarat,Salaya,Climate TRACE,,,,,,,,,,,
USA0055406,Effingham County Power Project,United States of America,USA,32.2773,'-81.2844,596.6,2003,operating,1,False,,,CCGT,SEPG Operating Services  LLC Effingham,,,,2135.0,Georgia,Rincon,WRI,2,False,False,False,,55406,47.4,7199,388,0.487,2544.6
USA0055107,Rhode Island State Energy Center,United States of America,USA,41.8017,'-71.5186,596.0,2002,operating,1,False,,,CCGT,RISEC Operating Services,,,,3079.0,Rhode Island,Johnston,WRI,2,True,False,False,,55107,48.7,7010,378,0.631,3294.9
CT-4823,Dhuvaran Combined Cycle power plant,India,IN,22.2396,72.752,595.4,2004,operating,3,False,,,CCGT,Gujarat State Electricity Corporation Ltd,580430,Climate TRACE,modelled (Climate TRACE),,Gujarat,Dhuwaran,Climate TRACE,,,,,,,,,,,
USA0055375,Astoria Energy,United States of America,USA,40.7825,'-73.8964,595.0,2006,operating,1,False,,,CCGT,Astoria Energy LLC,3837,US EPA GHGRP,measured,3203.5,New York,Long Island City,WRI,2,True,False,False,,55375,46.4,7348,404,0.661,7207.8
CT-3038,Shennan Power Nanshan Thermal power station,China,CN,22.5132,113.8931,595.0,2003,operating,3,True,,,CCGT,Shenzhen Nanshan Power Co Ltd Nanshan Thermal Power Plant,1075580,Climate TRACE,modelled (Climate TRACE),,Guangdong,Shekou,Climate TRACE,,,,,,,,,,,
USA0007946,Wansley Unit 9,United States of America,USA,33.4083,'-85.0403,594.1,2004,operating,1,False,,,CCGT,Municipal Electric Authority,2462700,Climate TRACE,modelled (Climate TRACE),3069.8,Georgia,Franklin,WRI,2,True,False,False,,7946,46.9,7272,392,0.448,2333.9
USA0055206,Corpus Christi Energy Center,United States of America,USA,27.8139,'-97.4283,593.3,2002,operating,1,True,,,CCGT,Corpus Christi Cogeneration LLC,,,,1991.9,Texas,Corpus Christi,WRI,2,True,False,False,,55206,60.7,5618,303,0.403,2095.3
MEX0001804,El Sáuz,Mexico,MEX,20.4575,'-100.1206,591.0,2003,operating,2,False,,,CCGT,CFE,1600100,Climate TRACE,modelled (Climate TRACE),,Queretaro,El Sauz,WRI,,,,,,,,,,,
USA0055295,Blythe Energy Inc,United States of America,USA,33.6157,'-114.6865,591.0,2004,operating,1,False,,,CCGT,AltaGas Blythe Operations Inc,674910,US EPA GHGRP,measured,1468.6,California,Mesa Verde,WRI,2,True,False,False,,55295,44.3,7695,415,0.305,1579.9
WRI1070288,Huaneng Yantai power station,China,CHN,37.5326,121.3159,590.0,1999,operating,2,True,Siemens Energy: SGT5-4000F,F-class,CCGT,Huaneng Shandong Power Co Ltd,1884900,Climate TRACE,modelled (Climate TRACE),,Shandong Sheng,Fenghuangtai,WRI,,,,,,,,,,,
GOGPT_upgdanwara_bangla,UPGD Anwara power station,Bangladesh,BGD,22.233716,91.865981,590.0,2026,construction,1,False,Siemens Energy: H-class,other/unspecified,CCGT,United Power Generation & Distribution Company Ltd [100%],,,,,Chittagong,Anwara Upazila,GEM-GOGPT,,,,,,,,,,,
GOGPT_karpowership_iraq,Karpowership,Iraq,IRQ,30.108601,47.93266,590.0,,announced,3,False,,,CCGT,Karpowership,,,,,Basra,,GEM-GOGPT,,,,,,,,,,,
GOGPT_cccbajacaliforniaiv_mexico,CCC Baja California IV power station,Mexico,MEX,32.417547,'-115.247245,588.0,,,1,False,,,CCGT,Comisión Federal de Electricidad EPE [100%],,,,,Baja California,Cerro Prieto,GEM-GOGPT,,,,,,,,,,,
GOGPT_stratford_newzea,Stratford power station,New Zealand,NZL,'-39.330476,174.319736,587.0,1998,operating,1,False,,,CCGT,Contact Energy Ltd [100%],,,,,Taranaki,Stratford,GEM-GOGPT,,,,,,,,,,,
WRI1005636,Dormagen,Germany,DEU,51.0791,6.8287,586.3,2000,operating,1,True,,,CCGT,RWE Generation SE,,,,948.1,North Rhine-Westphalia,Dormagen,WRI,,,,,,,,,,,
WRI1001641,Uch Power Limited,Pakistan,PAK,28.5828,68.1782,586.0,2000,operating,2,False,,,CCGT,IPP,,,,,Balochistan,Dera Murad Jamali,WRI,,,,,,,,,,,
GOGPT_coloaneb_macao,Coloane B power station,Macao,,22.141111,113.580833,586.0,2003,operating,1,False,Siemens Energy: not found,other/unspecified,CCGT,Companhia de Electricidade de Macau SA [100%],,,,,Macau,Ka Ho,GEM-GOGPT,,,,,,,,,,,
USA0001927,Riverside (MN),United States of America,USA,45.0203,'-93.2753,585.9,2002,operating,1,False,,,CCGT,Northern States Power Co - Minnesota,950776,US EPA GHGRP,measured,3085.6,Minnesota,Columbia Heights,WRI,2,False,True,False,,1927,46.9,7280,392,0.285,1463.0
USA0056350,Colorado Bend Energy Center,United States of America,USA,29.2878,'-96.0683,580.1,2004,operating,2,False,,,CCGT,CER Colorado Bend Energy Partners LP,1112844,US EPA GHGRP,measured,2110.5,Texas,Wharton,WRI,4,True,False,False,,56350,39.9,8543,461,0.329,1674.0
WRI1003698,Dzerzhinsk TPP,Russia,RUS,56.2336,43.5208,580.0,1961,operating,1,True,,,CCGT,"Nizhny Novgorod branch of PJSC ""T Plus""",,,,,Nizjnij Novgorod,Dzerzhinsk,WRI,,,,,,,,,,,
CT-201,Rosignano power station,Italy,IT,43.3813,10.4485,580.0,1997,operating,1,True,,,CCGT,Cogeneration Rosignano SpA,609070,Climate TRACE,modelled (Climate TRACE),,Tuscany,Rosignano Solvay-Castiglioncello,Climate TRACE,,,,,,,,,,,
GOGPT_zhanjiangdisasterprote_china,Zhanjiang Disaster Protection power station,China,CHN,21.294708,110.340456,580.0,,announced,2,True,,,CCGT,,,,,,Guangdong,,GEM-GOGPT,,,,,,,,,,,
GOGPT_wolfsummit_united,Wolf Summit Energy power station,United States,US,39.287039,'-80.32287,579.0,2028,construction,1,False,,,CCGT,Wolf Summit Energy LLC,,,,,West Virginia,Clarksburg,GEM-GOGPT,,,,,,,,,,,
WRI1022051,Fenix,Peru,PER,'-12.544,'-76.7357,578.8,2014,operating,1,False,"GE Vernova: 9FA, GE Vernova: 9FA, GE Vernova: steam turbine - unknown model",F-class,CCGT,Fénix Power Perú S.A.,,,,3621.0,Lima,Chilca,WRI,,,,,,,,,,,
USA0055211,ANP Bellingham Energy Project,United States of America,USA,42.1106,'-71.4535,578.0,2002,operating,1,False,,,CCGT,ANP Bellingham Energy Company LLC,1217538,US EPA GHGRP,measured,1799.8,Massachusetts,Bellingham,WRI,,False,False,False,,55211,49.9,6836,369,0.506,2561.2
USA0055212,ANP Blackstone Energy Project,United States of America,USA,42.0599,'-71.5158,578.0,2001,operating,2,False,,,CCGT,ANP Blackstone Energy Company LLC,1080447,US EPA GHGRP,measured,1672.4,Massachusetts,Blackstone,WRI,,False,False,False,,55212,45.7,7466,403,0.513,2598.2
CAN0002087,St. Clair,Canada,CAN,42.8973,'-82.3984,577.0,2003,operating,2,False,,,CCGT,St. Clair Power LP,,,,,Michigan,Port Huron,WRI,,,,,,,,,,,
USA0055259,Whiting Clean Energy,United States of America,USA,41.6739,'-87.4775,576.8,2002,operating,1,True,,,CCGT,BP Alternative Energy,768190,Climate TRACE,modelled (Climate TRACE),2772.2,Indiana,Whiting,WRI,2,True,False,False,,55259,44.7,7635,412,0.482,2435.6
USA0007985,Greater Des Moines,United States of America,USA,41.5563,'-93.5283,576.3,2003,operating,1,False,,,CCGT,MidAmerican Energy Co,839556,US EPA GHGRP,measured,438.6,Iowa,Pleasant Hill,WRI,2,False,False,False,,7985,46.4,7359,397,0.292,1475.3
WRI1002697,BOUCHAIN 7,France,FRA,50.2987,3.3156,575.0,2016,operating,1,False,,,CCGT,Electricité de France SA [100%],,,,,Nord-Pas-de-Calais,Bouchain,WRI,,,,,,,,,,,
WRI1061770,Permskaya CHPP-9,Russia,RUS,57.925,56.1472,575.0,1957,operating,1,True,,,CCGT,"Perm Branch of PJSC ""T Plus""",,,,,Perm,Kondratovo,WRI,,,,,,,,,,,
USA0007512,Arthur Von Rosenberg,United States of America,USA,29.257,'-98.384,575.0,2000,operating,1,False,,,CCGT,City of San Antonio - (TX),,,,3372.8,Texas,Elmendorf,WRI,2,True,False,False,,7512,,,,,
GOGPT_chabahar_iran,Chabahar power station,Iran,IRN,25.328319,60.786341,575.0,2022,operating,1,False,,,CCGT,Saba Power and Energy Group [100%],,,,,Sistan and Baluchestan,Tiskoupan,GEM-GOGPT,,,,,,,,,,,
USA0004937,Thomas C Ferguson,United States of America,USA,30.558,'-98.3705,574.6,2014,operating,1,False,,,CCGT,Lower Colorado River Authority,1356692,US EPA GHGRP,measured,3217.7,Texas,Granite Shoals,WRI,2,False,False,False,,4937,50.8,6718,362,0.625,3144.0
GOGPT_ecoelectrica_puerto,EcoElectrica power station,Puerto Rico,,17.981025,'-66.75542,574.0,2000,operating,1,True,,,CCGT,EcoElectrica LP [100%],,,,,Puerto Rico,Tallaboa Poniente,GEM-GOGPT,,,,,,,,,,,
USA0000147,Kyrene,United States of America,USA,33.3556,'-111.9353,573.7,1983,operating,1,False,,,CCGT,Salt River Project,485283,US EPA GHGRP,measured,1454.6,Arizona,Guadalupe,WRI,1,True,False,False,,147,48.4,7049,380,0.249,1253.0
GOGPT_meridakanasincc_mexico,Merida Kanasín CC power station,Mexico,MEX,20.9222,'-89.5404,573.0,,,1,False,,,CCGT,Iberdrola México SA de CV [100%],,,,,Yucatán,Mérida,GEM-GOGPT,,,,,,,,,,,
CT-5238,Joetsu power station,Japan,JP,37.2061,138.2785,572.0,2012,operating,5,False,,,CCGT,Tohoku Electric Power Co Inc,850790,Climate TRACE,modelled (Climate TRACE),,Niigata,Joetsu,Climate TRACE,,,,,,,,,,,
USA0055664,Harrison County Power Project,United States of America,USA,32.3958,'-94.4367,570.0,2003,operating,1,False,,,CCGT,Northeast Texas Elec Coop  Inc,,,,2612.6,Texas,Tatum,WRI,2,True,False,False,,55664,47.3,7220,389,0.553,2762.1
CT-5507,Mauá 3 power station,Brazil,BR,'-3.1173,'-59.9299,570.0,2017,operating,1,False,,,CCGT,Âmbar Energia SA,2174400,Climate TRACE,modelled (Climate TRACE),,Amazonas,Manaus,Climate TRACE,,,,,,,,,,,
GOGPT_lekkirefinery_nigeri,Lekki Refinery power station,Nigeria,NGA,6.4698,3.5852,570.0,2024,operating,1,False,,,CCGT,Dangote Petroleum Refinery and Petrochemicals FZE [100%],,,,,Lagos,Lekki,GEM-GOGPT,,,,,,,,,,,
GOGPT_middlesexcenter_united,Middlesex energy center,United States,US,40.446,'-74.356,570.0,,,1,False,,,CCGT,Middlesex Energy Center LLC [100%],,,,,New Jersey,Sayreville,GEM-GOGPT,,,,,,,,,,,
CT-5239,Ishikariwan Shinko power station,Japan,JP,43.1932,141.276,569.4,2019,operating,1,False,,,CCGT,Hokkaido Electric Power Co Inc,846920,Climate TRACE,modelled (Climate TRACE),,Hokkaido,Ishikari,Climate TRACE,,,,,,,,,,,
ARG0000160,CT ENSENADA DE BARRAGAN,Argentina,ARG,'-34.8597,'-57.9557,567.0,2023,operating,1,False,"Siemens Energy: SST5-5000, Siemens Energy: SGT5-4000F, Siemens Energy: SGT5-4000F",F-class,CCGT,ENARSA,,,,,Buenos Aires,Ensenada,WRI,,,,,,,,,,,
GOGPT_nandipur_pakist,Nandipur power station,Pakistan,PAK,32.242593,74.266934,567.0,2014,operating,1,False,,,CCGT,Northern Power Generation Company Ltd [100%],,,,,Punjab,Nandipur,GEM-GOGPT,,,,,,,,,,,
WRI1006024,Berlin-Reuter-West power station,Germany,DEU,52.5351,13.2426,564.0,1988,operating,1,True,,,CCGT,Vattenfall Europe AG,1254450,Climate TRACE,modelled (Climate TRACE),2259.9,Berlin,Haselhorst,WRI,,,,,,,,,,,
USA0055294,Westbrook Energy Center Power Plant,United States of America,USA,43.6575,'-70.375,563.9,2001,operating,1,False,,,CCGT,Westbrook Energy Center,871059,US EPA GHGRP,measured,957.1,Maine,Westbrook,WRI,2,False,False,False,,55294,49.3,6918,373,0.498,2461.7
USA0001904,Black Dog,United States of America,USA,44.8108,'-93.2501,562.8,1997,operating,1,False,,,CCGT,Northern States Power Co - Minnesota,,,,1780.2,Minnesota,Burnsville,WRI,1,True,True,False,2031,1904,38.0,8972,484,0.151,742.9
GOGPT_gdansk_poland,Gdańsk CCGT power station,Poland,POL,54.34514,18.72658,561.0,2029,construction,1,False,,,CCGT,CCGT Gdańsk SP zoo,,,,,Gdansk,Gdansk,GEM-GOGPT,,,,,,,,,,,
ARG0000308,VUELTA DE OBLIGADO,Argentina,ARG,'-32.5807,'-60.7903,560.0,2018,operating,1,False,,,CCGT,CENTRAL VUELTA DE OBLIGADO SA,,,,,Santa Fe,San Lorenzo,WRI,,,,,,,,,,,
WRI1029208,Bheramara GT (Unit-1 2 3),Bangladesh,BGD,24.0487,89.0173,560.0,1976,operating,1,False,,,CCGT,North-West Power Generation Co Ltd [100%],,,,,Khulna,Bheramara,WRI,,,,,,,,,,,
GOGPT_sanjuanii_puerto,San Juan II power plant,Puerto Rico,,18.461942,'-66.11091,560.0,2028,pre-construction,1,False,,,CCGT,Puerto Rico Electric Power Authority,,,,,Puerto Rico,,GEM-GOGPT,,,,,,,,,,,
USA0056807,Bear Garden,United States of America,USA,37.6956,'-78.2853,559.0,2011,operating,1,False,,,CCGT,Virginia Electric & Power Co,1146397,US EPA GHGRP,measured,3558.4,Virginia,Weber City,WRI,2,True,False,False,,56807,48.1,7090,384,0.492,2407.7
USA0055985,Palomar Energy,United States of America,USA,33.1197,'-117.1178,559.0,2005,operating,1,False,,,CCGT,San Diego Gas & Electric Co,488006,US EPA GHGRP,measured,1182.8,California,Escondido,WRI,2,True,False,False,,55985,48.4,7049,380,0.486,2381.5
GOGPT_morrow_united,Morrow Generating Plant,United States,US,31.217756,'-89.393972,558.0,2023,operating,1,False,Siemens Energy: SGT6-9000HL,H/J-class,CCGT,Cooperative Energy [100%],,,,,Mississippi,Purvis,GEM-GOGPT,,,,,,,,,,,
USA0055970,Cosumnes,United States of America,USA,38.3385,'-121.124,556.8,2006,operating,1,False,,,CCGT,Sacramento Municipal Util Dist,,,,2751.2,California,Clay,WRI,2,False,True,False,,55970,44.2,7727,418,0.187,912.7
USA0055710,Allegheny Energy Units 3 4 & 5,United States of America,USA,40.5453,'-79.7686,556.0,2003,operating,1,False,,,CCGT,Springdale Energy LLC,577070,Climate TRACE,modelled (Climate TRACE),4340.8,Pennsylvania,Lower Burrell,WRI,2,False,False,False,,55710,53.2,6414,346,0.904,4405.2
USA0055404,Carville Energy LLC,United States of America,USA,30.2294,'-91.065,555.0,2003,operating,1,True,,,CCGT,Carville Energy LLC,1422173,US EPA GHGRP,measured,2970.4,Louisiana,Carville,WRI,2,True,False,False,,55404,53.5,6379,344,0.508,2467.5
USA0055283,Front Range Power Plant,United States of America,USA,38.6281,'-104.7069,554.3,2003,operating,1,False,,,CCGT,City of Colorado Springs - (CO),,,,2653.8,Colorado,Fountain,WRI,2,True,False,False,,55283,42.1,8105,437,0.496,2406.7
USA0055220,Attala,United States of America,USA,33.0147,'-89.6753,551.3,2001,operating,1,False,,,CCGT,Entergy Mississippi LLC,1118035,US EPA GHGRP,measured,1658.9,Mississippi,Kosciusko,WRI,2,False,False,False,,55220,48.0,7112,383,0.693,3346.4
USA0055545,Hidalgo Energy Center,United States of America,USA,26.3417,'-98.1758,551.3,2000,operating,1,False,,,CCGT,Calpine Corp - Hidalgo,1062228,US EPA GHGRP,measured,2722.2,Texas,Edinburg,WRI,2,False,False,False,,55545,,,,,
USA0055218,Hinds Energy Facility,United States of America,USA,32.379,'-90.2199,551.3,2001,operating,1,False,,,CCGT,Entergy Mississippi LLC,,,,3175.7,Mississippi,Jackson,WRI,2,False,False,False,,55218,48.8,6993,377,0.584,3069.7
USA0055457,McClain Energy Facility,United States of America,USA,35.2977,'-97.5898,551.3,2001,operating,1,False,,,CCGT,Oklahoma Gas & Electric Co,,,,2956.5,Oklahoma,Newcastle,WRI,2,False,False,False,,55457,48.7,7009,378,0.476,2298.9
USA0056349,Quail Run Energy Center,United States of America,USA,31.8414,'-102.315,550.4,2005,operating,2,False,,,CCGT,CER Quail Run Energy Partners LP,,,,2202.1,Texas,Odessa,WRI,4,True,False,False,,56349,38.2,8944,482,0.281,1355.9
USA0055068,Maine Independence Station,United States of America,USA,44.8242,'-68.7094,550.2,2000,operating,1,False,,,CCGT,Casco Bay Energy Co LLC,,,,274.0,Maine,Veazie,WRI,2,False,False,False,,55068,46.2,7382,398,0.139,669.6
MEX0001786,Salamanca,Mexico,MEX,20.5694,'-101.1712,550.0,2017,operating,1,True,GE Power: 7FA.03,F-class,CCGT,CFE,2235400,Climate TRACE,modelled (Climate TRACE),,Guanajuato,El Divisador,WRI,,,,,,,,,,,
WRI1029902,Sejong City,South Korea,KOR,36.4683,127.2479,550.0,2013,operating,1,True,,,CCGT,Korea Midland Power Company,,,,,Chungcheongnam-do,Gongju,WRI,,,,,,,,,,,
WRI1000363,Talin,Taiwan,TWN,22.5353,120.3368,550.0,1995,operating,1,False,,,CCGT,Taiwan Power Co [100%],,,,,Kaohsiung,Kaohsiung,WRI,,,,,,,,,,,
GOGPT_siekierki_poland,Siekierki power station,Poland,POL,52.191456,21.086218,550.0,2030,announced,1,True,,,CCGT,PGNiG Termika SA,,,,,Warszawa,Warszawa,GEM-GOGPT,,,,,,,,,,,
GOGPT_greendubaiscc_saudia,Green Duba ISCC power plant,Saudi Arabia,SAU,27.750957,35.443314,550.0,2022,operating,1,False,"GE Power: 7F.05, GE Power: 7F.03",other/unspecified,CCGT,Saudi Electricity Co [100%],,,,,Tabuk,Tabuk,GEM-GOGPT,,,,,,,,,,,
GOGPT_cengizenerjijizzakhchp_uzbeki,Cengiz Enerji Jizzakh CHP power station,Uzbekistan,UZB,40.092026,67.943349,550.0,2026,construction,1,True,"Siemens Energy: SGT54000F, Siemens Energy: SST-700/900",F-class,CCGT,Cengiz Enerji Sanayii ve Ticaret AŞ [100%],,,,,Jizzakh,,GEM-GOGPT,,,,,,,,,,,
ARG0000198,LUJAN DE CUYO,Argentina,ARG,'-33.0551,'-68.981,549.8,1988,operating,2,True,,,CCGT,CT MENDOZA SA,,,,,Mendoza,Lujan de Cuyo,WRI,,,,,,,,,,,
MEX0001787,Valle de México (CC),Mexico,MEX,19.6183,'-98.9764,549.3,1963,operating,2,False,Siemens Energy: SGT6-8000H,other/unspecified,CCGT,CFE,2697500,Climate TRACE,modelled (Climate TRACE),,Mexico,Prados de San Juan,WRI,,,,,,,,,,,
GOGPT_moundsville_united,Moundsville power station,United States,US,39.91983089,'-80.74276144,549.0,,pre-construction,1,False,,,CCGT,Calpine Mid-Atlantic Development LLC,,,,,West Virginia,Moundsville,GEM-GOGPT,,,,,,,,,,,
USA0000399,Harbor,United States of America,USA,33.7706,'-118.2656,548.1,1998,operating,2,False,,,CCGT,Los Angeles Department of Water & Power,87246,US EPA GHGRP,measured,103.2,California,San Pedro,WRI,2,False,False,False,,399,31.4,10852,575,0.024,114.5
CT-3039,CNOOC Shenzhen power plant,China,CN,22.5574,114.4918,548.0,2003,operating,2,False,Dongfang Electric Corporation: PG9171E,other/unspecified,CCGT,CNOOC Shenzhen Electric Power Co Ltd,1068490,Climate TRACE,modelled (Climate TRACE),,Guangdong,Nan'ao,Climate TRACE,,,,,,,,,,,
GOGPT_delimara_malta,Delimara power station,Malta,,35.83087,14.55463,547.8,1994,operating,2,False,GE Power: MS6001B,other/unspecified,CCGT,Enemalta PLC [100%],,,,,South Eastern,Marsaxlokk Bay,GEM-GOGPT,,,,,,,,,,,
GOGPT_andimeshk3_iran,Andimeshk-3 power station,Iran,IRN,32.494087,48.199286,546.0,,,1,False,"Mapna Group: MST54C, Mapna Group: MGT70, Mapna Group: MGT70",other/unspecified,CCGT,Taraz Peyriz Civil and Construction Holding PJSC [100%],,,,,Khuzestan,Andimeshk,GEM-GOGPT,,,,,,,,,,,
USA0002050,Baxter Wilson,United States of America,USA,32.2831,'-90.9306,544.6,1967,pre-construction,1,False,Mitsubishi Power: M501JAC,H/J-class,CCGT,Entergy Mississippi LLC,,,,1538.0,Mississippi,Vicksburg,WRI,,,,,,,,,,,
GOGPT_elsaltoi_mexico,El Salto I power station,Mexico,MEX,20.486594,'-103.237296,544.6,,announced,1,False,,,CCGT,Ad Astra Energía SAPI de CV [100%],,,,,Jalisco,Tlajomulco de Zúñiga,GEM-GOGPT,,,,,,,,,,,
GEODB0043035,Gomel-2 CHP Power Plant Belarus,Belarus,BLR,52.4492,30.8167,544.0,1986,operating,3,True,,,CCGT,Gomelenergo RUE [100%],,,,,Gomel,Kastsyukowka,WRI,,,,,,,,,,,
USA0059325,Kings Mountain Energy Center,United States of America,USA,35.2025,'-81.3631,543.9,2018,operating,1,False,,,CCGT,NTE Carolinas  LLC,,,,2976.8,North Carolina,White Plains,WRI,1,True,False,False,,59325,50.2,6796,366,0.657,3128.3
USA0059326,Middletown Energy Center,United States of America,USA,39.465,'-84.3478,543.9,2018,operating,1,False,,,CCGT,NTE Ohio LLC,,,,3329.5,Ohio,Monroe,WRI,1,True,False,False,,59326,50.6,6745,364,0.746,3556.5
WRI1003782,Perm HPP-13,Russia,RUS,57.9772,56.2561,543.7,1959,operating,1,True,,,CCGT,"Perm Branch of PJSC ""T Plus""",,,,,Perm,Perm,WRI,,,,,,,,,,,
GEODB0043037,Minsk-3 CHP CCGT Power Plant,Belarus,BLR,53.8799,27.6476,542.0,2011,operating,1,True,,,CCGT,Minskenergo RUE [100%],,,,,Minsk,Vyaliki Trastsyanets,WRI,,,,,,,,,,,
CAN0002029,Brighton Beach,Canada,CAN,42.2798,'-83.0946,541.3,2004,operating,1,False,,,CCGT,Shell Energy North America (Canada) Inc,,,,,Michigan,River Rouge,WRI,,,,,,,,,,,
ARG0000259,CENTRAL LOMA DE LA LATA SA,Argentina,ARG,'-38.5127,'-68.6048,540.0,1999,operating,1,False,,,CCGT,PAMPA ENERGIA,,,,,Neuquen,Anelo,WRI,,,,,,,,,,,
GBR1000003,Ballylumford B,United Kingdom,GBR,54.845,'-5.787,540.0,1974,operating,2,False,,,CCGT,AES,,,,176.8,Northern Ireland,Larne,WRI,,,,,,,,,,,
CT-3091,Huaneng Tongxiang Gas Thermal power station,China,CN,30.5931,120.3573,540.0,2014,operating,2,True,,,CCGT,Huaneng Tongxiang Gas Turbine Thermal Power Co Ltd,866360,Climate TRACE,modelled (Climate TRACE),,Zhejiang Sheng,Zhouquan,Climate TRACE,,,,,,,,,,,
GOGPT_losrulos_chile,Los Rulos power station,Chile,CHL,'-33.001393,'-71.298163,540.0,,,1,False,,,CCGT,Nautilus Inkia Holdings LLC [100%],,,,,Valparaíso,Limache,GEM-GOGPT,,,,,,,,,,,
GOGPT_quaiboe_nigeri,Qua Iboe power plant,Nigeria,NGA,4.548651,8.009532,540.0,2025,,1,False,,,CCGT,Qua Iboe Power Plant Ltd [100%],,,,,Akwa Ibom,Kwa Ibo,GEM-GOGPT,,,,,,,,,,,
GOGPT_bataan_philip,Bataan power station,Philippines,PHL,14.55103,120.59753,540.0,2008,operating,2,False,,,CCGT,Panasia Energy Inc [100%],,,,,Bataan,,GEM-GOGPT,,,,,,,,,,,
GOGPT_burapa_thaila,Burapa power station,Thailand,THA,13.749029,101.43577,540.0,2027,pre-construction,1,False,,,CCGT,Burapa Power Holding Co [100%],,,,,Chachoengsao,Phanom Sarakham,GEM-GOGPT,,,,,,,,,,,
USA0007917,Chattahoochee Energy Facility,United States of America,USA,33.4072,'-85.0386,539.7,2003,operating,1,False,,,CCGT,Oglethorpe Power Corporation,1310709,US EPA GHGRP,measured,3327.3,Georgia,Franklin,WRI,2,True,False,False,,7917,49.0,6969,376,0.544,2571.7
USA0000056,Charles R Lowman,United States of America,USA,31.488,'-87.9107,538.0,1977,operating,1,False,,,CCGT,PowerSouth Energy Cooperative,609419,US EPA GHGRP,measured,955.0,Alabama,Jackson,WRI,1,True,False,False,,56,,,,,
CT-3064,Guodian Zhongshan Minzhong Gas Thermal power station,China,CN,22.6729,113.4966,538.0,2019,operating,2,True,,,CCGT,Guodian Zhongshan Gas Power Generation Co Ltd Minzhong Thermal Power Plant,959680,Climate TRACE,modelled (Climate TRACE),,Guangdong,Minzhong,Climate TRACE,,,,,,,,,,,
USA0002480,Danskammer Generating Station,United States of America,USA,41.5712,'-73.975,537.4,1961,operating,1,False,,,CCGT,Danskammer Energy,,,,9.2,New York,Marlboro,WRI,,,,,,,,,,,
USA0057901,El Segundo Energy Center LLC,United States of America,USA,33.9106,'-118.425,537.4,2013,operating,2,False,,,CCGT,NRG El Segundo Operations Inc,71521,US EPA GHGRP,measured,516.6,California,El Segundo,WRI,2,False,False,False,,57901,,,,,
WRI1006406,CT ESCOMBRERAS 5,Spain,ESP,37.5645,'-0.9513,537.3,1968,operating,1,False,,,CCGT,IBERDROLA GENERACION  S.A.,,,,,Murcia,Cartagena,WRI,,,,,,,,,,,
CT-5242,Yoshinoura thermal power plant,Japan,JP,26.2767,127.8132,537.0,2012,operating,2,False,,,CCGT,Okinawa Electric Power Co Inc,819530,Climate TRACE,modelled (Climate TRACE),,Okinawa,Ginowan,Climate TRACE,,,,,,,,,,,
USA0055077,Desert Star Energy Center,United States of America,USA,35.7889,'-114.9942,536.0,2000,operating,1,False,,,CCGT,Desert Star Energy Center SDG&E,,,,1314.5,Nevada,Boulder City,WRI,2,True,False,False,2027,55077,45.5,7501,404,0.323,1519.9
USA0056806,Cedar Bayou 4,United States of America,USA,29.7516,'-94.9231,535.5,2009,operating,1,False,,,CCGT,NRG Cedar Bayou Development Company LLC,678858,US EPA GHGRP,measured,618.6,Texas,Baytown,WRI,2,False,False,False,,56806,46.9,7271,392,0.523,2453.1
GOGPT_novisad_serbia,Novi Sad power station,Serbia,SRB,45.267969,19.885331,535.0,1984,operating,1,True,,,CCGT,Energija Novi Sad [100%],,,,,Vojvodina,Novi Sad,GEM-GOGPT,,,,,,,,,,,
USA0006081,Stony Brook,United States of America,USA,42.1978,'-72.5106,534.6,1981,operating,1,False,,,CCGT,Massachusetts Mun Wholes Electric Co,,,,46.3,Massachusetts,Ludlow,WRI,3,False,True,False,,6081,37.1,9208,574,0.023,110.1
BRA0028031,Termopernambuco,Brazil,BRA,'-8.3991,'-34.9569,532.8,2004,operating,1,False,,,CCGT,Grupo Neoenergia SA,58062,Climate TRACE,modelled (Climate TRACE),,Pernambuco,Ipojuca,WRI,,,,,,,,,,,
BRA0030769,Baixada Fluminense,Brazil,BRA,'-22.7183,'-43.6335,530.0,2014,operating,1,False,,,CCGT,Petróleo Brasileiro SA,639010,Climate TRACE,modelled (Climate TRACE),,Rio de Janeiro,Japeri,WRI,,,,,,,,,,,
WRI1005506,Delesto,Netherlands,NLD,53.3185,6.9544,530.0,1987,operating,1,True,,,CCGT,TenneT,,,,,Groningen,Delfzijl,WRI,,,,,,,,,,,
WRI1001887,SAN LORENZO,Philippines,PHL,13.7717,124.0349,530.0,2002,operating,2,False,,,CCGT,FGP Corp [40%]; Prime Infrastructure Capital Inc [60%],,,,,Bicol,Manamrag,WRI,,,,,,,,,,,
GOGPT_warnes_bolivi,Warnes power station,Bolivia,BOL,'-17.53523,'-63.146784,530.0,2019,operating,4,False,"Siemens Energy: SGT-800, Siemens Energy: SST-400, Siemens Energy: SGT-800",E/legacy-class,CCGT,ENDE Andina SAM [100%],,,,,Santa Cruz,Warnes,GEM-GOGPT,,,,,,,,,,,
GOGPT_zahedanii_iran,Zahedan II Power Plant,Iran,IRN,29.422705,60.809964,530.0,,construction,1,False,,,CCGT,Ofogh Mehr Tous Co,,,,,Sistan and Baluchestan,Zahedan,GEM-GOGPT,,,,,,,,,,,
GOGPT_cactus_mexico,Cactus Cogen power station,Mexico,MEX,17.9895,'-92.9475,530.0,,,1,True,,,CCGT,Pemex-Transformación Industrial SA de CV [100%],,,,,Tabasco,Villahermosa,GEM-GOGPT,,,,,,,,,,,
WRI1002813,Aghada,Ireland,IRL,51.8347,'-8.2362,528.0,1980,operating,1,False,,,CCGT,ESBPG,,,,,Munster,Whitegate,WRI,,,,,,,,,,,
USA0056196,500MW CC,United States of America,USA,40.7889,'-73.9069,528.0,2006,operating,1,False,,,CCGT,New York Power Authority,,,,2446.5,New York,Manhattan,WRI,2,False,False,False,,56196,47.9,7123,392,0.559,2586.3
WRI1019457,Glow Energy power complex,Thailand,THA,12.6779,101.1356,526.0,2001,operating,2,True,,,CCGT,GLOW Group,,,,,Rayong,Ban Chang,WRI,,,,,,,,,,,
WRI1002199,Sumqayit,Azerbaijan,AZE,40.6036,49.6332,525.0,2009,operating,1,False,Siemens Energy: V94.2,E/legacy-class,CCGT,AzerEnerji,,,,,Sumqayit,Sumqayit,WRI,,,,,,,,,,,
MEX0001790,Valladolid III,Mexico,MEX,20.6931,'-88.2675,525.0,2006,operating,1,False,,,CCGT,CFE/PIE,1235230,Climate TRACE,modelled (Climate TRACE),,Yucatan,Dzitnup,WRI,,,,,,,,,,,
USA0061035,Birdsboro Power,United States of America,USA,40.2685,'-75.7997,525.0,2019,operating,1,False,,,CCGT,Birdsboro Power LLC,1114143,US EPA GHGRP,measured,2186.3,Pennsylvania,Birdsboro,WRI,,False,False,False,,61035,53.2,6418,346,0.657,3020.5
GOGPT_temane_mozamb,Temane power station,Mozambique,MOZ,'-21.755184,35.062531,525.0,2026,construction,1,False,Siemens Energy: SGT-800,E/legacy-class,CCGT,Temane Energy Consortium [100%],,,,,Inhambane,Temane,GEM-GOGPT,,,,,,,,,,,
CT-5452,Yangju CHP power station,South Korea,KR,37.8347,127.1007,524.3,2013,operating,1,True,,,CCGT,Daeryun Power Co Ltd,652720,Climate TRACE,modelled (Climate TRACE),,Gyeonggi-do,Yangju,Climate TRACE,,,,,,,,,,,
WRI1022057,Ventanilla,Peru,PER,'-11.9358,'-77.118,524.0,2006,operating,1,False,"Siemens Energy: steam turbine (model unknown), Siemens Energy: V84.3, Siemens Energy: V84.3",F-class,CCGT,Edegel S.A.A.,,,,2890.0,Lima,Ventanilla,WRI,,,,,,,,,,,
WRI1061631,Pervomaiskaya TPP-14,Russia,RUS,59.8731,30.2467,524.0,1957,operating,2,True,,,CCGT,"PJSC ""TGC-1""",,,,,St.-Petersburg,Avtovo,WRI,,,,,,,,,,,
GOGPT_longridgeterminal_united,Long Ridge Energy Terminal Power Plant,United States,US,39.704887,'-80.84185,522.0,2021,operating,1,False,GE Vernova: 7HA.02,H/J-class,CCGT,Long Ridge Energy Generation LLC [100%],,,,,Ohio,Hannibal,GEM-GOGPT,,,,,,,,,,,
USA0055065,Mustang Station,United States of America,USA,32.9728,'-102.7417,521.0,1999,operating,1,False,,,CCGT,Golden Spread Electric Cooperative  Inc,510801,US EPA GHGRP,measured,2419.8,Texas,Denver City,WRI,2,True,True,False,,55065,36.2,9436,509,0.266,1213.3
WRI1029250,Siddhirganj (Dutch Bangla),Bangladesh,BGD,24.3884,89.7436,520.0,2014,operating,4,False,,,CCGT,Dutch Bangala,,,,,Rajshahi,Sirajganj,WRI,,,,,,,,,,,
USA0055042,Bridgeport Energy Project,United States of America,USA,41.1692,'-73.1844,520.0,1998,operating,1,False,,,CCGT,Bridgeport Energy LLC,1012876,US EPA GHGRP,measured,2462.9,Connecticut,Bridgeport,WRI,2,False,False,False,,55042,47.8,7138,385,0.566,2576.2
GOGPT_anamis_iran,Anamis Power Plant,Iran,IRN,27.481068,56.983187,520.0,,pre-construction,1,False,,,CCGT,,,,,,Hormozgan,,GEM-GOGPT,,,,,,,,,,,
GOGPT_tariana_iran,Tariana Power Plant,Iran,IRN,31.300435,48.839647,520.0,,,1,False,,,CCGT,,,,,,Khuzestan,,GEM-GOGPT,,,,,,,,,,,
GOGPT_westkarun_iran,West Karun power station,Iran,IRN,31.165563,48.015203,520.0,2019,operating,1,False,,,CCGT,West Karun Mapna Power Generation Co [100%],,,,,Khuzestan,Ahvaz,GEM-GOGPT,,,,,,,,,,,
GOGPT_vostochnayapetrochemic_russia,Vostochnaya Petrochemical power station,Russia,RUS,42.729476,133.057111,520.0,,,3,False,,,CCGT,Vostochnaya Petrochemical Company JSC [100%],,,,,Primorsky Krai,Nakhodka,GEM-GOGPT,,,,,,,,,,,
BRA0030800,Maranhão III,Brazil,BRA,'-4.8221,'-44.355,518.8,2016,operating,3,False,GE Power: 7FA,F-class,CCGT,Eneva SA [100%],,,,,Maranhao,Dom Pedro,WRI,,,,,,,,,,,
GOGPT_kelar_chile,Kelar power station,Chile,CHL,'-23.035092,'-70.339933,517.4,2016,operating,1,False,,,CCGT,Tamakaya SpA [100%],,,,,Antofagasta,Mejillones,GEM-GOGPT,,,,,,,,,,,
USA0055313,Ingleside Cogeneration,United States of America,USA,27.8828,'-97.2428,517.0,1999,operating,1,True,,,CCGT,Ingleside Cogeneration LP,587780,Climate TRACE,modelled (Climate TRACE),2996.0,Texas,Ingleside,WRI,2,True,False,False,,55313,63.1,5403,286,0.631,2856.3
CT-5946,La Caridad power station,Mexico,MX,30.5219,'-109.6197,516.2,2013,operating,2,False,,,CCGT,Minera México,1267880,Climate TRACE,modelled (Climate TRACE),,Sonora,Nacozari Viejo,Climate TRACE,,,,,,,,,,,
CT-5453,Paju (KDHC) power station,South Korea,KR,37.7371,126.7199,515.5,2010,operating,1,True,,,CCGT,Korea District Heating Corp,644820,Climate TRACE,modelled (Climate TRACE),,Gyeonggi-do,Tanhyeon,Climate TRACE,,,,,,,,,,,
WRI1029898,Paju,South Korea,KOR,37.8285,126.787,515.0,2016,operating,2,False,,,CCGT,Korea District Heating,3642300,Climate TRACE,modelled (Climate TRACE),,Gyeonggi-do,Paju,WRI,,,,,,,,,,,
GBR2000262,Deeside,United Kingdom,GBR,53.2332,'-3.0547,515.0,1994,pre-construction,1,False,,,CCGT,Triton Power Ltd,,,,,Wales,Deeside,WRI,,,,,,,,,,,
USA0003236,Manchester Street,United States of America,USA,41.8167,'-71.4042,515.0,1995,operating,3,False,,,CCGT,Manchester Street  LLC.,,,,1484.6,Rhode Island,Providence,WRI,3,False,False,False,,3236,39.8,8578,467,0.22,991.1
USA0002393,Gilbert,United States of America,USA,40.5658,'-75.1639,512.0,1981,operating,1,False,,,CCGT,Gilbert Power  LLC,21318,US EPA GHGRP,measured,4.2,New Jersey,Milford,WRI,4,False,True,False,,2393,29.3,11657,631,0.021,94.6
CT-5455,Hwasung power station,South Korea,KR,37.2195,127.0811,511.8,2008,operating,1,True,,,CCGT,Korea District Heating Corp,636450,Climate TRACE,modelled (Climate TRACE),,Gyeonggi-do,Osan,Climate TRACE,,,,,,,,,,,
USA0002070,Moselle,United States of America,USA,31.528,'-89.3004,510.5,1994,operating,2,False,,,CCGT,Cooperative Energy,1027893,US EPA GHGRP,measured,1234.0,Mississippi,Ellisville,WRI,2,True,True,False,,2070,37.9,9011,486,0.273,1222.5
GOGPT_huanengsuzhou_china,Huaneng Suzhou Gas power station,China,CHN,31.262456,120.564338,510.0,2017,operating,2,True,"Harbin Electric General Gas Turbine (Qinhuangdao) Co., Ltd.: GT13E2",E/legacy-class,CCGT,Huaneng Suzhou Gas Turbine Thermal Power Co Ltd [100%],,,,,Jiangsu,Suzhou,GEM-GOGPT,,,,,,,,,,,
GOGPT_delsur_bolivi,Del Sur power station,Bolivia,BOL,'-21.694171,'-63.561432,508.0,2019,operating,4,False,"Siemens Energy: SGT-800, Siemens Energy: SGT-800, Siemens Energy: SST-400",E/legacy-class,CCGT,ENDE Andina SAM [100%],,,,,Yacuíba,Yaguacua,GEM-GOGPT,,,,,,,,,,,
CAN0002024,Bécancour,Canada,CAN,46.3675,'-72.4037,507.0,1992,operating,1,True,,,CCGT,TransCanada Energy Ltd,,,,,Quebec,Becancour,WRI,,,,,,,,,,,
USA0007604,St Francis Energy Facility,United States of America,USA,36.5852,'-90.1779,506.6,2000,operating,2,False,,,CCGT,Associated Electric Coop  Inc,799736,US EPA GHGRP,measured,1002.1,Missouri,Campbell,WRI,,False,False,False,,7604,44.4,7686,414,0.287,1273.4
WRI1023581,Hamriyah Power Station (HPS),United Arab Emirates,ARE,25.4598,55.48,504.0,2006,operating,3,True,"GE Power: 9HA.01, GE Power: STFs-D650",H/J-class,CCGT,SEWA,1933400,Climate TRACE,modelled (Climate TRACE),,Ajman,Ajman,WRI,,,,,,,,,,,
CT-3070,Huadian Beijing Zhengchangzhuang Thermal power station,China,CN,39.8895,116.2726,504.0,2008,operating,2,True,,,CCGT,Huadian (Beijing) Thermal Power Co Ltd,921440,Climate TRACE,modelled (Climate TRACE),,Beijing,Lugouqiao,Climate TRACE,,,,,,,,,,,
USA0055103,Klamath Cogeneration Plant,United States of America,USA,42.1739,'-121.8106,501.5,2001,operating,1,True,,,CCGT,Klamath Energy LLC,100828,US EPA GHGRP,measured,3311.7,Oregon,Klamath Falls,WRI,2,True,False,False,,55103,45.8,7457,402,0.552,2424.4
GOGPT_gumicombinedcycle_southk,Gumi Combined Cycle power plant,South Korea,KOR,36.20735,128.3555,501.0,2026,construction,1,False,,,CCGT,Korea Western Power Co Ltd [100%],,,,,Gyeongsangbuk-do,Haepyeong-myeon - Gumi-si,GEM-GOGPT,,,,,,,,,,,
WRI1000094,Banha,Egypt,EGY,30.4974,31.2234,500.0,2014,operating,1,False,,,CCGT,Middle Delta Electricity Production Co [100%],,,,485.0,Muhafazat al Qalyubiyah,Banha,WRI,,,,,,,,,,,
WRI1000081,Damietta West,Egypt,EGY,31.4423,31.6064,500.0,2012,operating,1,False,,,CCGT,East Delta Electricity Production Co [100%],,,,3042.0,Dumyat,Faraskur,WRI,,,,,,,,,,,
WRI1023823,Misrata,Libya,LBY,32.3326,15.2319,500.0,2010,operating,1,False,,,CCGT,General Electricity Company of Libya,,,,,Misratah,Misratah,WRI,,,,,,,,,,,
MEX0001776,Altamira,Mexico,MEX,22.4351,'-98.0081,500.0,1978,operating,1,True,,,CCGT,CFE,1964800,Climate TRACE,modelled (Climate TRACE),,Tamaulipas,Nuevo Cereso Regional de Altamira,WRI,,,,,,,,,,,
WRI1029892,Gwangyang POSCO,South Korea,KOR,34.9073,127.7449,500.0,2000,operating,1,False,,,CCGT,POSCO,,,,,Jeollanam-do,Yeosu,WRI,,,,,,,,,,,
WRI1000210,Honam,South Korea,KOR,34.8545,127.7351,500.0,1973,announced,1,False,,,CCGT,Korea East West Power,,,,,Jeollanam-do,Yeosu,WRI,,,,,,,,,,,
USA0058503,Carty Generating Station,United States of America,USA,45.6986,'-119.8131,500.0,2016,operating,1,False,,,CCGT,Portland General Electric Co,,,,2989.6,Oregon,Boardman,WRI,1,True,False,False,,58503,46.4,7352,396,0.689,3017.9
CT-4852,Bhander power station,India,IN,21.1144,72.6562,500.0,2006,operating,1,False,,,CCGT,ArcelorMittal Nippon Steel India Ltd,401050,Climate TRACE,modelled (Climate TRACE),,Gujarat,Surat,Climate TRACE,,,,,,,,,,,
CT-5443,Naepo Green Energy power station,South Korea,KR,36.6609,126.6884,500.0,2023,operating,1,True,,,CCGT,Naepo Green Energy Co Ltd,864830,Climate TRACE,modelled (Climate TRACE),,Chungcheongnam-do,Hongsung,Climate TRACE,,,,,,,,,,,
CT-5444,Gimpo CHP power station,South Korea,KR,37.6007,126.5844,500.0,2023,operating,1,True,Doosan Enerbility Co.: DGT6-300H.S1,other/unspecified,CCGT,Korea Western Power Co Ltd,864830,Climate TRACE,modelled (Climate TRACE),,Gyeonggi-do,Tongjin,Climate TRACE,,,,,,,,,,,
CT-6087,Sino Iron power station,Australia,AU,'-21.0765,116.1593,500.0,2013,operating,3,False,,,CCGT,CITIC Pacific Mining Management Pty Ltd,604770,Climate TRACE,modelled (Climate TRACE),,Western Australia,Dampier,Climate TRACE,,,,,,,,,,,
GOGPT_slavonskibrod_croati,Slavonski Brod power station,Croatia,HRV,45.14694183,18.06243555,500.0,2027,,2,True,,,CCGT,Delta Energetika doo [100%],,,,,Slavonski Brod-Posavina,Slavonski Brod,GEM-GOGPT,,,,,,,,,,,
GOGPT_jawabali7_indone,Jawa-Bali 7 power station,Indonesia,IDN,'-8.34,115.09,500.0,2030,announced,1,False,,,CCGT,PT PLN (Persero),,,,,Bali,,GEM-GOGPT,,,,,,,,,,,
GOGPT_bafgh_iran,Bafgh power station,Iran,IRN,31.62388,55.41555,500.0,,,1,False,,,CCGT,Thermal Power Plants Holding Co [100%],,,,,Yazd,Bafgh,GEM-GOGPT,,,,,,,,,,,
GOGPT_malayer_iran,Malayer power plant,Iran,IRN,34.2969,48.8235,500.0,,pre-construction,1,False,,,CCGT,Arian MahTaab Gostar Co [100%],,,,,Hamadan,Malayer,GEM-GOGPT,,,,,,,,,,,
GOGPT_omidiyeh_iran,Omidiyeh power station,Iran,IRN,30.760479,49.701349,500.0,,,1,False,,,CCGT,Iran Power Plant Projects Management Co [100%],,,,,Khuzestan,Omidiyeh,GEM-GOGPT,,,,,,,,,,,
GOGPT_salafchegan_iran,Salafchegan power plant,Iran,IRN,34.476674,50.455369,500.0,,,1,False,,,CCGT,Iran Power Development Co [100%],,,,,Qom,Salafchegan,GEM-GOGPT,,,,,,,,,,,
GOGPT_ravennaccs_italy,Ravenna CCS power plant,Italy,ITA,44.5535,12.278,500.0,,announced,1,False,,,CCGT,Eni SpA,,,,,Pavia,Ferrera Erbognone,GEM-GOGPT,,,,,,,,,,,
GOGPT_aksaenerjishymkent_kazakh,Aksa Enerji Shymkent power station,Kazakhstan,KAZ,42.300319,69.661133,500.0,2030,pre-construction,1,True,,,CCGT,,,,,,Turkistan,Shymkent,GEM-GOGPT,,,,,,,,,,,
GOGPT_aktobe2_kazakh,Aktobe 2 power station,Kazakhstan,KAZ,50.28627,57.202884,500.0,2028,pre-construction,2,False,,,CCGT,Energy Flow Generation LLP [100%],,,,,Aktobe,Aktobe,GEM-GOGPT,,,,,,,,,,,
GOGPT_astanacombinedcycle_kazakh,Astana Combined Cycle power station,Kazakhstan,KAZ,51.106921,71.480825,500.0,2030,pre-construction,1,False,,,CCGT,,,,,,Akmola,Astana,GEM-GOGPT,,,,,,,,,,,
GOGPT_miricombinedcycle_malays,Miri combined cycle power station,Malaysia,MYS,3.605331,113.74337,500.0,2027,pre-construction,1,False,Mitsubishi Power: M701F,F-class,CCGT,PETROS Power Sdn Bhd,,,,,Sarawak,Miri,GEM-GOGPT,,,,,,,,,,,
GOGPT_hefaistos_romani,Hefaistos power station,Romania,ROU,46.421472,24.77175,500.0,2027,announced,1,True,,,CCGT,Societatea de Administrare a Participațiilor în Energie SA; Electrocentrale Bucu,,,,,Mures,Fântânele,GEM-GOGPT,,,,,,,,,,,
GOGPT_gongjusi_southk,Gongju-si power station,South Korea,KOR,36.4466,127.1145,500.0,2027,construction,1,False,GE Power: 7HA.02,H/J-class,CCGT,Korea Western Power Co Ltd,,,,,Chungcheongnam-do,Gongju-si,GEM-GOGPT,,,,,,,,,,,
GOGPT_mecnorth_united,MEC North power station,United States,US,42.233559,'-84.96234,500.0,2028,pre-construction,1,False,Siemens Energy: H-class,other/unspecified,CCGT,Development Partners Group LLC [100%],,,,,Michigan,Marshall,GEM-GOGPT,,,,,,,,,,,
GOGPT_mecsouth_united,MEC South power station,United States,US,42.237103,'-84.95915,500.0,2028,pre-construction,1,False,Siemens Energy: H-class,other/unspecified,CCGT,Development Partners Group LLC [100%],,,,,Michigan,Marshall,GEM-GOGPT,,,,,,,,,,,
CT-6089,Ichthys LNG power station,Australia,AU,'-12.5195,130.9216,499.0,2017,operating,1,False,,,CCGT,INPEX Corp,585600,Climate TRACE,modelled (Climate TRACE),,Northern Territory,Palmerston,Climate TRACE,,,,,,,,,,,
MEX0001793,La Laguna II,Mexico,MEX,25.6017,'-103.4672,498.0,2005,operating,1,False,,,CCGT,CFE/PIE,1081040,Climate TRACE,modelled (Climate TRACE),,Durango,Gomez Palacio,WRI,,,,,,,,,,,
USA0054676,Oyster Creek Unit VIII,United States of America,USA,28.9802,'-95.342,497.9,1994,operating,1,True,,,CCGT,Dow Chemical Company-Oyster Creek VIII,516770,Climate TRACE,modelled (Climate TRACE),2596.7,Texas,Oyster Creek,WRI,3,True,False,False,,54676,30.3,11261,597,0.622,2713.1
GOGPT_balaklava_ukrain,Balaklava power station,Ukraine,UKR,44.5532,33.6028,496.0,2019,operating,2,True,,,CCGT,Technopromexport [100%],,,,,Crimea,Sevastopol,GEM-GOGPT,,,,,,,,,,,
MEX0001794,Altamira II,Mexico,MEX,22.4978,'-97.9017,495.0,2002,operating,2,False,,,CCGT,CFE/PIE,2295900,Climate TRACE,modelled (Climate TRACE),,Tamaulipas,Carrillo Puerto,WRI,,,,,,,,,,,
MEX0001795,Bajío (El Sáuz),Mexico,MEX,20.4584,'-100.1208,495.0,2025,operating,1,False,Siemens Energy: SGT6-5000F,F-class,CCGT,CFE/PIE,1600100,Climate TRACE,modelled (Climate TRACE),,Queretaro,El Sauz,WRI,,,,,,,,,,,
MEX0001796,Río Bravo II (Anáhuac),Mexico,MEX,25.7969,'-97.7828,495.0,2002,operating,1,False,,,CCGT,CFE/PIE,3361200,Climate TRACE,modelled (Climate TRACE),,Tamaulipas,Valle Hermoso,WRI,,,,,,,,,,,
MEX0001798,Tuxpan II,Mexico,MEX,20.839,'-97.2534,495.0,2001,operating,2,False,,,CCGT,CFE/PIE,1093250,Climate TRACE,modelled (Climate TRACE),,Veracruz,Barra de Cazones,WRI,,,,,,,,,,,
MEX0001799,Tuxpan V,Mexico,MEX,20.8453,'-97.2442,495.0,2006,operating,1,False,,,CCGT,CFE/PIE,2176000,Climate TRACE,modelled (Climate TRACE),,Veracruz,Barra de Cazones,WRI,,,,,,,,,,,
CT-3095,Ningxia East Gas Thermal power station,China,CN,38.5117,106.3246,494.0,2014,operating,4,True,,,CCGT,Ningxia Eastern Thermal Power Co Ltd,846470,Climate TRACE,modelled (Climate TRACE),,Ningxia Huizu Zizhiqu,Xigang,Climate TRACE,,,,,,,,,,,
GOGPT_abono_spain,Aboño power station,Spain,ESP,43.553557,'-5.721851,494.0,2025,operating,1,False,,,CCGT,Corporación Masaveu SA [50%]; EDP España SA [50%],,,,,Asturias,Aboño,GEM-GOGPT,,,,,,,,,,,
WRI1029882,Anyang CHP,South Korea,KOR,37.3936,126.9671,493.0,2018,operating,2,True,,,CCGT,GS Energy,1561200,Climate TRACE,modelled (Climate TRACE),,Gyeonggi-do,Anyang-si,WRI,,,,,,,,,,,
USA0055117,RS Cogen,United States of America,USA,30.221,'-93.2992,493.0,2003,operating,1,True,,,CCGT,Eagle 2 US LLC,690440,Climate TRACE,modelled (Climate TRACE),2913.5,Louisiana,Prien,WRI,2,False,False,False,,55117,53.6,6372,344,0.625,2697.1
GOGPT_samangan_iran,Samangan power station,Iran,IRN,29.547048,55.766466,492.0,2017,operating,1,False,,,CCGT,Kermanian Power Group [100%],,,,,Kerman,Sirjan,GEM-GOGPT,,,,,,,,,,,
WRI1000371,Star Buck,Taiwan,TWN,24.0783,120.4116,490.0,2009,operating,1,False,,,CCGT,Star Buck Power Corp [100%],,,,,Taiwan,Chang-hua,WRI,,,,,,,,,,,
CT-3149,Datang Jiangyan Gas Thermal power station,China,CN,32.4814,120.0973,490.0,2017,operating,2,True,,,CCGT,Datang Taizhou Thermal Power Co Ltd,665050,Climate TRACE,modelled (Climate TRACE),,Jiangsu Sheng,Liangxu,Climate TRACE,,,,,,,,,,,
GOGPT_zeran_poland,Zeran power station,Poland,POL,52.2947,20.99334,490.0,2021,operating,1,True,,,CCGT,ORLEN SA,,,,,Mazowieckie,Warszawa,GEM-GOGPT,,,,,,,,,,,
MEX0001801,Tula,Mexico,MEX,20.0596,'-99.2774,489.0,1975,operating,2,False,Siemens Energy: SGT6-5000F,F-class,CCGT,CFE,1551100,Climate TRACE,modelled (Climate TRACE),,Hidalgo,Residencial Arboledas,WRI,,,,,,,,,,,
CT-5463,Namjeju Power Complex,South Korea,KR,33.2368,126.3405,487.7,2020,operating,2,False,,,CCGT,Korea Southern Power Co Ltd,438030,Climate TRACE,modelled (Climate TRACE),,Jeju-do,Seogwipo,Climate TRACE,,,,,,,,,,,
GOGPT_bursabisenergi_trkiye,Bursa - Bis Energi power station,Türkiye,,40.2394,28.9518,487.0,1999,mothballed,3,True,,,CCGT,Bis Enerji Elektrik Uretim AS [100%],,,,,Bursa,Nilüfer,GEM-GOGPT,,,,,,,,,,,
WRI1061100,Kotomini,Greece,GRC,41.0646,25.4899,485.0,2002,operating,1,False,,,CCGT,Public Power Company of Greece,,,,1649.6,East Macedonia and Thrace,Aratos,WRI,,,,,,,,,,,
BRA0027733,Araucária,Brazil,BRA,'-25.5843,'-49.3464,484.1,2002,operating,1,False,,,CCGT,Âmbar Energia SA,6065,Climate TRACE,modelled (Climate TRACE),,Parana,Araucaria,WRI,,,,,,,,,,,
WRI1029951,Ardestan,Iran,IRN,33.396,52.5765,484.0,2011,operating,1,False,,,CCGT,MAPNA Group,,,,,Isfahan,Ardestan,WRI,,,,,,,,,,,
WRI1029945,Genevah,Iran,IRN,29.5387,50.7151,484.0,2014,operating,1,False,,,CCGT,MAPNA Group,,,,,Bushehr,Bandar-e Ganaveh,WRI,,,,,,,,,,,
WRI1029954,Shirkooh,Iran,IRN,31.9502,54.0947,484.0,2012,operating,1,False,,,CCGT,TAVANIR,,,,,Yazd,Taft,WRI,,,,,,,,,,,
MEX0001803,Mérida III,Mexico,MEX,20.9336,'-89.6992,484.0,2000,operating,1,False,,,CCGT,CFE/PIE,230890,Climate TRACE,modelled (Climate TRACE),,Yucatan,Itzincab Palomeque,WRI,,,,,,,,,,,
WRI1061773,Nizhnetourinskaya GRES,Russia,RUS,58.6141,59.8537,484.0,1948,operating,2,True,,,CCGT,"Sverdlovsk Branch of PJSC ""T Plus""",,,,,Sverdlovsk,Nizhnyaya Tura,WRI,,,,,,,,,,,
GOGPT_kashan_iran,Kashan power station,Iran,IRN,33.86608,51.694677,484.0,2019,operating,1,False,,,CCGT,Thermal Power Plants Holding Co [100%],,,,,Isfahan,Kashan,GEM-GOGPT,,,,,,,,,,,
GOGPT_zarandtpph_iran,Zarand Tpph power station,Iran,IRN,30.664929,56.621365,484.0,2023,operating,1,False,,,CCGT,Thermal Power Plants Holding Co [100%],,,,,Kerman,Zarand,GEM-GOGPT,,,,,,,,,,,
USA0056227,Port Westward,United States of America,USA,46.1789,'-123.172,483.0,2007,operating,1,False,,,CCGT,Portland General Electric Co,,,,2737.9,Oregon,Clatskanie,WRI,1,True,False,False,,56227,49.0,6964,375,0.549,2323.9
GOGPT_legradhybrid_croati,Legrad Hybrid Power Project,Croatia,HRV,46.2825,16.7823,483.0,,,1,False,,,CCGT,EEG Energy-Gas doo [100%],,,,,Koprivnica-Križevci,Legrad,GEM-GOGPT,,,,,,,,,,,
CAN0002058,Joffre,Canada,CAN,52.3078,'-113.5468,480.0,2001,operating,1,True,,,CCGT,ATCO / Nova / Capital Power,,,,,Alberta,Lacombe,WRI,,,,,,,,,,,
WRI1002874,CTE NUCE NORD,Italy,ITA,37.1313,15.2014,480.0,1999,operating,2,False,,,CCGT,ERG,,,,2085.0,Sicily,Citta Giardino,WRI,,,,,,,,,,,
CT-3113,Foshan Funeng Gas power station,China,CN,23.0383,113.0477,480.0,2003,operating,2,False,,,CCGT,Foshan Funeng Power Generation Co Ltd,755090,Climate TRACE,modelled (Climate TRACE),,Guangdong,Luocun,Climate TRACE,,,,,,,,,,,
GOGPT_chongqingwujiang_china,Chongqing Wujiang Gas power station,China,CHN,29.530056,108.770271,480.0,,,1,False,,,CCGT,Chongqing Wujiang Electric Power Co Ltd [100%],,,,,Chongqing,Chengxi Town,GEM-GOGPT,,,,,,,,,,,
GOGPT_belfastharbourestate_united,Belfast Harbour Estate power station,United Kingdom,GBR,54.59729,'-5.93012,480.0,,,1,False,,,CCGT,Belfast Power Holdings [100%],,,,,County Antrim,Belfast,GEM-GOGPT,,,,,,,,,,,
GOGPT_millersportcenter_united,Millersport Energy Center power station,United States,US,39.905302,'-82.551251,480.0,,,1,False,,,CCGT,Vantage Data Centers LLC [100%],,,,,Ohio,Columbus,GEM-GOGPT,,,,,,,,,,,
AUS0000237,Pelican Point,Australia,AUS,'-34.765,138.5053,478.0,2001,operating,2,False,GE Power: GT13E2,E/legacy-class,CCGT,International Power - GDF Suez Australia,967840,Climate TRACE,modelled (Climate TRACE),2732.4,South Australia,Birkenhead,WRI,,,,,,,,,,,
GOGPT_karabatan_kazakh,Karabatan power station,Kazakhstan,KAZ,47.34422,52.277177,475.0,2019,operating,2,True,,,CCGT,Karabatan Utility Solutions LLP [100%],,,,,Atyrau,Atyrau,GEM-GOGPT,,,,,,,,,,,
GOGPT_kudu_namibi,Kudu power station,Namibia,NAM,'-28.450438,16.246312,475.0,2027,pre-construction,1,False,Siemens Energy,other/unspecified,CCGT,Namibia Power Corp Ltd [100%],,,,,Karas,Uubvlei,GEM-GOGPT,,,,,,,,,,,
GOGPT_yazdiscc_iran,Yazd ISCC power station,Iran,IRN,31.833644,54.343819,474.0,2013,operating,1,False,,,CCGT,Iran Power Development Co [100%],,,,,Yazd,Yazd,GEM-GOGPT,,,,,,,,,,,
WRI1029884,Bucheon Power,South Korea,KOR,37.5225,126.764,473.0,1993,operating,1,True,,,CCGT,GS Energy,582150,Climate TRACE,modelled (Climate TRACE),,Gyeonggi-do,Bucheon-si,WRI,,,,,,,,,,,
WRI1023723,ACWA Barka,Oman,OMN,23.7073,57.9845,471.0,2003,operating,1,False,"Siemens Energy: SGT5-4000F, Siemens Energy: SGT5-4000F, Siemens Energy: SGT5-4000F, Siemens Energy: SGen5-2000H",F-class,CCGT,Barka Water and Power Company SAOG [100%],,,,,Al Batinah,Barka',WRI,,,,,,,,,,,
USA0050949,Hardee Power Station,United States of America,USA,27.6364,'-81.9636,470.1,1994,operating,1,False,,,CCGT,Invenergy Services LLC,,,,770.8,Florida,Bowling Green,WRI,2,False,True,False,,50949,,,7,0.267,1099.0
WRI1023661,Deir Ammar,Lebanon,LBN,34.465,35.8942,470.0,1998,operating,1,False,"Ansaldo Energia: not found, Siemens Energy: not found, Ansaldo Energia: not found",other/unspecified,CCGT,Electricity Of Lebanon [100%],,,,,Liban-Nord,Tripoli,WRI,,,,,,,,,,,
WRI1023662,Zahrani,Lebanon,LBN,33.4961,35.338,470.0,1998,operating,1,False,,,CCGT,Electricity Of Lebanon [100%],,,,,Liban-Sud,Sidon,WRI,,,,,,,,,,,
CT-5446,Chuncheon CHP power station,South Korea,KR,37.7655,127.7738,470.0,2017,operating,1,True,,,CCGT,Hanjin Heavy Industries & Construction Holdings Co Ltd,812930,Climate TRACE,modelled (Climate TRACE),,Gangwon-do,Sindong,Climate TRACE,,,,,,,,,,,
GOGPT_panduranga_india,Panduranga power station,India,IND,17.122874,81.619462,470.0,,,2,False,,,CCGT,Panduranga Energy Systems Pvt Ltd [100%],,,,,Andhra Pradesh,Annadeverapeta,GEM-GOGPT,,,,,,,,,,,
GOGPT_kuban_russia,Kuban power station,Russia,RUS,45.237836,39.194857,470.0,2029,pre-construction,1,False,Power Machines: GTE-170,other/unspecified,CCGT,Gazprom Energoholding LLC [100%],,,,,Krasnodar territory,,GEM-GOGPT,,,,,,,,,,,
GOGPT_donluiszambrano_venezu,Don Luis Zambrano power plant,Venezuela,VEN,8.559824,'-71.769118,470.0,2015,mothballed,1,False,,,CCGT,Corporación Eléctrica Nacional (Venezuela) SA [100%],,,,,Mérida,El Vigía,GEM-GOGPT,,,,,,,,,,,
IND0000125,GAUTAMI CCCP,India,IND,17.0386,82.1286,468.6,2008,operating,1,False,,,CCGT,GVK Industries Ltd [100%],,,,0.0,Andhra Pradesh,Peddapuram,WRI,,,,,,,,,,,
CT-5243,Sendai Tohoku power station,Japan,JP,38.3174,141.0734,468.0,2010,operating,1,False,,,CCGT,Tohoku Electric Power Co Inc,696080,Climate TRACE,modelled (Climate TRACE),,Miyagi,Shiogama,Climate TRACE,,,,,,,,,,,
USA0055176,Eastman Cogeneration Facility,United States of America,USA,32.4481,'-94.6903,467.7,2001,operating,1,True,,,CCGT,Eastman Cogeneration LP,913000,Climate TRACE,modelled (Climate TRACE),2472.4,Texas,Longview,WRI,2,True,False,False,,55176,58.8,5798,313,0.542,2221.9
GOGPT_rotemopc_israel,Rotem OPC power station,Israel,ISR,31.055076,35.175162,466.0,2013,operating,1,False,,,CCGT,OPC Energy Ltd [100%],,,,,Dimona,Dimona,GEM-GOGPT,,,,,,,,,,,
WRI1002234,HERDERSBRUG STEG,Belgium,BEL,51.2629,3.2112,465.0,1998,operating,1,False,Siemens Energy: V94.2,E/legacy-class,CCGT,Electrabel NV/SA [100%],,,,1083.1,Flanders,Brugge,WRI,,,,,,,,,,,
USA0052006,LaO Energy Systems,United States of America,USA,30.3186,'-91.2325,464.5,1968,,1,True,,,CCGT,Dow Chemical Co,,,,1543.2,Louisiana,Plaquemine,WRI,2,True,False,False,2025,52006,53.9,6336,336,0.445,1810.5
CT-3196,Huaneng Tianjin Lingang Gas Thermal power station,China,CN,38.9237,117.7278,463.0,2015,operating,1,True,GE Power: 9F.03,other/unspecified,CCGT,Huaneng Lingang (Tianjin) Gas Thermal Power Co Ltd,538120,Climate TRACE,modelled (Climate TRACE),,Tianjin Shi,Tanggu,Climate TRACE,,,,,,,,,,,
AUS0000288,Tallawarra,Australia,AUS,'-34.5228,150.8081,460.0,2009,operating,1,False,GE Power: GT26,F-class,CCGT,TRUenergy,243143,Climate TRACE,modelled (Climate TRACE),1468.6,New South Wales,Koonawarra,WRI,,,,,,,,,,,
WRI1018572,La Sierra,Colombia,COL,6.2345,'-74.5614,460.0,2001,operating,1,False,,,CCGT,EPM,,,,,Boyaca,Puerto Boyaca,WRI,,,,,,,,,,,
GOGPT_flipifired_canada,Flipi Gas Fired Power Generation Project,Canada,CAN,52.569063,'-114.522132,460.0,2031,pre-construction,1,False,Siemens Energy: STG6-9000HL,H/J-class,CCGT,TransAlta Corp,,,,,Alberta,Rimbey,GEM-GOGPT,,,,,,,,,,,
GOGPT_laixiguhe_china,Laixi Guhe Thermal power station,China,CHN,36.842994,120.406747,460.0,,,2,True,,,CCGT,Qingdao Energy Group Co Ltd [100%],,,,,Shandong,,GEM-GOGPT,,,,,,,,,,,
GOGPT_caspianmazandaranwest_iran,Caspian (Mazandaran West) power station,Iran,IRN,36.619861,51.5075,460.0,2021,operating,1,False,,,CCGT,MahTaab Caspian Power Generation Co [100%],,,,,Mazandaran,Noshahr County,GEM-GOGPT,,,,,,,,,,,
WRI1000096,Damanhour,Egypt,EGY,31.0817,30.4293,458.0,1991,operating,1,False,,,CCGT,West Delta Electricity Production Co [100%],,,,1681.0,Al Buhayrah,Damanhur,WRI,,,,,,,,,,,
WRI1030738,Phu My 4,Vietnam,VNM,10.5975,107.03,458.0,2004,operating,1,False,,,CCGT,Vietnam Electricity (EVN),,,,,Ba Ria-Vung Tau,Thi Tran Phu My,WRI,,,,,,,,,,,
CT-3431,Zheneng Changshan Gas power station,China,CN,28.9257,118.463,458.0,2014,operating,1,True,,,CCGT,Zhejiang Zheneng Changshan Natural Gas Power Generation Co Ltd,206220,Climate TRACE,modelled (Climate TRACE),,Zhejiang Sheng,Shangsongfan,Climate TRACE,,,,,,,,,,,
GOGPT_ainsokhnaiwpp_egypt,Ain Sokhna IWPP power station,Egypt,EGY,29.672488,32.336965,457.0,,,1,False,,,CCGT,Hyflux [100%],,,,,Suez,Ain Sokhna,GEM-GOGPT,,,,,,,,,,,
WRI1005509,ELSTA,Netherlands,NLD,51.3331,3.7787,456.0,1998,operating,1,True,,,CCGT,TenneT,,,,1279.0,Zeeland,Terneuzen,WRI,,,,,,,,,,,
GOGPT_sarakhs1_iran,Sarakhs 1 power plant,Iran,IRN,36.444,61.034194,456.0,,,1,False,,,CCGT,Shams Sarakhs Power Generation Co [100%],,,,,Khorasan Razavi,Sarakhs Free Zone,GEM-GOGPT,,,,,,,,,,,
GOGPT_huntly_newzea,Huntly power station,New Zealand,NZL,'-37.54447,175.148805,454.0,2004,operating,1,False,,,CCGT,Genesis Energy Ltd [100%],,,,,Waikato,Huntly,GEM-GOGPT,,,,,,,,,,,
MEX0001805,Dos Bocas,Mexico,MEX,19.0856,'-96.1464,452.0,1993,operating,2,False,,,CCGT,CFE,914110,Climate TRACE,modelled (Climate TRACE),,Veracruz,Fraccionamiento Arboledas San Ramon,WRI,,,,,,,,,,,
WRI1002207,Amercoeur 1 R TGV,Belgium,BEL,50.4304,4.3955,451.0,1994,operating,1,False,,,CCGT,Electrabel NV/SA [100%],,,,2292.4,Wallonia,Courcelles,WRI,,,,,,,,,,,
GOGPT_arasfree_iran,Aras Free power station,Iran,IRN,38.930239,45.63263,451.0,,,1,False,,,CCGT,Mani International Group [100%],,,,,East Azerbaijan,Jolfa,GEM-GOGPT,,,,,,,,,,,
GOGPT_serovskaya_russia,Serovskaya power station,Russia,RUS,59.635095,60.703084,451.0,2015,operating,1,True,,,CCGT,OGK-2 PJSC [100%],,,,,Sverdlovsk,Serov,GEM-GOGPT,,,,,,,,,,,
MEX0001807,Norte Durango (La Trinidad),Mexico,MEX,24.2297,'-104.4796,450.0,2010,operating,1,False,,,CCGT,CFE/PIE,972950,Climate TRACE,modelled (Climate TRACE),,Durango,Jose Refugio Salcido,WRI,,,,,,,,,,,
WRI1029961,San Gabriel,Philippines,PHL,13.7769,121.0261,450.0,2016,operating,1,False,,,CCGT,First NatGas Power Corp.,,,,,Calabarzon,Santa Rita Aplaya,WRI,,,,,,,,,,,
WRI1061933,Huadyan-Teninskaya TPP,Russia,RUS,57.72,39.6901,450.0,2014,operating,1,True,,,CCGT,"PJSC ""TGC-2""",,,,,Jaroslavl,Konstantinovskiy,WRI,,,,,,,,,,,
USA0052088,Texas City Power Plant,United States of America,USA,29.3787,'-94.9438,450.0,1987,operating,1,True,,,CCGT,Texas City Cogeneration LLC,1228548,US EPA GHGRP,measured,1750.0,Texas,La Marque,WRI,3,True,False,False,,52088,,,221,0.432,1702.0
CT-3118,Jiangsu Huadian Tongzhou Power Station,China,CN,32.0167,121.0531,450.0,2016,operating,2,True,Siemens Energy: SGT5-2000E,E/legacy-class,CCGT,Jiangsu Huadian Tongzhou Thermal Power Co Ltd,734830,Climate TRACE,modelled (Climate TRACE),,Jiangsu Sheng,Jiangzao,Climate TRACE,,,,,,,,,,,
CT-4860,Kashipur Sravanthi power station,India,IN,29.1547,78.974,450.0,2016,operating,2,False,,,CCGT,Sravanthi Energy Pvt Ltd,370050,Climate TRACE,modelled (Climate TRACE),,Uttarakhand,Kashipur,Climate TRACE,,,,,,,,,,,
CT-5570,Cuiabá power station,Brazil,BR,'-15.678,'-56.02,450.0,2001,operating,1,False,,,CCGT,Âmbar Energia SA,6117,Climate TRACE,modelled (Climate TRACE),,Mato Grosso,Cuiaba,Climate TRACE,,,,,,,,,,,
GOGPT_jawabali2_indone,Jawa-Bali 2 power station,Indonesia,IDN,'-8.34,115.09,450.0,2027,announced,1,False,,,CCGT,PT PLN (Persero),,,,,Bali,,GEM-GOGPT,,,,,,,,,,,
GOGPT_jawabali3_indone,Jawa-Bali 3 power station,Indonesia,IDN,'-8.34,115.09,450.0,2028,announced,1,False,,,CCGT,unknown,,,,,Bali,,GEM-GOGPT,,,,,,,,,,,
GOGPT_jawabali6_indone,Jawa-Bali 6 power station,Indonesia,IDN,'-8.34,115.09,450.0,2029,announced,1,False,,,CCGT,unknown,,,,,Bali,,GEM-GOGPT,,,,,,,,,,,
GOGPT_sulsel_indone,Sulsel power station,Indonesia,IDN,'-4.935711,119.523105,450.0,,,1,False,,,CCGT,PT PLN (Persero) [100%],,,,,South Sulawesi,,GEM-GOGPT,,,,,,,,,,,
GOGPT_salalah2independent_oman,Salalah 2 Independent power plant,Oman,OMN,16.938682,53.972467,450.0,2018,operating,2,False,,,CCGT,Dhofar O&M Co LLC [100%],,,,,Dhofar,Raysut,GEM-GOGPT,,,,,,,,,,,
GOGPT_rousch_pakist,Rousch power station,Pakistan,PAK,30.568648,72.139604,450.0,1999,operating,1,False,,,CCGT,Rousch (Pakistan) Power Ltd [100%],,,,,Punjab,Abdul Hakeem,GEM-GOGPT,,,,,,,,,,,
GOGPT_jenin_palest,Jenin power plant,Palestine,PSE,32.457285,35.284704,450.0,,construction,2,False,,,CCGT,Palestine Power Generation Co [100%],,,,,West Bank,Jenin,GEM-GOGPT,,,,,,,,,,,
GOGPT_balabanovskayachp_russia,Balabanovskaya CHP power station,Russia,RUS,55.194604,36.655907,450.0,,,3,True,,,CCGT,KaliningradEnergoInvest LLC [100%],,,,,Kaluga Oblast,Balabanovo,GEM-GOGPT,,,,,,,,,,,
GOGPT_cherepovetskaya_russia,Cherepovetskaya power station,Russia,RUS,59.228371,37.125883,450.0,2014,operating,1,True,,,CCGT,OGK-2 PJSC [100%],,,,,Vologda,Kaduy,GEM-GOGPT,,,,,,,,,,,
GOGPT_krasnodarcc_russia,Krasnodar CC power station,Russia,RUS,45.061162,39.153267,450.0,,,1,True,,,CCGT,,,,,,Krasnodar Krai,Znamenskii,GEM-GOGPT,,,,,,,,,,,
GOGPT_assuwayda_syria,AS-Suwayda power plant,Syria,,32.66833,36.568897,450.0,,announced,1,False,,,CCGT,Public Establishment of Electricity Generation [100%],,,,,Al Hasakah,AS-Suwayda,GEM-GOGPT,,,,,,,,,,,
GOGPT_skhira1_tunisi,Skhira 1 power station,Tunisia,TUN,34.298465,10.066314,450.0,,,1,False,,,CCGT,Tunisian Company of Electricity and Gas [100%],,,,,Sfax,Skhira,GEM-GOGPT,,,,,,,,,,,
GOGPT_skhira2_tunisi,Skhira 2 power station,Tunisia,TUN,34.298465,10.066314,450.0,2026,pre-construction,1,False,,,CCGT,Tunisian Company of Electricity and Gas [100%],,,,,Sfax,Skhira,GEM-GOGPT,,,,,,,,,,,
USA0010725,Selkirk Cogen,United States of America,USA,42.5744,'-73.8592,446.0,1993,operating,1,True,,,CCGT,Selkirk Cogen Partners LP,70367,US EPA GHGRP,measured,118.6,New York,Delmar,WRI,3,True,True,False,,10725,48.1,7100,383,0.087,339.2
CT-142,Landivisiau power station,France,FR,48.5222,'-4.0717,446.0,2022,operating,1,False,,,CCGT,Compagnie Electrique de Bretagne SAS,252810,Climate TRACE,modelled (Climate TRACE),,Brittany,Landivisiau,Climate TRACE,,,,,,,,,,,
GOGPT_bastropcounty_united,Bastrop County Power Plant,United States,US,30.116,'-97.556,446.0,,pre-construction,2,False,,,CCGT,Fort Worth Power Core LLC,,,,,Texas,Cedar Creek,GEM-GOGPT,,,,,,,,,,,
GOGPT_bellcounty_united,Bell County Power Plant,United States,US,31.0076561,'-97.2472662,446.0,2026,pre-construction,2,False,,,CCGT,Fort Worth Power Core LLC,,,,,Texas,Temple,GEM-GOGPT,,,,,,,,,,,
GOGPT_carsoncounty_united,Carson County Power Plant,United States,US,35.253399,'-101.374115,446.0,2026,pre-construction,2,False,,,CCGT,Fort Worth Power Core LLC,,,,,Texas,Panhandle,GEM-GOGPT,,,,,,,,,,,
GOGPT_sommervellcounty_united,Sommervell County Power Plant,United States,US,32.288582,'-97.816299,446.0,2026,pre-construction,2,False,,,CCGT,Fort Worth Power Core LLC,,,,,Texas,Glen Rose,GEM-GOGPT,,,,,,,,,,,
GOGPT_wheelercounty_united,Wheeler County Power Plant,United States,US,35.230704,'-100.334368,446.0,2026,pre-construction,2,False,,,CCGT,Fort Worth Power Core LLC,,,,,Texas,Shamrock,GEM-GOGPT,,,,,,,,,,,
GOGPT_williamsoncounty_united,Williamson County Power Plant,United States,US,30.665971,'-97.510583,446.0,,pre-construction,2,False,,,CCGT,Fort Worth Power Core LLC,,,,,Texas,Jonah,GEM-GOGPT,,,,,,,,,,,
IND0000158,JEGURUPADU GT,India,IND,16.9312,81.86,445.7,2003,operating,2,False,,,CCGT,GVK Industries Ltd [100%],,,,798.4,Andhra Pradesh,Mandapeta,WRI,,,,,,,,,,,
WRI1002844,Whitegate,Ireland,IRL,51.8161,'-8.2511,445.0,2010,operating,1,False,,,CCGT,Bord Gais,514040,Climate TRACE,modelled (Climate TRACE),1882.4,Munster,Whitegate,WRI,,,,,,,,,,,
CT-4870,Konaseema Combined Cycle power plant,India,IN,16.7346,81.8622,445.0,2010,operating,1,False,,,CCGT,Konaseema Gas Power Ltd,353310,Climate TRACE,modelled (Climate TRACE),,Andhra Pradesh,Penugonda,Climate TRACE,,,,,,,,,,,
GOGPT_salalahindependentwate_oman,Salalah Independent Water and power plant,Oman,OMN,17.038657,54.490113,445.0,2012,operating,1,False,,,CCGT,Sembcorp Salalah Power & Water Co [100%],,,,,Dhofar,Taqa,GEM-GOGPT,,,,,,,,,,,
GOGPT_omskchp3_russia,Omsk CHP-3 power station,Russia,RUS,55.06777,73.259317,445.0,1958,operating,1,True,,,CCGT,Territorial Generating Company No 11 JSC [100%],,,,,Omsk Oblast,Omsk,GEM-GOGPT,,,,,,,,,,,
WRI1029836,Yangpu Gas,China,CHN,19.72,109.18,444.0,2004,operating,2,True,Siemens Energy: V94.2,E/legacy-class,CCGT,CNOOC Hainan Power Generation Co Ltd,1001250,Climate TRACE,modelled (Climate TRACE),,Hainan,Baimajing,WRI,,,,,,,,,,,
WRI1005948,Mitte,Germany,DEU,52.5117,13.4209,444.0,1996,operating,1,True,,,CCGT,Vattenfall Europe Wärme AG,747198,Climate TRACE,modelled (Climate TRACE),2000.0,Berlin,Berlin,WRI,,,,,,,,,,,
WRI1061101,Protergia Power Plant,Greece,GRC,38.3585,22.6883,444.0,2011,operating,3,True,GE Power: 9HA.02,H/J-class,CCGT,Protergia,,,,1990.2,Central Greece,Stirion,WRI,,,,,,,,,,,
WRI1029978,Nya Öresundsverket,Sweden,SWE,55.6261,13.0404,440.0,1971,operating,1,True,,,CCGT,Uniper SE,,,,,Skane,Arloev,WRI,,,,,,,,,,,
USA0056998,Pueblo Airport Generating Station,United States of America,USA,38.3208,'-104.5264,440.0,2012,operating,2,False,,,CCGT,Black Hills Service Company LLC,,,,1147.2,Colorado,Pueblo,WRI,4,False,True,False,,56998,37.1,9192,496,0.282,1086.3
GOGPT_bar_monten,Bar gas power station,Montenegro,MNE,42.090755,19.097452,440.0,2025,,1,False,,,CCGT,Elektroprivreda Crne Gore AD [100%],,,,,Bar,Bar,GEM-GOGPT,,,,,,,,,,,
GOGPT_zatonchp_russia,Zaton CHP power station,Russia,RUS,54.802008,55.836893,440.0,2018,operating,2,True,,,CCGT,Bashkir Generation Company LLC [100%],,,,,Republic of Bashkortostan,Ufa,GEM-GOGPT,,,,,,,,,,,
WRI1061102,Korinthos Power Plant,Greece,GRC,37.9208,23.0665,437.0,2012,operating,1,True,,,CCGT,Korinthos Power,,,,1711.6,Peloponnese,Isthmia,WRI,,,,,,,,,,,
GOGPT_bucharestvest_romani,Bucharest-Vest power station,Romania,ROU,44.40582,26.15565,436.3,1976,operating,1,True,,,CCGT,Electrocentrale Bucureşti SA [100%],,,,,Bucuresti,Bucharest,GEM-GOGPT,,,,,,,,,,,
CT-5457,Osan CHP power station,South Korea,KR,37.1401,127.0557,436.0,2016,operating,1,True,,,CCGT,DSPower Co Ltd,576250,Climate TRACE,modelled (Climate TRACE),,Gyeonggi-do,Osan,Climate TRACE,,,,,,,,,,,
WRI1008187,Shahid Salimi,Iran,IRN,36.8334,53.2521,435.0,1981,operating,1,False,,,CCGT,Mazandaran Regional Electric Co [100%],,,,,Mazandaran,Neka,WRI,,,,,,,,,,,
WRI1005886,Kraftwerk Mainz,Germany,DEU,50.0264,8.2379,434.2,2001,operating,2,True,,,CCGT,Kraftwerke Mainz-Wiesbaden AG,,,,1686.6,Hesse,Wiesbaden,WRI,,,,,,,,,,,
MEX0001810,Norte II,Mexico,MEX,28.4333,'-105.9153,433.0,2014,operating,1,False,,,CCGT,CFE/PIE,958210,Climate TRACE,modelled (Climate TRACE),,Chihuahua,Santa Eulalia,WRI,,,,,,,,,,,
WRI1005934,Lichterfelde,Germany,DEU,52.4252,13.3098,432.0,2019,operating,1,True,,,CCGT,Vattenfall Europe Wärme AG,,,,337.9,Berlin,Lichterfelde,WRI,,,,,,,,,,,
USA0055086,Gregory Power Plant,United States of America,USA,27.8893,'-97.2584,432.0,2000,operating,1,False,GE Vernova: 7F.04,other/unspecified,CCGT,Gregory Power Partners LLC,246015,US EPA GHGRP,measured,367.3,Texas,Gregory,WRI,2,True,False,False,,55086,37.7,9062,489,0.185,699.3
GOGPT_manzanilloland_domini,Manzanillo Power Land power station,Dominican Republic,DOM,19.6765,'-71.7016,432.0,2026,construction,1,False,"Siemens Energy: SGT6-8000H, Siemens Energy: SST6",other/unspecified,CCGT,Coastal Petroleum Dominicana SA [100%],,,,,Montecristi,Pepillo Salcedo (Manzanillo),GEM-GOGPT,,,,,,,,,,,
IND0000115,F_BAD CCGT,India,IND,28.3452,77.3615,431.6,1999,operating,1,False,,,CCGT,NTPC Ltd [100%],,,,578.0,Haryana,Faridabad,WRI,,,,,,,,,,,
USA0010308,Sayreville Cogeneration Facility,United States of America,USA,40.439,'-74.3444,430.2,1991,operating,1,False,,,CCGT,North Jersey Energy Assoc LP,439363,US EPA GHGRP,measured,392.0,New Jersey,Sayreville,WRI,2,False,False,False,,10308,39.8,8583,463,0.178,669.1
GEODB0042638,Malzenice CCGT Power Plant Slovakia,Slovakia,SVK,48.4296,17.6978,430.0,2011,operating,1,True,,,CCGT,Západoslovenská energetika [100%],,,,,Trnavsky,Leopoldov,WRI,,,,,,,,,,,
WRI1006309,CAS TRESORER TG3  CC2,Spain,ESP,39.5672,2.6895,429.0,2009,operating,2,False,,,CCGT,ENDESA GENERACION S.A.,,,,,Balearic Islands,Palma,WRI,,,,,,,,,,,
USA0055079,Millennium Power,United States of America,USA,42.1123,'-72.0151,427.5,2001,operating,1,False,,,CCGT,Millennium Power Partners LP,,,,902.8,Massachusetts,Southbridge,WRI,1,False,False,False,,55079,47.8,7137,385,0.308,1152.6
WRI1002695,BLENOD 5,France,FRA,48.8681,6.0849,427.0,2011,operating,1,False,,,CCGT,Electricité de France SA [100%],,,,1916.6,Lorraine,Dieulouard,WRI,,,,,,,,,,,
WRI1005515,Rijnmond II,Netherlands,NLD,51.8902,4.3552,427.0,2008,operating,1,True,,,CCGT,TenneT,1179720,Climate TRACE,modelled (Climate TRACE),,South Holland,Vlaardingen,WRI,,,,,,,,,,,
WRI1020250,Gönyűi Erőmű,Hungary,HUN,47.7384,17.8033,426.6,2011,operating,1,False,,,CCGT,Uniper SE [100%],,,,2095.8,Gyor-Moson-Sopron,Bony,WRI,,,,,,,,,,,
CT-335,Maasstroom power station,Netherlands,NL,51.8901,4.352,426.0,2010,operating,1,False,,,CCGT,EP Netherlands BV,300058,Climate TRACE,modelled (Climate TRACE),,South Holland,Vlaardingen,Climate TRACE,,,,,,,,,,,
WRI1023614,Sousse C,Tunisia,TUN,35.7855,10.6782,424.0,2014,operating,1,False,Ansaldo Energia: AE94.3 A4,other/unspecified,CCGT,Tunisian Company of Electricity and Gas [100%],,,,,Al Munastir,Sahline,WRI,,,,,,,,,,,
WRI1023615,Sousse D,Tunisia,TUN,35.7855,10.6782,424.0,2015,operating,1,False,"Ansaldo Energia: AE94.3A4, Ansaldo Energia: AE94.3A4, Ansaldo Energia: MT15C-SS",other/unspecified,CCGT,Tunisian Company of Electricity and Gas [100%],,,,,Al Munastir,Sahline,WRI,,,,,,,,,,,
WRI1002271,T-power Beringen,Belgium,BEL,51.0586,5.1056,422.0,2011,operating,1,False,Siemens Energy: SGT5-4000F,F-class,CCGT,T-Power [100%],,,,2534.0,Flanders,Tessenderlo,WRI,,,,,,,,,,,
WRI1061104,Thisvi Power Station,Greece,GRC,38.2365,22.95,421.0,2010,operating,1,False,Ansaldo Energia: 94.3A4,other/unspecified,CCGT,Elpedison Energy,,,,1245.4,Central Greece,Korini,WRI,,,,,,,,,,,
CT-8,Cuno herdecke power station,Germany,DE,51.4031,7.4149,421.0,2007,operating,1,False,,,CCGT,Statkraft AS,691070,Climate TRACE,modelled (Climate TRACE),,North Rhine-Westphalia,Herdecke,Climate TRACE,,,,,,,,,,,
GOGPT_sanseveroenplus_italy,San Severo Enplus power station,Italy,ITA,41.6262,15.42256,421.0,2011,operating,1,True,,,CCGT,Enplus [100%],,,,,Foggia,San Severo,GEM-GOGPT,,,,,,,,,,,
GEODB0044821,Sisak Thermal Power Plant Croatia,Croatia,HRV,45.4538,16.4144,420.0,2017,operating,1,True,,,CCGT,HEP-Proizvodnja doo [100%],,,,,Sisacko-Moslavacka,Budasevo,WRI,,,,,,,,,,,
WRI1061105,Aliveri,Greece,GRC,38.3896,24.0524,420.0,2013,operating,1,False,,,CCGT,Public Power Company of Greece,,,,1773.0,Central Greece,Aliveri,WRI,,,,,,,,,,,
WRI1000836,PLTG Muara Tawar B-3,Indonesia,IDN,'-6.0867,106.9987,420.0,1997,operating,2,False,GE Power: GT13E2,E/legacy-class,CCGT,PT. PJB,,,,,West Java,Bekasi,WRI,,,,,,,,,,,
GBR1000370,Great Yarmouth,United Kingdom,GBR,52.5839,1.7338,420.0,2001,operating,1,False,,,CCGT,RWE Npower Plc,,,,,England,Gorleston-on-Sea,WRI,,,,,,,,,,,
GBR2000769,Shoreham,United Kingdom,GBR,50.8292,'-0.2311,420.0,2000,operating,1,False,,,CCGT,VPI Power Ltd [100%],,,,,England,Portslade,WRI,,,,,,,,,,,
GOGPT_lyon_united,Lyon power station,United States,US,44.427595,'-95.884571,420.0,,pre-construction,2,False,,,CCGT,Xcel Energy Inc,,,,,Minnesota,,GEM-GOGPT,,,,,,,,,,,
IND0000014,ANTA GT,India,IND,25.1797,76.3188,419.3,1989,operating,1,False,,,CCGT,NTPC Ltd [100%],,,,528.3,Rajasthan,Anta,WRI,,,,,,,,,,,
USA0055223,Ennis Power Company LLC,United States of America,USA,32.32,'-96.675,418.0,2002,operating,1,False,,,CCGT,Ennis Power Company LLC,592622,US EPA GHGRP,measured,1505.0,Texas,Ennis,WRI,1,False,False,False,,55223,44.4,7677,414,0.386,1412.9
CT-5448,Andong power station,South Korea,KR,36.5959,128.5413,417.0,2014,operating,1,False,Doosan Enerbility Co.: H-class,other/unspecified,CCGT,Korea Southern Power Co Ltd,721270,Climate TRACE,modelled (Climate TRACE),,Gyeongsangbuk-do,Andong,Climate TRACE,,,,,,,,,,,
CT-3126,Zheneng Jinhua Gas power station,China,CN,29.0698,119.5804,416.0,2005,operating,1,False,,,CCGT,Zhejiang Zheneng Jinhua Gas Turbine Power Generation Co Ltd,711010,Climate TRACE,modelled (Climate TRACE),,Zhejiang Sheng,Qiubin,Climate TRACE,,,,,,,,,,,
WRI1006664,MALA1 (CTCC MALAGA),Spain,ESP,36.7495,'-4.5631,415.5,2009,operating,1,False,,,CCGT,GAS NATURAL FENOSA GENERACION  S.L.U.,173174,Climate TRACE,modelled (Climate TRACE),1821.3,Andalusia,Estacion de Cartama,WRI,,,,,,,,,,,
WRI1023613,Ghannouch,Tunisia,TUN,33.9263,10.0932,415.0,2011,operating,1,False,GE Power: GT26,F-class,CCGT,Tunisian Company of Electricity and Gas [100%],,,,,Qabis,Gabes,WRI,,,,,,,,,,,
CT-5449,Daegu CHP power station,South Korea,KR,35.8822,128.7052,415.0,2014,operating,1,True,,,CCGT,Daegu Green Power Co Ltd,717800,Climate TRACE,modelled (Climate TRACE),,Gyeongsangbuk-do,Gyeongsan-si,Climate TRACE,,,,,,,,,,,
WRI1002715,Croix-de-Metz,France,FRA,48.675,5.8917,413.0,2012,operating,1,False,,,CCGT,Total Direct Énergie [100%],,,,2064.2,Lorraine,Toul,WRI,,,,,,,,,,,
GOGPT_lagisza_poland,Lagisza power station,Poland,POL,50.35016,19.14351,413.0,,,1,True,,,CCGT,TAURON Wytwarzanie SA [100%],,,,,Śląskie,Bedzin,GEM-GOGPT,,,,,,,,,,,
WRI1002756,Pont-sur-Sambre,France,FRA,50.2308,3.8653,412.0,2009,operating,1,False,,,CCGT,Total Direct Énergie [100%],,,,2101.8,Nord-Pas-de-Calais,Bachant,WRI,,,,,,,,,,,
WRI1019460,Glow Energy Phase 5 Power Plant,Thailand,THA,12.6779,101.1356,412.0,2011,operating,1,True,,,CCGT,GLOW Group,,,,,Rayong,Ban Chang,WRI,,,,,,,,,,,
CT-5450,Wirye CHP power station,South Korea,KR,37.4815,127.1525,412.0,2017,operating,1,True,,,CCGT,Narae Energy Service Co Ltd,712600,Climate TRACE,modelled (Climate TRACE),,Gyeonggi-do,Seongnam-si,Climate TRACE,,,,,,,,,,,
USA0056400,Treasure Coast Energy Center,United States of America,USA,27.3839,'-80.3775,411.4,2008,operating,1,False,,,CCGT,Fort Pierce Utilities Authority,,,,1787.7,Florida,Fort Pierce South,WRI,1,True,False,False,,56400,45.6,7484,403,0.547,1972.3
CT-3335,Beijing Energy Jingfeng Gas Thermal power station,China,CN,39.8133,116.1434,410.0,2006,operating,1,True,,,CCGT,Beijing Jingfeng Gas Power Generation Co Ltd,298060,Climate TRACE,modelled (Climate TRACE),,Beijing,Wangzuo,Climate TRACE,,,,,,,,,,,
GOGPT_khabarovsk4_russia,Khabarovsk-4 power station,Russia,RUS,48.411112,135.1139403,410.0,2027,construction,2,True,Power Machines: not found,other/unspecified,CCGT,Far Eastern Generating Company JSC [100%],,,,,Khabarovsk region,Khabarovsk,GEM-GOGPT,,,,,,,,,,,
GBR1000075,Coolkeeragh,United Kingdom,GBR,55.0437,'-7.2487,408.0,1970,operating,1,False,,,CCGT,Coolkeeragh ESB Ltd,57770,EU ETS,measured,4.5,Northern Ireland,Culmore,WRI,,,,,,,,,,,
GBR1000494,Enfield,United Kingdom,GBR,51.6625,'-0.0225,408.0,1999,operating,1,False,,,CCGT,Uniper UK Limited,,,,,England,Waltham Cross,WRI,,,,,,,,,,,
GOGPT_sofiaiztok_bulgar,Sofia Iztok power station,Bulgaria,BGR,42.65152,23.41722,407.0,1964,operating,1,True,,,CCGT,Toplofikacia Sofia EAD [100%],,,,,Sofia,Sofia City,GEM-GOGPT,,,,,,,,,,,
WRI1008189,Shariati,Iran,IRN,36.2369,59.7324,406.0,2003,operating,1,False,,,CCGT,unknown; Taban Energy Pasargad Industries Development Co [44%],,,,,Razavi Khorasan,Mashhad,WRI,,,,,,,,,,,
WRI1002258,Marcinelle Energie (Carsid),Belgium,BEL,50.4138,4.4067,405.0,2011,operating,1,False,Ansaldo Energia: AE94.3A,other/unspecified,CCGT,Total Direct Énergie [100%],4881,EU ETS,measured,1588.4,Wallonia,Charleroi,WRI,,,,,,,,,,,
USA0050216,Watson Cogeneration,United States of America,USA,33.8166,'-118.2448,405.0,1988,operating,1,True,,,CCGT,ARCO Products Co-Watson,420350,Climate TRACE,modelled (Climate TRACE),3036.8,California,Carson,WRI,4,True,False,False,,50216,60.9,5605,301,0.724,2567.9
GOGPT_pasirgudangytl_malays,Pasir Gudang (YTL) power station,Malaysia,MYS,1.4504,103.88,404.0,1995,,1,False,,,CCGT,YTL Power International Bhd [100%],,,,,Johor,Pasir Gudang,GEM-GOGPT,,,,,,,,,,,
WRI1020251,Alpiq Csepel Erőmű,Hungary,HUN,47.428,19.0525,401.0,2000,operating,1,True,GE Power: F9E,E/legacy-class,CCGT,Alpiq AG [100%],,,,525.4,Budapest,Budapest XXII. keruelet,WRI,,,,,,,,,,,
GBR1000077,Corby,United Kingdom,GBR,52.5104,'-0.6814,401.0,1993,operating,1,False,,,CCGT,Corby Power Ltd,6647,EU ETS,measured,,England,Corby,WRI,,,,,,,,,,,
GOGPT_bayetcombinedcycle_france,Bayet Combined Cycle power station,France,FRA,46.2731,3.3007,401.0,2011,operating,1,False,,,CCGT,Total Direct Énergie [100%],,,,,Allier,Bayet,GEM-GOGPT,,,,,,,,,,,
WRI1019163,Timelkam,Austria,AUT,48.0122,13.5895,400.0,2008,operating,1,True,,,CCGT,Energie AG Oberösterreich,,,,452.0,Upper Austria,Timelkam,WRI,,,,,,,,,,,
WRI1002198,Shimal,Azerbaijan,AZE,40.4995,50.2077,400.0,2002,operating,2,False,Mitsubishi Power,other/unspecified,CCGT,AzerEnerji,,,,,Baki,Mardakyany,WRI,,,,,,,,,,,
WRI1002858,CANDELA,Italy,ITA,41.2014,15.4762,400.0,2005,operating,1,False,,,CCGT,Edison,,,,1446.4,Apulia,Candela,WRI,,,,,,,,,,,
WRI1002866,CENTRALE DI TEVEROLA,Italy,ITA,41.0092,14.2281,400.0,2007,operating,1,False,,,CCGT,Repower AG,308234,Climate TRACE,modelled (Climate TRACE),1511.5,Campania,Teverola,WRI,,,,,,,,,,,
WRI1002873,CTE DEL MINCIO,Italy,ITA,45.3993,10.7142,400.0,1983,operating,1,False,,,CCGT,A2A,,,,1163.3,Veneto,Salionze,WRI,,,,,,,,,,,
WRI1002916,NAPOLI L,Italy,ITA,40.8339,14.3006,400.0,2009,operating,1,False,,,CCGT,Tirreno,410484,Climate TRACE,modelled (Climate TRACE),1091.3,Campania,San Giorgio a Cremano,WRI,,,,,,,,,,,
WRI1003661,Artyomovskaya CHPP,Russia,RUS,43.3714,132.305,400.0,2027,construction,6,True,Power Machines: GTE-170.1,other/unspecified,CCGT,"JSC ""FAR EASTERN GK"" (JSC ""DGK"")",,,,,Primorskiy,Shtykovo,WRI,,,,,,,,,,,
WRI1000205,Yeongnam,South Korea,KOR,35.5141,129.3835,400.0,2018,operating,1,False,Mitsubishi Power: M501J,H/J-class,CCGT,Korea Southern Power,823300,Climate TRACE,modelled (Climate TRACE),,Ulsan,Ulsan,WRI,,,,,,,,,,,
CT-3105,GCL Nanjing Lantian Gas Thermal power station,China,CN,31.8817,118.8375,400.0,2018,operating,2,True,,,CCGT,Nanjing China Resources Gas Co Ltd,798460,Climate TRACE,modelled (Climate TRACE),,Jiangsu Sheng,Dongshan,Climate TRACE,,,,,,,,,,,
CT-3201,Huadian Longyou Thermal power station,China,CN,29.1028,119.223,400.0,2015,operating,2,True,,,CCGT,Huadian Zhejiang Longyou Thermal Power Co Ltd,506440,Climate TRACE,modelled (Climate TRACE),,Zhejiang Sheng,Tashi,Climate TRACE,,,,,,,,,,,
CT-3208,Datang Suzhou Gas Thermal power station,China,CN,31.0374,120.7599,400.0,2013,operating,2,True,,,CCGT,Datang Suzhou Thermal Power Co Ltd,484190,Climate TRACE,modelled (Climate TRACE),,Jiangsu Sheng,Lili,Climate TRACE,,,,,,,,,,,
CT-3339,Shanghai Electric Power Luojing Gas power station,China,CN,31.4675,121.3831,400.0,2015,operating,2,False,,,CCGT,Luojing Gas Turbine Power Plant of Shanghai Electric Power Co Ltd,290780,Climate TRACE,modelled (Climate TRACE),,Shanghai Shi,Luojing,Climate TRACE,,,,,,,,,,,
CT-3340,SPIC Lisha Island Gas power station,China,CN,22.9565,113.5754,400.0,2020,operating,2,True,GE Vernova: PG9171E,other/unspecified,CCGT,Dongguan Zhongdian Jiufeng New Energy Thermal Power Co Ltd,290780,Climate TRACE,modelled (Climate TRACE),,Guangdong,Hongmei,Climate TRACE,,,,,,,,,,,
CT-3341,Huadian Tianjin Fuyuan Thermal power station,China,CN,39.4346,116.9839,400.0,2014,operating,2,True,GE Power: 9E,E/legacy-class,CCGT,Tianjin Huadian Fuyuan Thermal Power Co Ltd,290780,Climate TRACE,modelled (Climate TRACE),,Tianjin Shi,Nancaicun,Climate TRACE,,,,,,,,,,,
GOGPT_prairielights_canada,Prairie Lights power project,Canada,CAN,54.847985,'-118.784089,400.0,2028,pre-construction,1,False,,,CCGT,Prairie Lights Power GP Inc [100%],,,,,Alberta,Grande Prairie,GEM-GOGPT,,,,,,,,,,,
GOGPT_bloqueccgnecuador_ecuado,Bloque CCGN (Ecuador) power station,Ecuador,ECU,'-2.187048,'-80.838197,400.0,2028,announced,1,False,,,CCGT,,,,,,Santa Elena,TBD,GEM-GOGPT,,,,,,,,,,,
GOGPT_edfpremnitz_german,EDF Premnitz power station,Germany,DEU,52.53367,12.34867,400.0,,,1,False,,,CCGT,EDF Deutschland GmbH [100%],,,,,Brandenburg,Premintz,GEM-GOGPT,,,,,,,,,,,
GOGPT_mppindonesia1_indone,MPP Indonesia 1,Indonesia,IDN,'-1.5,120.0,400.0,2025,announced,2,False,,,CCGT,PT PLN (Persero),,,,,Sulawesi,,GEM-GOGPT,,,,,,,,,,,
GOGPT_mppindonesia2_indone,MPP Indonesia 2,Indonesia,IDN,'-1.5,120.0,400.0,2025,announced,2,False,,,CCGT,PT PLN (Persero),,,,,Sulawesi,,GEM-GOGPT,,,,,,,,,,,
GOGPT_mppindonesia3_indone,MPP Indonesia 3,Indonesia,IDN,'-1.5,120.0,400.0,2025,announced,2,False,,,CCGT,PT PLN (Persero),,,,,Sulawesi,,GEM-GOGPT,,,,,,,,,,,
GOGPT_roselectra_italy,Roselectra power station,Italy,ITA,43.38134,10.44855,400.0,2007,operating,1,True,,,CCGT,ENGIE SA,,,,,Livorno,"Rosignano Solvay, Rosen",GEM-GOGPT,,,,,,,,,,,
GOGPT_ekrokpeerkrejegbe_nigeri,Ekrokpe-Erkrejegbe power station,Nigeria,NGA,5.517692,5.903853,400.0,,,2,False,,,CCGT,Onose TBEA Energy Ltd [100%],,,,,Delta,Ekrokpe,GEM-GOGPT,,,,,,,,,,,
GOGPT_permchp14_russia,Perm CHP-14 power station,Russia,RUS,58.018928,55.881863,400.0,1966,operating,1,True,Power Machines: GTE-65.1,other/unspecified,CCGT,T Plus PJSC [100%],,,,,Perm Krai,Perm,GEM-GOGPT,,,,,,,,,,,
USA0010633,Hopewell Cogeneration,United States of America,USA,37.2917,'-77.2811,399.0,1990,operating,1,True,,,CCGT,Luminant Generation Company LLC,494746,US EPA GHGRP,measured,1495.4,Virginia,Hopewell,WRI,3,False,False,False,,10633,41.2,8288,454,0.194,677.7
USA0050707,JM Shafer Generating Station,United States of America,USA,40.0986,'-104.7736,396.9,1994,operating,1,True,GE Power: LM6000,other/unspecified,CCGT,Tri-State G & T Assn  Inc,482180,US EPA GHGRP,measured,647.7,Colorado,Aristocrat Ranchettes,WRI,5,True,False,False,,50707,41.3,8252,445,0.257,894.2
GBR1000493,Cottam Development Centre,United Kingdom,GBR,53.3051,'-0.7858,395.0,1999,operating,1,False,,,CCGT,Uniper UK Limited,,,,,England,Gainsborough,WRI,,,,,,,,,,,
GOGPT_torinonord_italy,Torino Nord power station,Italy,ITA,45.10383,7.61308,395.0,2011,operating,1,True,,,CCGT,Iren Energia SpA [100%],,,,,Turin,Torino,GEM-GOGPT,,,,,,,,,,,
GOGPT_kingslynn_united,King's Lynn power station,United Kingdom,GBR,52.72783,0.37975,395.0,2019,operating,1,False,,,CCGT,RWE Generation UK PLC [100%],,,,,Norfolk,Saddlebow,GEM-GOGPT,,,,,,,,,,,
WRI1023677,Centrale a cycle combine de Tahaddart,Morocco,MAR,35.589,'-5.9868,394.0,2005,operating,1,False,,,CCGT,Energie Electrique de Tahaddart (EET),,,,,Tanger-Tetouan,Asilah,WRI,,,,,,,,,,,
GOGPT_tocopilla_chile,Tocopilla power station,Chile,CHL,'-22.096386,'-70.211759,394.0,2001,operating,1,False,,,CCGT,ENGIE Energía Chile SA [100%],,,,,Antofagasta,Tocopilla,GEM-GOGPT,,,,,,,,,,,
WRI1006417,CTCC SABON  GRUPO 3,Spain,ESP,43.329,'-8.503,391.3,2008,operating,1,False,,,CCGT,GAS NATURAL FENOSA GENERACION  S.L.U.,268361,Climate TRACE,modelled (Climate TRACE),297.5,Galicia,Arteixo,WRI,,,,,,,,,,,
GOGPT_terminal6sanlorenzo_argent,Terminal 6 San Lorenzo cogeneration plant,Argentina,ARG,'-32.663009,'-60.749203,391.0,2021,operating,1,False,,,CCGT,Central Puerto SA [100%],,,,,Santa Fe,Puerto General San Martín,GEM-GOGPT,,,,,,,,,,,
WRI1006404,CRISTOBAL COLON,Spain,ESP,37.2156,'-6.943,390.9,2006,operating,3,False,,,CCGT,ENDESA GENERACION S.A.,,,,196.0,Andalusia,Punta Umbria,WRI,,,,,,,,,,,
AUS0000138,Tamar Valley,Australia,AUS,'-41.1401,146.9036,390.0,2009,operating,1,False,Mitsubishi Power: M701DA,other/unspecified,CCGT,Aurora Energy (Tamar Valley),258650,Climate TRACE,modelled (Climate TRACE),846.5,Tasmania,Beauty Point,WRI,,,,,,,,,,,
WRI1061106,Thessaloniki Power Plant,Greece,GRC,40.6872,22.885,390.0,2005,operating,1,False,GE Power: 9FA,F-class,CCGT,Elpedison Energy,,,,1446.8,Central Macedonia,Diavata,WRI,,,,,,,,,,,
WRI1002940,Santa Barbara,Italy,ITA,43.565,11.4777,390.0,2006,operating,1,True,,,CCGT,Enel SpA [100%],,,,1679.6,Tuscany,San Cipriano-S.Barbara-Centinale,WRI,,,,,,,,,,,
CT-3131,GCL Wuxi Lantian Gas Thermal power station,China,CN,31.5809,120.4173,390.0,2015,operating,2,True,,,CCGT,Wuxi Blue Sky Gas Turbine Thermoelectric Co Ltd,689640,Climate TRACE,modelled (Climate TRACE),,Jiangsu Sheng,Meicun,Climate TRACE,,,,,,,,,,,
GOGPT_ktgzenica_bosnia,KTG Zenica power station,Bosnia and Herzegovina,BIH,44.202511,17.914541,390.0,,,1,True,,,CCGT,KTG Zenica [100%],,,,,Zenica-Doboj,Zenica,GEM-GOGPT,,,,,,,,,,,
GOGPT_atinkou_ctediv,Atinkou power station,Côte d'Ivoire,,5.258026,'-4.326531,390.0,2023,operating,1,False,"Siemens Energy: SGT5-4000F, Siemens Energy: SST5-3000",F-class,CCGT,Atinkou SA [100%],,,,,Lagunes,Taboth,GEM-GOGPT,,,,,,,,,,,
WRI1030736,Ba Ria,Vietnam,VNM,10.4891,107.17,389.0,1999,operating,1,False,,,CCGT,Vietnam Electricity (EVN),,,,,Ba Ria-Vung Tau,Thanh Pho Ba Ria,WRI,,,,,,,,,,,
WRI1002842,Tynagh,Ireland,IRL,53.1658,'-8.381,388.5,2006,operating,1,False,,,CCGT,Tynagh,382540,Climate TRACE,modelled (Climate TRACE),521.9,Connaught,Portumna,WRI,,,,,,,,,,,
USA0000389,El Centro Hybrid,United States of America,USA,32.8022,'-115.54,388.3,1993,operating,2,False,,,CCGT,Imperial Irrigation District,510179,US EPA GHGRP,measured,638.3,California,El Centro,WRI,3,True,False,False,,389,39.3,8675,468,0.306,1042.3
IND0000520,MANGAON CCPP,India,IND,18.3879,73.3529,388.0,2016,operating,1,False,,,CCGT,Pioneer Gas Power Ltd [100%],,,,0.0,Maharashtra,Indapur,WRI,,,,,,,,,,,
CT-371,Zandvliet power station,Netherlands,NL,51.3696,4.2665,386.2,2005,operating,1,True,Siemens Energy: V94.3A,F-class,CCGT,Zandvliet Power NV,240186,Climate TRACE,modelled (Climate TRACE),,North Brabant,Woensdrecht,Climate TRACE,,,,,,,,,,,
BRA0027975,Luiz Carlos Prestes (Antiga Três Lagoas),Brazil,BRA,'-20.741,'-51.6541,385.8,2004,operating,1,False,,,CCGT,Petróleo Brasileiro SA,89655,Climate TRACE,modelled (Climate TRACE),,Mato Grosso do Sul,Tres Lagoas,WRI,,,,,,,,,,,
GOGPT_kimanis_malays,Kimanis power station,Malaysia,MYS,5.6483,115.8897,385.2,2014,operating,3,False,,,CCGT,Kimanis Power Sdn Bhd [100%],,,,,Sabah,Papar,GEM-GOGPT,,,,,,,,,,,
AUS0000149,Swanbank E,Australia,AUS,'-27.6554,152.8179,385.0,2002,operating,1,False,,,CCGT,CS Energy,217418,Climate TRACE,modelled (Climate TRACE),671.2,Queensland,Redbank Plains,WRI,,,,,,,,,,,
WRI1061740,Kirov TPP-3,Russia,RUS,58.5558,49.9831,385.0,1942,operating,1,True,,,CCGT,"Kirov branch of PJSC ""T Plus""",,,,,Kirov,Kirovo-Chepetsk,WRI,,,,,,,,,,,
GOGPT_benevento_italy,Benevento power station,Italy,ITA,41.149441,14.830305,385.0,,announced,1,False,,,CCGT,Luminosa Energia SRL [100%],,,,,Benevento,Benevento,GEM-GOGPT,,,,,,,,,,,
MEX0001811,San Lorenzo Potencia,Mexico,MEX,19.1194,'-98.2412,382.1,2009,operating,1,False,,,CCGT,CFE,792590,Climate TRACE,modelled (Climate TRACE),,Puebla,Almecatla,WRI,,,,,,,,,,,
GEODB0003620,Hussein Thermal Power Plant Jordan,Jordan,JOR,32.119,36.125,382.0,2006,operating,1,False,"GE Power: 9E.03, GE Power: 9E.03, GE Power: 9E.03",E/legacy-class,CCGT,Government of Jordan [100%],,,,,Zarqa,Zarqa,WRI,,,,,,,,,,,
WRI1003110,EVM,Norway,NOR,60.8085,5.0374,382.0,2010,operating,1,True,,,CCGT,Equinor ASA [100%],,,,,Hordaland,Austrheim,WRI,,,,,,,,,,,
GOGPT_aescolon_panama,AES Colón power station,Panama,PAN,9.337361,'-79.909361,381.0,2018,operating,1,False,,,CCGT,AES Panamá SRL [100%],,,,,Colón,Isla Telfers,GEM-GOGPT,,,,,,,,,,,
USA0050043,Houston Chemical Complex Battleground,United States of America,USA,29.7314,'-95.0839,380.7,1987,operating,1,True,,,CCGT,Oxy Vinyls LP,395140,Climate TRACE,modelled (Climate TRACE),1733.1,Texas,Deer Park,WRI,3,True,False,False,,50043,60.1,5682,301,0.581,1936.1
WRI1002983,VOGHERA,Italy,ITA,45.0296,8.9723,380.5,2005,operating,1,False,,,CCGT,Engie Italia SpA,748310,Climate TRACE,modelled (Climate TRACE),1851.1,Lombardy,Silvano Pietra,WRI,,,,,,,,,,,
WRI1075663,Jiulong Paper Mill power station,China,CHN,23.0351,113.5364,380.0,2006,operating,1,True,"GE Vernova: 9E.03, Nanjing Turbine & Electric Machinery (Group): 9E.03",E/legacy-class,CCGT,Jiulong Paper Dongguan Mill,1675100,Climate TRACE,modelled (Climate TRACE),,Guangdong,Mayong,WRI,,,,,,,,,,,
CT-3114,Huadian Pingshan Distributed Gas power station,China,CN,22.7277,114.3963,380.0,2018,operating,2,True,,,CCGT,Huadian International Power Co Ltd Shenzhen Branch,750080,Climate TRACE,modelled (Climate TRACE),,Guangdong,Kengzi,Climate TRACE,,,,,,,,,,,
GOGPT_summerfield_austra,Summerfield power station,Australia,AUS,'-34.950323,139.209501,380.0,,,1,False,,,CCGT,SAPGen Pty Ltd [100%],,,,,South Australia,Tepko,GEM-GOGPT,,,,,,,,,,,
GOGPT_kazansodaelektrik_trkiye,Kazan Soda Elektrik power station,Türkiye,,40.104893,32.501232,380.0,2018,operating,1,True,,,CCGT,Kazan Soda Elektrik Üretim AŞ [100%],,,,,Ankara,İncirlik,GEM-GOGPT,,,,,,,,,,,
WRI1002904,LEINI,Italy,ITA,45.163,7.7505,379.5,2007,operating,1,True,,,CCGT,Engie Italia SpA,582979,Climate TRACE,modelled (Climate TRACE),2312.2,Piedmont,Settimo Torinese,WRI,,,,,,,,,,,
MEX0001788,Huinalá (CC),Mexico,MEX,25.718,'-100.0962,377.7,2002,operating,2,False,,,CCGT,CFE,801800,Climate TRACE,modelled (Climate TRACE),,Nuevo Leon,Lomas de San Martin,WRI,,,,,,,,,,,
USA0003443,Victoria,United States of America,USA,28.7883,'-97.01,376.9,1987,operating,1,False,,,CCGT,Victoria WLE  LP,413303,US EPA GHGRP,measured,1261.0,Texas,Victoria,WRI,1,True,False,False,,3443,43.3,7887,425,0.295,974.8
WRI1030744,Hiep Phuoc,Vietnam,VNM,10.642,106.75,375.0,1998,operating,4,False,GE Power: 9HA.02,H/J-class,CCGT,Hiep Phuoc Power Co Ltd [100%],,,,,Ho Chi Minh City,Nha Be,WRI,,,,,,,,,,,
CT-3186,Nanhai Changhai power station A,China,CN,22.9393,112.8992,375.0,2022,operating,3,True,GE Vernova: 6F.03,other/unspecified,CCGT,Nanhai Changhai Power Co Ltd,556290,Climate TRACE,modelled (Climate TRACE),,Guangdong,Hecheng,Climate TRACE,,,,,,,,,,,
CT-4893,Utran Combined Cycle power plant,India,IN,21.2285,72.8705,375.0,2009,operating,1,False,,,CCGT,Gujarat State Electricity Corporation Ltd,291680,Climate TRACE,modelled (Climate TRACE),,Gujarat,Utran,Climate TRACE,,,,,,,,,,,
WRI1030676,Manifa CO-GENERATION PLANT,Saudi Arabia,SAU,27.58,48.868,374.5,2014,operating,1,True,,,CCGT,Saudi Aramco,,,,,Eastern Province,As Saffaniyah,WRI,,,,,,,,,,,
GEODB0046165,Al Qatrana CCGT Power Plant Jordan,Jordan,JOR,31.2226,36.0197,373.0,2011,operating,1,False,,,CCGT,Qatrana Cement Co [100%],,,,,Karak,Adir,WRI,,,,,,,,,,,
WRI1003823,Syzran TPP,Russia,RUS,53.0642,48.3994,372.4,1947,operating,1,True,,,CCGT,"Samara branch of PJSC ""T Plus""",,,,,Samara,Syzran',WRI,,,,,,,,,,,
CT-197,Priolo-Melili power station,Italy,IT,37.1794,15.1958,372.0,2010,operating,1,True,,,CCGT,Brown2Green Sicily SRL,817080,Climate TRACE,modelled (Climate TRACE),,Sicily,Priolo Gargallo,Climate TRACE,,,,,,,,,,,
GOGPT_songon_ctediv,Songon power station,Côte d'Ivoire,,5.316654,'-4.249435,372.0,,pre-construction,1,False,GE Power: not found,other/unspecified,CCGT,Starenergie 2073 SA [50%]; Endeavor Energy Holdings LLC [50%],,,,,Abidjan,Songon,GEM-GOGPT,,,,,,,,,,,
WRI1019223,Vřesová,Czech Republic,CZE,50.2576,12.6932,370.0,1995,operating,2,True,,,CCGT,Sokolovska Uhlena,453240,Climate TRACE,modelled (Climate TRACE),,Karlovarsky,Vintirov,WRI,,,,,,,,,,,
CT-3366,Huadian Wuchang Gas Thermal power station,China,CN,30.5798,114.3121,370.0,2010,operating,2,True,,,CCGT,Hubei Huadian Wuchang Thermal Power Co Ltd,268980,Climate TRACE,modelled (Climate TRACE),,Hubei,Jiang'an,Climate TRACE,,,,,,,,,,,
CT-3367,Wuhan Donghu Gas Thermal power station,China,CN,30.4862,114.4215,370.0,2015,announced,2,True,,,CCGT,Hubei Energy Donghu Gas Turbine Thermal Power Co Ltd,268980,Climate TRACE,modelled (Climate TRACE),,Hubei,Guanshan,Climate TRACE,,,,,,,,,,,
CT-4891,Yelahanka Raichur power station,India,IN,13.1176,77.5819,370.0,2025,operating,1,False,,,CCGT,Karnataka Power Corp Ltd,296170,Climate TRACE,modelled (Climate TRACE),,Karnataka,Yelahanka,Climate TRACE,,,,,,,,,,,
GOGPT_aspen_canada,Aspen Power Station,Canada,CAN,51.8529018,'-105.0301558,370.0,2027,construction,1,False,Siemens Energy: F-class,other/unspecified,CCGT,Saskatchewan Power Corp,,,,,Saskatchewan,Lanigan,GEM-GOGPT,,,,,,,,,,,
GOGPT_greatplains_canada,Great Plains power station,Canada,CAN,50.391581,'-105.534856,370.0,2024,operating,1,False,Siemens Energy: SGT6-5000F,F-class,CCGT,Saskatchewan Power Corp [100%],,,,,Saskatchewan,Moose Jaw,GEM-GOGPT,,,,,,,,,,,
GOGPT_kaluzhskayachp2_russia,Kaluzhskaya CHP-2 power station,Russia,RUS,54.51579,35.428794,370.0,,,1,True,,,CCGT,KaliningradEnergoInvest LLC [100%],,,,,Kaluga Oblast,,GEM-GOGPT,,,,,,,,,,,
CHL0000102,NUEVA RENCA,Chile,CHL,'-33.4184,'-70.687,369.9,1997,operating,1,False,,,CCGT,SOC. ELECTRICA SANTIAGO S.A.,,,,,Santiago Metropolitan,Lo Prado,WRI,,,,,,,,,,,
GOGPT_legacy_mexico,Energy Legacy power station,Mexico,MEX,31.320967,'-109.554938,368.0,,,1,False,,,CCGT,Energy Legacy International Technologies of Mexico S de RL de CV [100%],,,,,Sonora,Agua Prieta,GEM-GOGPT,,,,,,,,,,,
GOGPT_ciprel_ctediv,Ciprel power station,Côte d'Ivoire,,5.264294,'-4.019808,366.0,1997,operating,1,False,,,CCGT,Compagnie Ivoirienne de Production d’Electricité [100%],,,,,Abidjan,Port-Bouët,GEM-GOGPT,,,,,,,,,,,
USA0003096,Brunot Island,United States of America,USA,40.4649,'-80.0438,365.4,1973,operating,1,False,,,CCGT,Brunot Island Power  LLC,65476,US EPA GHGRP,measured,71.5,Pennsylvania,McKees Rocks,WRI,3,True,False,False,,3096,27.3,12510,678,0.016,51.1
WRI1008363,Alon Tavor,Israel,ISR,32.6339,35.3676,365.0,1992,operating,1,True,,,CCGT,Israel Electric corporation,,,,,Northern District,Nein,WRI,,,,,,,,,,,
WRI1002919,PIETRAFITTA,Italy,ITA,42.9954,12.1995,365.0,2003,operating,1,False,,,CCGT,ENEL,,,,83.1,Umbria,Fontignano,WRI,,,,,,,,,,,
GOGPT_maduraptba_indone,Madura PTBA power station,Indonesia,IDN,'-7.077733,113.287085,365.0,2028,announced,3,False,,,CCGT,PT PLN (Persero),,,,,East Java,Pulau Madura,GEM-GOGPT,,,,,,,,,,,
WRI1023611,Sousse B,Tunisia,TUN,35.7848,10.6791,364.0,1995,operating,1,False,GE Power: PG9171E,other/unspecified,CCGT,Tunisian Company of Electricity and Gas [100%],,,,,Al Munastir,Sahline,WRI,,,,,,,,,,,
CT-5461,Hanam CHP power station,South Korea,KR,37.5518,127.1867,363.8,2015,operating,1,True,,,CCGT,Narae Energy Service Co Ltd,468290,Climate TRACE,modelled (Climate TRACE),,Gyeonggi-do,Hanam,Climate TRACE,,,,,,,,,,,
MEX0001813,Compañía de Nitrógeno de Cantarell,Mexico,MEX,18.61,'-92.2647,362.6,2000,operating,1,True,,,CCGT,Compañía De Nitrógeno De Cantarell  S. A. De C. V.,,,,,Campeche,Colonia Emiliano Zapata,WRI,,,,,,,,,,,
USA0057349,Garrison Energy Center LLC,United States of America,USA,39.1872,'-75.4994,361.0,2015,operating,1,False,,,CCGT,Garrison Energy Center LLC,322457,US EPA GHGRP,measured,1723.7,Delaware,Dover,WRI,1,True,False,False,,57349,48.2,7078,383,0.398,1257.3
GOGPT_novgorodskaya_russia,Novgorodskaya power station,Russia,RUS,58.623519,31.220239,361.0,1968,operating,1,True,,,CCGT,Territorial Generating Company No 2 PJSC [100%],,,,,Novgorod Oblast,Veliky Novgorod,GEM-GOGPT,,,,,,,,,,,
CAN0002078,Poplar Creek,Canada,CAN,57.008,'-111.4868,360.0,2001,operating,2,True,Mitsubishi Power: M501,other/unspecified,CCGT,TransAlta,,,,,Alberta,Fort McMurray,WRI,,,,,,,,,,,
WRI1029819,Fengda Gas,China,CHN,22.98,114.49,360.0,2005,operating,4,True,GE Vernova: PG9171E,other/unspecified,CCGT,Huizhou Shenneng Fengda Power Co Ltd,2216700,Climate TRACE,modelled (Climate TRACE),,Guangdong,Yonghu,WRI,,,,,,,,,,,
WRI1029833,Suzhou - GCL Gas,China,CHN,31.3,120.8,360.0,2005,operating,2,True,,,CCGT,Suzhou Industrial Park Lantian Fuel Gas Thermoelectricity Co Ltd,691110,Climate TRACE,modelled (Climate TRACE),,Jiangsu Sheng,Shengpu,WRI,,,,,,,,,,,
WRI1075826,Opatovice power station,Czech Republic,CZE,50.1265,15.7933,360.0,1959,operating,3,True,,,CCGT,Elektrarny Opatovice AS,,,,,Pardubicky,Opatovice nad Labem,WRI,,,,,,,,,,,
WRI1061107,Agios Georgiou,Greece,GRC,37.9539,23.6104,360.0,1990,operating,1,True,,,CCGT,Public Power Company of Greece,,,,0.0,Attica,Keratsini,WRI,,,,,,,,,,,
WRI1018642,El Sitio,Venezuela,VEN,10.2898,'-66.6813,360.0,2013,operating,1,False,,,CCGT,Corporación Eléctrica Nacional (Venezuela) SA [100%],,,,131.0,Miranda,Santa Teresa,WRI,,,,,,,,,,,
CT-3103,GCL Guangzhou Lantian Gas Thermal power station,China,CN,23.2125,113.5726,360.0,2015,operating,2,True,,,CCGT,GuangZhou Blue Sky Gas Cogen-power Co Ltd,803210,Climate TRACE,modelled (Climate TRACE),,Guangdong,Yonghe,Climate TRACE,,,,,,,,,,,
CT-3148,Shenzhen Yuhu Gas power station,China,CN,22.7162,114.1362,360.0,2004,operating,2,True,GE Vernova: 9E,E/legacy-class,CCGT,Shenzhen Yuhu Electric Power Co Ltd,667850,Climate TRACE,modelled (Climate TRACE),,Guangdong,Pinghu,Climate TRACE,,,,,,,,,,,
CT-3369,Shenzhen Energy Hongwan Gas power station,China,CN,22.1749,113.4729,360.0,2005,operating,4,True,Dongfang Electric Corporation: M701F4,F-class,CCGT,Zhuhai Shenneng Hongwan Electric Power Co Ltd [100%],261690,Climate TRACE,modelled (Climate TRACE),,Guangdong,Nanping,Climate TRACE,,,,,,,,,,,
CT-3370,GCL Suzhou Economic Zone North Gas Thermal power station,China,CN,31.332,120.6559,360.0,2013,operating,2,True,,,CCGT,Suzhou Industrial Park North Gas Turbine Thermal Power Co Ltd,261690,Climate TRACE,modelled (Climate TRACE),,Jiangsu Sheng,Pingjianglu,Climate TRACE,,,,,,,,,,,
CT-3371,Huadian Wujiang Gas power station,China,CN,30.974,120.6288,360.0,2013,operating,2,True,,,CCGT,Jiangsu Huadian Wujiang Thermal Power Co Ltd,261690,Climate TRACE,modelled (Climate TRACE),,Jiangsu Sheng,Pingwang,Climate TRACE,,,,,,,,,,,
CT-3372,Dongguan Zhongming Gas power station,China,CN,22.972,113.8459,360.0,2006,pre-construction,1,True,Dongfang Electric Corporation: M701F,F-class,CCGT,Dongguan Zhongming Power Co Ltd,261690,Climate TRACE,modelled (Climate TRACE),,Guangdong,Liaobu,Climate TRACE,,,,,,,,,,,
CT-3373,Zhongshan Nanlang Gas power station,China,CN,22.552,113.5694,360.0,2005,operating,2,True,,,CCGT,Shennan Power (Zhongshan) Power Co Ltd,261690,Climate TRACE,modelled (Climate TRACE),,Guangdong,Nanlang,Climate TRACE,,,,,,,,,,,
GOGPT_gclfogangdistributed_china,GCL Fogang Gas Distributed Energy Station,China,CHN,23.7458566,113.5319489,360.0,,pre-construction,3,True,Shanghai Electric: AE64.3A,other/unspecified,CCGT,Fogang GCL Distributed Energy Co Ltd [100%],,,,,Guangdong,Tangtang Town,GEM-GOGPT,,,,,,,,,,,
GOGPT_guangdongyangxi_china,Guangdong Yangxi power station,China,CHN,21.7781089,111.6000995,360.0,2026,construction,3,True,GE Vernova: 6F.03,other/unspecified,CCGT,Jingneng (Yangxi) Comprehensive Energy Co Ltd [100%],,,,,Guangdong,,GEM-GOGPT,,,,,,,,,,,
GOGPT_county_united,Power County Plant,United States,US,42.656579,'-112.830937,360.0,2031,announced,1,False,,,CCGT,Utah Associated Municipal Power Systems,,,,,Idaho,,GEM-GOGPT,,,,,,,,,,,
GOGPT_losmina_domini,Los Mina power station,Dominican Republic,DOM,18.499396,'-69.868562,359.0,2017,operating,1,False,,,CCGT,Estrella-Linda Group [15%]; Dominican Power Partners [85%],,,,,Santo Domingo,Los Mina,GEM-GOGPT,,,,,,,,,,,
USA0010761,Las Vegas Generating Station,United States of America,USA,36.2319,'-115.1222,358.9,2001,operating,3,False,,,CCGT,Nevada Power Co,,,,196.1,Nevada,North Las Vegas,WRI,5,False,True,False,,10761,38.3,8909,480,0.091,284.6
WRI1002264,RINGVAART STEG,Belgium,BEL,51.1049,3.7257,357.0,1998,operating,1,False,GE Vernova: MS9001FA-50 Hz,other/unspecified,CCGT,Luminus NV/SA [100%],,,,2025.1,Flanders,Evergem,WRI,,,,,,,,,,,
GEODB0005053,Rehab CCGT Power Plant Jordan,Jordan,JOR,32.3311,36.0506,357.0,2005,operating,1,False,,,CCGT,Central Electricity Generating Co [100%],,,,,Irbid,Qafqafa,WRI,,,,,,,,,,,
GOGPT_kozhukhovo_russia,Kozhukhovo power station,Russia,RUS,55.7221087,37.8728905,357.0,,construction,1,True,,,CCGT,ROSMIX LLC [100%],,,,,Moscow,Moscow,GEM-GOGPT,,,,,,,,,,,
WRI1008365,Tzafit,Israel,ISR,31.7123,34.8423,355.0,2021,operating,1,False,,,CCGT,Israel Electric corporation,,,,,Central District,Bene 'Ayish,WRI,,,,,,,,,,,
CT-3068,Hanneng Power Tunkou Gas power station,China,CN,30.4708,114.2035,354.0,2005,operating,3,True,Hangzhou Turbine Power Group Co Ltd: SGT-800,E/legacy-class,CCGT,Wuhan Hanneng Electric Power Development Co Ltd,923730,Climate TRACE,modelled (Climate TRACE),,Hubei,Jiangti,Climate TRACE,,,,,,,,,,,
GOGPT_chinookswift_canada,Chinook Swift power station,Canada,CAN,50.345253,'-107.937285,353.0,2019,operating,1,False,,,CCGT,Saskatchewan Power Corp [100%],,,,,Saskatchewan,Swift Current,GEM-GOGPT,,,,,,,,,,,
IND0000143,HAZIRA-GSECL,India,IND,21.1652,72.6613,351.4,2012,operating,1,False,,,CCGT,Gujarat State Energy Generation Ltd,410310,Climate TRACE,modelled (Climate TRACE),340.8,Gujarat,Surat,WRI,,,,,,,,,,,
WRI1061913,Adler Thermal Power Station,Russia,RUS,43.4202,39.9492,351.0,2013,operating,2,True,Power Machines: GTE-170,other/unspecified,CCGT,"PJSC ""OGK-2""",,,,,Krasnodarskiy,Adler,WRI,,,,,,,,,,,
WRI1002267,SAINT-GHISLAIN STEG,Belgium,BEL,50.4719,3.8248,350.0,2000,operating,1,False,GE Vernova: MS9001FA-50 Hz,other/unspecified,CCGT,Electrabel NV/SA [100%],,,,1059.5,Wallonia,Saint-Ghislain,WRI,,,,,,,,,,,
GEODB0042663,Guaracachi CCGT Power Plant Bolivia,Bolivia,BOL,'-17.7875,'-63.1521,350.0,1999,operating,1,False,"GE Vernova: 6FA, GE Vernova: 6FA",other/unspecified,CCGT,Empresa Eléctrica ENDE Guaracachi SA [100%],,,,,Santa Cruz,Santa Cruz de la Sierra,WRI,,,,,,,,,,,
WRI1061068,Sulige,China,CHN,38.54,108.81,350.0,2008,operating,2,False,,,CCGT,Inner Mongolia Sulige Gas Power Generation Co Ltd,711450,Climate TRACE,modelled (Climate TRACE),,Inner Mongolia,Galutu,WRI,,,,,,,,,,,
IND0000191,KAYAM KULAM GT,India,IND,9.2404,76.4283,350.0,1998,operating,1,False,,,CCGT,NTPC Ltd [100%],,,,0.0,Kerala,Kayankulam,WRI,,,,,,,,,,,
WRI1000230,Prai Power,Malaysia,MYS,5.3752,100.374,350.0,2016,operating,1,False,,,CCGT,TNB Prai Sdn Bhd [100%],,,,,Penang,Perai,WRI,,,,,,,,,,,
WRI1019056,Stalowa Wola,Poland,POL,50.5538,22.0787,350.0,2020,operating,1,True,,,CCGT,TAURON Wytwarzanie S.A.,2137600,Climate TRACE,modelled (Climate TRACE),168.9,Subcarpathian Voivodeship,Stalowa Wola,WRI,,,,,,,,,,,
WRI1019483,Bang Bo,Thailand,THA,13.492,100.8416,350.0,2000,operating,1,False,,,CCGT,Eastern Power and Electric Company,,,,,Samut Prakan,Bang Bo,WRI,,,,,,,,,,,
GOGPT_puertocortes_hondur,Puerto Cortés power station,Honduras,HND,15.825991,'-87.929567,350.0,,,1,False,,,CCGT,Cortés Gas Natural [100%],,,,,Cortés,Puerto Cortes,GEM-GOGPT,,,,,,,,,,,
GOGPT_astana3_kazakh,Astana-3 power station,Kazakhstan,KAZ,51.188293,71.510303,350.0,2029,announced,1,True,,,CCGT,,,,,,Akmola,Astana,GEM-GOGPT,,,,,,,,,,,
GOGPT_fermacadigitalcity_mexico,Fermaca Digital City power plant,Mexico,MEX,24.0322753,'-104.6629706,350.0,,pre-construction,1,False,,,CCGT,Fermaca Dreams Holdings Company SA de CV,,,,,Durango,Durango,GEM-GOGPT,,,,,,,,,,,
GOGPT_novisad2_serbia,Novi Sad 2 power station,Serbia,SRB,45.267969,19.885331,350.0,2028,announced,1,False,,,CCGT,,,,,,Vojvodina,Novi Sad,GEM-GOGPT,,,,,,,,,,,
GOGPT_coastalregion_syria,Coastal Region power plant,Syria,,35.24718,36.011713,350.0,,announced,1,False,,,CCGT,Public Establishment of Electricity Generation [100%],,,,,Mediterranean Coast,,GEM-GOGPT,,,,,,,,,,,
GOGPT_astratanzania_tanzan,Astra Energy Tanzania power station,Tanzania,TZA,'-6.744019,34.613438,350.0,2027,announced,1,False,,,CCGT,Astra Energy Inc,,,,,Tanzania,,GEM-GOGPT,,,,,,,,,,,
BRA0028033,Termo Norte II,Brazil,BRA,'-8.7905,'-63.8061,349.9,2001,operating,1,False,,,CCGT,Termo Norte Energia Ltda,322410,Climate TRACE,modelled (Climate TRACE),,Rondonia,Porto Velho,WRI,,,,,,,,,,,
USA0056234,Caithness Long Island Energy Center,United States of America,USA,40.8142,'-72.9403,348.9,2009,operating,1,False,,,CCGT,Caithness Long Island  LLC,,,,2186.1,New York,Yaphank,WRI,1,True,False,False,,56234,51.4,6644,359,0.76,2322.9
WRI1008155,Khuy,Iran,IRN,38.4051,44.911,348.0,1997,operating,1,False,,,CCGT,Parto Shams Taban Co [100%],,,,,Azarbayjan-e Gharbi,Khvoy,WRI,,,,,,,,,,,
WRI1023917,Old Harbour,Jamaica,JAM,17.9006,'-77.1071,347.5,1994,operating,1,False,,,CCGT,Jamaica Public Service Company,,,,,Saint Catherine,Old Harbour Bay,WRI,,,,,,,,,,,
USA0006559,George M Sullivan Generation Plant 2,United States of America,USA,61.2297,'-149.7167,346.9,1997,operating,1,False,,,CCGT,Anchorage Municipal Light and Power,243840,Climate TRACE,modelled (Climate TRACE),626.2,Alaska,Elmendorf Air Force Base,WRI,2,False,False,False,,6559,43.1,7922,420,0.299,908.6
GOGPT_huadianheshan_china,Huadian Heshan Gas Thermal power station,China,CHN,22.780068,112.902984,345.0,,pre-construction,3,True,,,CCGT,Huadian International Power Co Ltd Guangdong Branch [100%],,,,,Guangdong,Longkou Town,GEM-GOGPT,,,,,,,,,,,
GOGPT_almaty1_kazakh,Almaty-1 power station,Kazakhstan,KAZ,43.281259,76.930565,345.0,2017,operating,2,True,,,CCGT,Almaty Power Plants JSC [100%],,,,,Almaty,Almaty,GEM-GOGPT,,,,,,,,,,,
USA0001384,Cooper,United States of America,USA,36.9981,'-84.5919,344.0,1967,pre-construction,1,False,GE Vernova: SGT6-5000F,F-class,CCGT,East Kentucky Power Coop  Inc,484225,US EPA GHGRP,measured,168.6,Kentucky,Somerset,WRI,,,,,,,,,,,
CT-3169,Zheneng Wenzhou Longwan power station,China,CN,27.9686,120.8074,343.8,1999,operating,1,False,,,CCGT,Wenzhou Ranji Power Generation Co Ltd,601240,Climate TRACE,modelled (Climate TRACE),,Zhejiang Sheng,Qidu,Climate TRACE,,,,,,,,,,,
GOGPT_ranmanwtc_mexico,Ranman WTC power station,Mexico,MEX,22.15647,'-100.985541,343.0,,,1,False,,,CCGT,Ranman Energy SAPI de CV [100%],,,,,San Luis Potosí,San Luis Potosí,GEM-GOGPT,,,,,,,,,,,
WRI1029254,Summit Bibiana-2,Bangladesh,BGD,24.6358,91.6587,341.0,2015,operating,1,False,,,CCGT,Summit Corporation Limited,,,,,Sylhet,Maulavi Bazar,WRI,,,,,,,,,,,
GOGPT_cogeneracionrefineriao_mexico,Cogeneración Refinería Olmeca Dos Bocas,Mexico,MEX,18.418663,'-93.203974,341.0,2026,construction,1,True,,,CCGT,Pemex-Transformación Industrial SA de CV [100%],,,,,Tabasco,Paraíso,GEM-GOGPT,,,,,,,,,,,
GOGPT_alsike_canada,Alsike power plant,Canada,CAN,53.1912,'-114.4648,340.0,,announced,2,False,,,CCGT,Kalina Distributed Power Ltd,,,,,Alberta,Edmonton,GEM-GOGPT,,,,,,,,,,,
GOGPT_gilby_canada,Gilby power plant,Canada,CAN,52.465154,'-114.3847099,340.0,,announced,2,False,,,CCGT,Kalina Distributed Power Ltd,,,,,Alberta,Gilby,GEM-GOGPT,,,,,,,,,,,
GOGPT_myers_canada,Myers power plant,Canada,CAN,53.1912,'-114.4648,340.0,,announced,2,False,,,CCGT,Kalina Distributed Power Ltd,,,,,Alberta,Edmonton,GEM-GOGPT,,,,,,,,,,,
GOGPT_quangtricombinedcycle_vietna,Quang Tri Combined Cycle power station,Vietnam,VNM,16.777535,107.327911,340.0,2030,announced,1,False,,,CCGT,Gazprom International Ltd; Vietnam Oil and Gas Group Co,,,,,Quảng Trị,Hai An,GEM-GOGPT,,,,,,,,,,,
USA0055933,Tracy Combined Cycle Power Plant,United States of America,USA,37.7107,'-121.4906,336.1,2007,operating,1,False,,,CCGT,MRP San Joaquin Energy LLC.,,,,864.4,California,Tracy,WRI,2,True,False,False,,55933,40.5,8435,455,0.126,370.7
WRI1002911,Monfalcone power station,Italy,ITA,45.7979,13.5455,336.0,1968,construction,1,False,Siemens Energy: HL-class,other/unspecified,CCGT,A2A Spa,,,,1995.0,Friuli Venezia Giulia,Monfalcone,WRI,,,,,,,,,,,
CT-6240,Dedisa power station,South Africa,ZA,'-33.7437,25.6728,335.0,2015,operating,1,False,,,CCGT,Dedisa Peaking Power (RF) Pty Ltd,148400,Climate TRACE,modelled (Climate TRACE),,Eastern Cape,Port Elizabeth,Climate TRACE,,,,,,,,,,,
USA0056164,Faribault Energy Park,United States of America,USA,44.3356,'-93.2906,334.5,2005,operating,1,False,,,CCGT,Minnesota Municipal Power Agny,,,,751.3,Minnesota,Faribault,WRI,1,True,False,False,,56164,45.8,7445,401,0.22,643.9
CT-3171,Guoxin Yizheng Gas Thermal power station,China,CN,32.3017,119.1864,334.0,2018,operating,2,True,,,CCGT,Jiangsu Guoxin Yizheng Thermal Power Co Ltd,588500,Climate TRACE,modelled (Climate TRACE),,Jiangsu Sheng,Zhenzhou,Climate TRACE,,,,,,,,,,,
CT-4869,P.Nallur Combined Cycle power plant,India,IN,11.0749,79.834,331.0,2001,operating,1,False,,,CCGT,PPN Power Generating Company Pvt Ltd,355970,Climate TRACE,modelled (Climate TRACE),,Tamil Nadu,Tharangambadi,Climate TRACE,,,,,,,,,,,
CT-4899,Pragati Combined Cycle power plant,India,IN,28.6146,77.2528,330.4,2003,operating,1,False,,,CCGT,Pragati Power Corp Ltd,263290,Climate TRACE,modelled (Climate TRACE),,NCT,New Delhi,Climate TRACE,,,,,,,,,,,
IND0000099,DHOLPUR,India,IND,26.7024,77.8492,330.0,2007,operating,1,False,,,CCGT,Rajasthan State Power Finance and Financial Services Corporation Ltd,271390,Climate TRACE,modelled (Climate TRACE),20.2,Rajasthan,Dhaulpur,WRI,,,,,,,,,,,
WRI1000231,Gelugor,Malaysia,MYS,5.3803,100.3147,330.0,2001,announced,1,False,,,CCGT,Tenaga Nasional Bhd [100%],,,,,Penang,George Town,WRI,,,,,,,,,,,
GOGPT_takoraditapco1_ghana,Takoradi (TAPCO) 1 Thermal power plant,Ghana,GHA,4.971862,'-1.658276,330.0,1999,operating,1,False,,,CCGT,Takoradi Power Co [100%],,,,,Western,Aboadze,GEM-GOGPT,,,,,,,,,,,
GOGPT_kinyereziiv_tanzan,Kinyerezi IV power station,Tanzania,TZA,'-6.863267,39.153972,330.0,,,1,False,,,CCGT,Tanzania Electric Supply Company Ltd [100%],,,,,Dar es Salaam,Kinyerezi,GEM-GOGPT,,,,,,,,,,,
GEODB0044823,Zagreb Te-To CHP Power Plant Croatia,Croatia,HRV,45.7816,16.0169,328.0,1979,operating,3,True,,,CCGT,HEP-Proizvodnja doo [100%],,,,,Grad Zagreb,Novi Zagreb,WRI,,,,,,,,,,,
WRI1023158,Cap Des Biches,Senegal,SEN,17.7197,'-17.2996,327.0,2026,construction,1,False,GE Power: 9E.03,E/legacy-class,CCGT,West Africa Energy SA [100%],,,,,Nouakchott,Nouakchott,WRI,,,,,,,,,,,
BRA0028357,Fortaleza,Brazil,BRA,'-3.6771,'-38.8566,326.6,2003,mothballed,1,False,,,CCGT,Central Geradora Termelétrica Fortaleza SA,,,,,Ceara,Cambebba,WRI,,,,,,,,,,,
GOGPT_duqmindependentwateran_oman,Duqm Independent Water and power plant,Oman,OMN,19.530361,57.615728,326.0,2021,operating,1,False,"Siemens Energy: SGT-800, Siemens Energy: SGT-800, Siemens Energy: SGT-800, Siemens Energy: SGT-800, Siemens Energy: SST-300, Siemens Energy: SST-300, Siemens Energy: SST-300, Siemens Energy: SST-300, Siemens Energy: SST-300",E/legacy-class,CCGT,Jubail Water and Power Co [51%]; Gulf Development PCL [45%]; Oman Oil Facilities,,,,,Al Wusta,Duqm,GEM-GOGPT,,,,,,,,,,,
WRI1003713,Ivanovskiye,Russia,RUS,57.0231,40.3848,325.0,2008,operating,2,True,Rostec United Engine Corporation: GTD-110,other/unspecified,CCGT,JSC INTER RAO-Electric Power Generation,,,,,Ivanovo,Komsomol'sk,WRI,,,,,,,,,,,
WRI1029948,Iranshahr GT,Iran,IRN,27.2293,60.4913,324.0,2014,operating,1,False,,,CCGT,Moshanir,,,,,Sistan and Baluchestan,Iranshahr,WRI,,,,,,,,,,,
USA0056610,Deer Creek Station,United States of America,USA,44.2908,'-96.5267,324.0,2012,operating,1,False,,,CCGT,Basin Electric Power Coop,,,,856.7,South Dakota,Flandreau,WRI,,,,,,,,,,,
USA0050152,Dow St Charles Operations,United States of America,USA,29.9861,'-90.4414,323.6,1997,operating,1,True,,,CCGT,Dow Chemical Co - St Charles,,,,2086.4,Louisiana,Norco,WRI,2,True,False,False,,50152,64.2,5314,282,0.708,2005.8
USA0055040,Mid-Georgia Cogeneration Facility,United States of America,USA,32.4856,'-83.6039,323.0,1997,operating,1,True,,,CCGT,SEPG Operating Services  LLC MGC,84063,US EPA GHGRP,measured,230.0,Georgia,Robins Air Force Base,WRI,2,False,False,False,,55040,54.7,6237,338,0.163,461.9
WRI1000253,Pahlawan Power,Malaysia,MYS,2.2238,102.1519,322.0,1999,operating,1,False,,,CCGT,Pahlawan Power Sdn Bhd [100%],,,,,Melaka,Sungai Udang,WRI,,,,,,,,,,,
USA0054914,Brooklyn Navy Yard Cogeneration,United States of America,USA,40.6994,'-73.9764,322.0,1996,operating,2,True,,,CCGT,Brooklyn Navy Yard Cogen PLP,955561,US EPA GHGRP,measured,1892.2,New York,New York City,WRI,2,False,False,False,,54914,63.8,5346,289,0.697,1965.7
AUS0000196,Kwinana NewGen,Australia,AUS,'-32.202,115.7728,320.0,2008,operating,1,False,,,CCGT,Newgen Power Kwinana Partnership,395370,Climate TRACE,modelled (Climate TRACE),2074.1,Western Australia,Kwinana,WRI,,,,,,,,,,,
GOGPT_asiasymbolguangdong_china,Asia Symbol (Guangdong) Gas Thermal power station,China,CHN,22.370209,113.056735,320.0,,construction,3,True,Hangzhou Turbine Power Group Co Ltd: SGT800,other/unspecified,CCGT,Asia Symbol (Guangdong) Paper Co Ltd [100%],,,,,Guangdong,Shuangshui Town,GEM-GOGPT,,,,,,,,,,,
GOGPT_takoraditico_ghana,Takoradi (TICO) Thermal power plant,Ghana,GHA,4.971632,'-1.659773,320.0,2014,operating,1,False,,,CCGT,Takoradi International Company Ltd [100%],,,,,Western,Aboadze,GEM-GOGPT,,,,,,,,,,,
WRI1001993,AES Andres,Dominican Republic,DOM,18.4074,'-69.6343,319.0,2003,construction,1,False,"GE Vernova: STF-A650, GE Vernova: 7HA.02",H/J-class,CCGT,AES Andres,,,,,Santo Domingo,Boca Chica,WRI,,,,,,,,,,,
USA0055700,Mint Farm Generating Station,United States of America,USA,46.1388,'-122.9855,319.0,2008,operating,1,False,,,CCGT,Puget Sound Energy Inc,798750,US EPA GHGRP,measured,1864.7,Washington,West Longview,WRI,1,True,False,False,,55700,44.8,7611,410,0.574,1605.4
USA0057028,Langley Gulch Power Plant,United States of America,USA,43.9044,'-116.8197,318.5,2012,operating,1,False,,,CCGT,Idaho Power Co,,,,1501.4,Idaho,New Plymouth,WRI,1,True,False,False,,57028,49.6,6876,371,0.555,1548.1
GOGPT_kilwa_tanzan,Kilwa power station,Tanzania,TZA,'-8.908994,39.512501,318.0,,,1,False,,,CCGT,Tanzania Electric Supply Company Ltd [100%],,,,,Lindi,Kilwa,GEM-GOGPT,,,,,,,,,,,
USA0007721,Theodore Cogen Facility,United States of America,USA,30.5254,'-88.1285,317.4,2001,operating,1,True,,,CCGT,Alabama Power Co,,,,1551.8,Alabama,Theodore,WRI,1,True,False,False,,7721,,,260,0.55,1528.8
WRI1000092,Mahmoudia,Egypt,EGY,31.1759,30.5289,317.0,1995,operating,1,False,,,CCGT,Middle Delta Electricity Production Co [100%],,,,2190.0,Kafr ash Shaykh,Fuwah,WRI,,,,,,,,,,,
MEX0001818,Benito Juárez (Samalayuca),Mexico,MEX,31.3314,'-106.486,316.0,2003,operating,3,False,,,CCGT,CFE,2767600,Climate TRACE,modelled (Climate TRACE),,Texas,San Elizario,WRI,,,,,,,,,,,
WRI1001621,Korangi (thermal),Pakistan,PAK,24.7857,67.1386,316.0,2015,operating,1,False,,,CCGT,Karachi Electric Supply Company (KESC),,,,,Sindh,Karachi,WRI,,,,,,,,,,,
GOGPT_sofia_bulgar,Sofia power station,Bulgaria,BGR,42.71889,23.32087,315.0,1962,operating,1,True,,,CCGT,Toplofikacia Sofia EAD [100%],,,,,Sofia,Sofia City,GEM-GOGPT,,,,,,,,,,,
GOGPT_sengkang_indone,Sengkang power station,Indonesia,IDN,'-4.175947,120.072159,315.0,1997,operating,2,False,,,CCGT,PT Energi Sengkang [100%],,,,,South Sulawesi,Sengkang,GEM-GOGPT,,,,,,,,,,,
CT-5458,Onsan Smelter power station,South Korea,KR,35.4234,129.3526,314.5,2021,operating,1,False,GE Power: 6F.03,other/unspecified,CCGT,Korea Zinc Co Ltd,533270,Climate TRACE,modelled (Climate TRACE),,Ulsan,Ulsan,Climate TRACE,,,,,,,,,,,
WRI1003834,TPP-1,Russia,RUS,54.8402,56.091,313.0,1955,operating,1,True,,,CCGT,Quandra,,,,,Bashkortostan,Ufa,WRI,,,,,,,,,,,
AUS0000261,Channel Island,Australia,AUS,'-12.555,130.8666,310.0,1987,operating,1,False,,,CCGT,NT Government,489080,Climate TRACE,modelled (Climate TRACE),1062.8,Northern Territory,Darwin,WRI,,,,,,,,,,,
WRI1002906,LIVORNO MARZOCCO,Italy,ITA,43.5673,10.31,310.0,1965,operating,2,True,,,CCGT,ENEL,212230,Climate TRACE,modelled (Climate TRACE),679.7,Tuscany,Livorno,WRI,,,,,,,,,,,
CT-4904,Vadodara Combined Cycle power plant,India,IN,22.3767,73.1013,310.0,1992,operating,2,False,,,CCGT,Gujarat Industries Power Co Ltd,255180,Climate TRACE,modelled (Climate TRACE),,Gujarat,Vadodara,Climate TRACE,,,,,,,,,,,
GOGPT_kulim_malays,Kulim power station,Malaysia,MYS,5.4312,100.6005,310.0,1996,operating,1,False,,,CCGT,N.U.R. Power Sdn Bhd [100%],,,,,Kedah,Kulim,GEM-GOGPT,,,,,,,,,,,
GOGPT_shellchemicalappalachi_united,Shell Chemical Appalachia power station,United States,US,40.671667,'-80.33639,310.0,2021,operating,1,True,,,CCGT,Shell Chemical Appalachia LLC [100%],,,,,Pennsylvania,Monaca,GEM-GOGPT,,,,,,,,,,,
USA0055748,Los Esteros Critical Energy Center,United States of America,USA,37.425,'-121.9319,306.1,2007,operating,1,False,,,CCGT,Los Esteros Critical Energy Facility LLC,88232,US EPA GHGRP,measured,215.6,California,Milpitas,WRI,4,True,True,False,,55748,38.0,8971,484,0.067,180.1
USA0055051,Axiall Plaquemine,United States of America,USA,30.2586,'-91.185,306.0,1997,construction,2,False,GE Power: 7HA.03,H/J-class,CCGT,Axiall Corp,,,,1533.4,Louisiana,Plaquemine,WRI,,,,,,,,,,,
GOGPT_vilaibiza_spain,Vila Ibiza power station,Spain,ESP,38.91214,1.426668,304.6,1998,operating,3,True,,,CCGT,Endesa SA [100%],,,,,Balearic Islands,Ibiza,GEM-GOGPT,,,,,,,,,,,
GOGPT_ezeiza_argent,Ezeiza power station,Argentina,ARG,'-34.903289,'-58.616194,304.0,2024,operating,1,False,"Siemens Energy: SGT-800, Siemens Energy: SST-600",E/legacy-class,CCGT,Generación Mediterránea SA [100%],,,,,Buenos Aires,Carlos Spegazzini,GEM-GOGPT,,,,,,,,,,,
GOGPT_villamaria_argent,Villa María power station,Argentina,ARG,'-32.426774,'-63.174047,303.0,2020,operating,1,False,,,CCGT,MSU Energy [100%],,,,,Córdoba,Villa María,GEM-GOGPT,,,,,,,,,,,
WRI1000829,PLTG Grati,Indonesia,IDN,'-7.6517,113.0244,302.0,1997,operating,3,False,,,CCGT,PT. Indonesia Power,,,,,East Java,Pasuruan,WRI,,,,,,,,,,,
USA0056078,Walnut Energy Center,United States of America,USA,37.4878,'-120.8956,300.6,2006,operating,1,False,,,CCGT,Turlock Irrigation District,,,,1044.1,California,Turlock,WRI,2,False,False,False,,56078,40.9,8337,449,0.557,1467.0
USA0001239,Riverton,United States of America,USA,37.0726,'-94.6987,300.2,2008,operating,1,False,,,CCGT,Empire District Electric Co,,,,1173.6,Kansas,Galena,WRI,1,True,False,False,,1239,45.4,7514,405,0.559,1471.3
CAN0002034,Calgary Energy Centre,Canada,CAN,51.1805,'-113.9373,300.0,2003,operating,1,False,,,CCGT,Calpine,,,,,Alberta,Airdrie,WRI,,,,,,,,,,,
WRI1018582,Termocentro,Colombia,COL,6.4656,'-74.3912,300.0,2000,operating,1,False,,,CCGT,Isagen S.A.,,,,,Antioquia,Puerto Berrio,WRI,,,,,,,,,,,
WRI1020067,Kimitsu,Japan,JPN,35.3619,139.8651,300.0,1970,operating,2,False,,,CCGT,KIMITSU COOP THERMAL POWER,2909200,Climate TRACE,modelled (Climate TRACE),,Chiba,Kimitsu,WRI,,,,,,,,,,,
WRI1030438,Yugadanavi,Sri Lanka,LKA,7.0122,79.874,300.0,2007,operating,1,False,,,CCGT,Ceylon Electricity Board,,,,,Western,Hendala,WRI,,,,,,,,,,,
URY0000824,PUNTA DEL TIGRE A,Uruguay,URY,'-34.75,'-56.5422,300.0,2006,operating,1,False,,,CCGT,Administracion Nacional De Usinas y Trasmisiones Eléctricas [100%],,,,,San Jose,Libertad,WRI,,,,,,,,,,,
CT-3185,Zheneng Zhenhai United power station,China,CN,29.9438,121.684,300.0,1999,operating,1,False,,,CCGT,Zhejiang Zheneng Zhenhai United Power Generation Co Ltd,556530,Climate TRACE,modelled (Climate TRACE),,Zhejiang Sheng,Zhaobaoshan,Climate TRACE,,,,,,,,,,,
CT-3423,Dongguan Humen Gas power station,China,CN,22.8153,113.6248,300.0,2005,operating,3,True,Nanjing Turbine & Electric Machinery (Group): PG6581B,other/unspecified,CCGT,Dongguan Humen Power Plant,218080,Climate TRACE,modelled (Climate TRACE),,Guangdong,Humen,Climate TRACE,,,,,,,,,,,
CT-5971,Baja California III power station,Mexico,MX,31.9928,'-116.8508,300.0,2017,operating,1,False,,,CCGT,Mexico Infrastructure Partners SAPI de CV,638810,Climate TRACE,modelled (Climate TRACE),,Baja California,Santa Anita,Climate TRACE,,,,,,,,,,,
GOGPT_amapaii_brazil,Amapá Power II power station,Brazil,BRA,'-0.062809,'-51.204872,300.0,,,1,False,,,CCGT,Evolution Power Partners SA [100%],,,,,Amapá,Macapá,GEM-GOGPT,,,,,,,,,,,
GOGPT_amapaiii_brazil,Amapá Power III power station,Brazil,BRA,'-0.063013,'-51.205012,300.0,,,1,False,,,CCGT,Evolution Power Partners SA [100%],,,,,Amapá,Macapá,GEM-GOGPT,,,,,,,,,,,
GOGPT_belem_brazil,Belém power station,Brazil,BRA,'-1.401894,'-48.493167,300.0,,,2,False,,,CCGT,Atem Distribuidora de Petróleo SA [100%],,,,,Pará,Belém,GEM-GOGPT,,,,,,,,,,,
GOGPT_greenelectron_canada,Green Electron power station,Canada,CAN,42.784676,'-82.429444,300.0,2017,operating,1,False,,,CCGT,Greenfield South Power Corp [100%],,,,,Ontario,St. Clair,GEM-GOGPT,,,,,,,,,,,
GOGPT_wanxiangxiaoshannatura_china,Wanxiang Xiaoshan Natural Gas Captive power station,China,CHN,30.21727167,120.2685716,300.0,2026,pre-construction,3,True,Shanghai Electric: AE64.3A,other/unspecified,CCGT,Wanxiang Group Shunfa Hengneng Co Ltd [100%],,,,,Zhejiang,,GEM-GOGPT,,,,,,,,,,,
GOGPT_xingwencountydistribut_china,Xingwen County Distributed Gas power station,China,CHN,28.3000828,105.2413795,300.0,2026,construction,4,True,,,CCGT,Sichuan Energy Investment Xingwen Clean Energy Technology Co Ltd [100%],,,,,Sichuan,,GEM-GOGPT,,,,,,,,,,,
GOGPT_chomutove_czechr,Chomutově power station,Czech Republic,CZE,50.4518397,13.423163,300.0,2027,pre-construction,1,True,,,CCGT,UCED Group,,,,,Ustecky kraj,Chomutov,GEM-GOGPT,,,,,,,,,,,
GOGPT_tahrirpetrochemicals_egypt,Tahrir Petrochemicals Complex power plant,Egypt,EGY,29.68998,32.323216,300.0,2026,,1,False,GE Power: not found,other/unspecified,CCGT,Ministry of Petroleum and Mineral Resources (Egypt) [100%],,,,,Suez,Ain Sokhna,GEM-GOGPT,,,,,,,,,,,
GOGPT_rokanblock_indone,Rokan Block power station,Indonesia,IDN,0.514049,100.447118,300.0,,operating,1,True,,,CCGT,PT PLN (Persero) [100%],,,,,Riau,Rokan Hulu,GEM-GOGPT,,,,,,,,,,,
GOGPT_sulbagsel2_indone,Sulbagsel-2 power station,Indonesia,IDN,'-3.814451,122.447753,300.0,2027,announced,1,False,,,CCGT,PT PLN (Persero),,,,,South Sulawesi,,GEM-GOGPT,,,,,,,,,,,
GOGPT_josepanganiban_philip,Jose Panganiban power station,Philippines,PHL,14.3378,122.673511,300.0,,announced,1,False,,,CCGT,,,,,,Bicol,Osmeña,GEM-GOGPT,,,,,,,,,,,
GOGPT_kragujevac_serbia,Kragujevac power station,Serbia,SRB,44.008091,20.9024,300.0,,,1,True,,,CCGT,Gazprom Energoholding Serbia doo [100%],,,,,Šumadija and Western Serbia,Kragujevac,GEM-GOGPT,,,,,,,,,,,
USA0054646,Kalaeloa Cogen Plant,United States of America,USA,21.3021,'-158.0963,299.4,1990,operating,1,True,,,CCGT,Kalaeloa Partners LP,163880,Climate TRACE,modelled (Climate TRACE),1261.3,Hawaii,Makakilo City,WRI,2,False,False,False,,54646,44.7,7641,566,0.465,1220.0
CT-5441,Ulsan Hanju power station,South Korea,KR,35.4921,129.3295,299.2,2024,operating,1,True,,,CCGT,Hanju Corp,945980,Climate TRACE,modelled (Climate TRACE),,Ulsan,Ulsan,Climate TRACE,,,,,,,,,,,
GOGPT_meafordcentre_united,Meaford Energy Centre,United Kingdom,GBR,52.92571,'-2.16413,299.0,,,1,False,,,CCGT,Meaford Energy Ltd [100%],,,,,Staffordshire,Stone,GEM-GOGPT,,,,,,,,,,,
GOGPT_wrexhamcentre_united,Wrexham Energy Centre,United Kingdom,GBR,53.0402,'-2.93303,299.0,2025,pre-construction,1,False,,,CCGT,Wrexham Power Ltd [100%],,,,,Wrexham (Wales),Wrexham Town,GEM-GOGPT,,,,,,,,,,,
USA0010682,Brush Generation Facility,United States of America,USA,40.2415,'-103.631,297.2,1996,operating,3,False,,,CCGT,Colorado Energy Management,78196,US EPA GHGRP,measured,172.4,Colorado,Brush,WRI,4,True,True,False,,10682,36.3,9391,506,0.059,152.9
GOGPT_riaumrpr_indone,Riau (MRPR) power station,Indonesia,IDN,0.539138,101.520131,296.2,2022,operating,1,False,,,CCGT,RATCH Group PCL [49%]; PT Medco Power Indonesia [51%],,,,,Central Sumatra,Pekanbaru,GEM-GOGPT,,,,,,,,,,,
WRI1029217,Fenchuganj (Barakatullah),Bangladesh,BGD,24.6863,91.9189,296.0,2009,operating,1,False,,,CCGT,Baraka Power Ltd [100%],,,,,Sylhet,Sylhet,WRI,,,,,,,,,,,
USA0007350,Coyote Springs,United States of America,USA,45.848,'-119.6739,296.0,1995,operating,1,True,,,CCGT,Portland General Electric Co,,,,1769.3,Oregon,Boardman,WRI,1,False,False,False,,7350,22.6,15079,813,0.529,1373.0
GOGPT_craiovaii_romani,Craiova II power station,Romania,ROU,44.34294,23.81076,295.0,,pre-construction,1,True,,,CCGT,Complexul Energetic Craiova SA,,,,,Craiova,Craiova,GEM-GOGPT,,,,,,,,,,,
USA0008059,Comanche (OK),United States of America,USA,34.5431,'-98.3244,294.0,1973,operating,1,False,,,CCGT,Public Service Co of Oklahoma,300980,Climate TRACE,modelled (Climate TRACE),276.0,Oklahoma,Geronimo,WRI,2,False,False,False,,8059,35.9,9495,512,0.111,284.9
GOGPT_aliagahabas_trkiye,Aliaga Habas power station,Türkiye,,38.742202,26.943086,294.0,2002,operating,1,True,,,CCGT,Habas Industrial and Medical Gases Production Industries AŞ [100%],,,,,İzmir,Bozköy,GEM-GOGPT,,,,,,,,,,,
CT-6463,Yamama power plant,Saudi Arabia,SA,24.6188,46.7769,292.5,2019,operating,1,False,,,CCGT,Yamama Saudi Cement Co,912840,Climate TRACE,modelled (Climate TRACE),,Ar Riyad,Riyadh,Climate TRACE,,,,,,,,,,,
CT-4907,Assam Gas Based power station,India,IN,27.341,95.4064,291.0,1998,operating,3,False,,,CCGT,North Eastern Electric Power Corp Ltd,244620,Climate TRACE,modelled (Climate TRACE),,Assam,Nahorkatiya,Climate TRACE,,,,,,,,,,,
CAN0002023,Bayside Power,Canada,CAN,45.2753,'-66.0263,290.0,2001,operating,1,False,,,CCGT,Emera Energy,,,,,New Brunswick,Saint John,WRI,,,,,,,,,,,
WRI1023220,Almaty-3 power station,Kazakhstan,KAZ,43.421,77.0073,290.0,1982,operating,2,True,Ansaldo Energia: AE94.2,other/unspecified,CCGT,Samruk-Energo JSC,,,,,Almaty Oblysy,Energeticheskiy,WRI,,,,,,,,,,,
WRI1061743,Izhevsk CHP Plant-1,Russia,RUS,56.8454,53.1783,290.0,1934,operating,1,True,,,CCGT,"Udmurtsky branch of PJSC ""T Plus""",,,,,Udmurtiya,Izhevsk,WRI,,,,,,,,,,,
CT-332,Pernis Refinery power station,Netherlands,NL,51.881,4.3376,289.9,1981,operating,1,True,,,CCGT,Shell Nederland Raffinaderij,343580,Climate TRACE,modelled (Climate TRACE),,South Holland,Vlaardingen,Climate TRACE,,,,,,,,,,,
USA0055041,Berkshire Power,United States of America,USA,42.0476,'-72.6478,289.0,1999,operating,1,False,,,CCGT,Berkshire Power Co LLC,,,,367.5,Massachusetts,Agawam,WRI,,False,False,False,,55041,46.7,7305,385,0.217,549.2
USA0057978,Lodi Energy Center,United States of America,USA,38.0881,'-121.3875,288.9,2012,operating,1,False,,,CCGT,Northern California Power Agny,,,,1189.3,California,Lincoln Village,WRI,1,False,False,False,,57978,47.1,7248,391,0.332,840.3
USA0054832,Brandywine Power Facility,United States of America,USA,38.6681,'-76.8678,288.8,1996,operating,1,True,,,CCGT,KMC Thermo  LLC,,,,706.2,Maryland,Brandywine,WRI,2,False,False,False,,54832,39.2,8715,473,0.173,438.7
WRI1000365,Taichung,Taiwan,TWN,24.2131,120.485,288.0,2026,operating,6,False,GE Power: 7HA.03,H/J-class,CCGT,Chung Chia Power Co Ltd [100%],,,,,Taiwan,Chang-hua,WRI,,,,,,,,,,,
GOGPT_wolfsburgwest_german,Wolfsburg West power station,Germany,DEU,52.441544,10.765079,288.0,2022,operating,2,True,,,CCGT,VW Kraftwerk GmbH [100%],,,,,Lower Saxony,Volkswagen Wolfsburg facility,GEM-GOGPT,,,,,,,,,,,
USA0055210,Afton Generating Station,United States of America,USA,32.1142,'-106.8465,287.0,2003,operating,1,False,,,CCGT,Public Service Co of NM,,,,878.0,New Mexico,San Miguel,WRI,1,True,True,False,,55210,42.7,8000,431,0.336,844.0
USA0007931,Coyote Springs II,United States of America,USA,45.848,'-119.674,287.0,2003,operating,1,False,,,CCGT,Avista Corp,,,,1890.0,Oregon,Boardman,WRI,1,True,False,False,,7931,49.0,6959,369,0.734,1844.2
USA0054574,Saranac Facility,United States of America,USA,44.7132,'-73.4557,285.6,1994,operating,1,False,,,CCGT,Saranac Power Partners LP,164190,US EPA GHGRP,measured,81.2,New York,Plattsburgh,WRI,2,True,False,False,,54574,33.5,10197,550,0.037,92.6
USA0054537,Ferndale Generating Station,United States of America,USA,48.829,'-122.6851,285.5,1994,operating,1,True,,,CCGT,Puget Sound Energy Inc,715257,US EPA GHGRP,measured,1047.8,Washington,Ferndale,WRI,2,True,False,False,,54537,45.3,7527,407,0.393,981.6
CAN0002089,Thorold CGS,Canada,CAN,43.1071,'-79.1983,285.0,2010,operating,1,True,,,CCGT,Thorold Cogen LP,,,,,Ontario,Thorold,WRI,,,,,,,,,,,
USA0055482,Goldendale Generating Station,United States of America,USA,45.8114,'-120.833,284.3,2004,operating,1,False,,,CCGT,Puget Sound Energy Inc,,,,1905.2,Washington,Goldendale,WRI,1,True,False,False,,55482,48.3,7058,381,0.59,1564.5
MEX0001824,Tractebel Energía de Monterrey,Mexico,MEX,25.7674,'-100.5482,284.0,2003,operating,1,True,,,CCGT,Tractebel Energía De Monterrey  S. De R. L. De C. V.,,,,,Nuevo Leon,Garcia,WRI,,,,,,,,,,,
USA0055010,LSP-Cottage Grove LP,United States of America,USA,44.7956,'-92.9119,283.5,1997,operating,1,True,,,CCGT,Cottage Grove Operating Services LLC,425760,Climate TRACE,modelled (Climate TRACE),499.0,Minnesota,Cottage Grove,WRI,1,True,False,False,,55010,46.1,7409,399,0.239,593.6
USA0055011,LSP-Whitewater LP,United States of America,USA,42.8555,'-88.7299,283.5,1997,operating,1,True,,,CCGT,Whitewater Operating Services LLC,,,,822.8,Wisconsin,Whitewater,WRI,1,True,False,False,,55011,41.7,8179,441,0.384,953.5
USA0001007,Noblesville,United States of America,USA,40.0969,'-85.9714,283.0,1984,operating,1,False,,,CCGT,Duke Energy Indiana  LLC,,,,1422.8,Indiana,Cicero,WRI,3,False,True,False,,1007,45.7,7459,402,0.626,1551.8
USA0054817,Johnson County,United States of America,USA,32.3994,'-97.4078,282.6,1996,operating,1,False,,,CCGT,Brazos Electric Power Coop Inc,481331,US EPA GHGRP,measured,790.6,Texas,Cleburne,WRI,1,True,False,False,,54817,42.1,8112,439,0.437,1081.4
CT-4914,Indraprastha Gas power station,India,IN,28.6196,77.2504,282.0,1996,operating,1,False,,,CCGT,Indraprastha Power Generation Co Ltd,225820,Climate TRACE,modelled (Climate TRACE),,NCT,New Delhi,Climate TRACE,,,,,,,,,,,
CT-4911,Vijjeswaram Combined Cycle power plant,India,IN,16.9335,81.7243,281.5,1990,operating,2,False,,,CCGT,Andhra Pradesh Gas Power Corp Ltd,231310,Climate TRACE,modelled (Climate TRACE),,Andhra Pradesh,Nidadavole,Climate TRACE,,,,,,,,,,,
AUS0000201,Pinjarra Bauxite Mine and Alumina Refinery,Australia,AUS,'-32.6473,115.9469,280.0,2006,operating,2,True,,,CCGT,Alinta Energy,293690,Climate TRACE,modelled (Climate TRACE),2155.6,Western Australia,Pinjarra,WRI,,,,,,,,,,,
WRI1019107,TPP Bucuresti Sud,Romania,ROU,44.4233,25.979,280.0,1965,operating,2,True,,,CCGT,Electrocentrale Bucureşti SA [100%],,,,849.1,Ilfov,Chiajna,WRI,,,,,,,,,,,
USA0055241,Hog Bayou Energy Center,United States of America,USA,30.7478,'-88.0575,280.0,2001,operating,1,False,,,CCGT,Mobile Energy LLC,,,,1088.3,Alabama,Prichard,WRI,1,False,False,False,,55241,45.0,7575,408,0.626,1535.0
GOGPT_kaltim_indone,Kaltim power station,Indonesia,IDN,'-0.384362,117.051473,280.0,2013,operating,1,False,,,CCGT,PT PLN (Persero) [100%],,,,,East Kalimantan,Kutai Kartanegara regency,GEM-GOGPT,,,,,,,,,,,
GOGPT_ratchaburibgrimm_thaila,Ratchaburi (B.Grimm) power station,Thailand,THA,13.547204,99.338006,280.0,2023,operating,2,True,,,CCGT,B.Grimm Power PCL [100%],,,,,Ratchaburi,V.R.M. Industrial Estate,GEM-GOGPT,,,,,,,,,,,
USA0007699,Tiger Bay,United States of America,USA,27.7464,'-81.8494,278.1,1997,operating,1,False,,,CCGT,Duke Energy Florida  LLC,442007,US EPA GHGRP,measured,711.3,Florida,Fort Meade,WRI,1,False,False,False,,7699,47.2,7222,389,0.52,1266.0
CT-417,Synthos Oswiecim power station,Poland,PL,50.0393,19.2715,277.4,2024,operating,1,True,"Ansaldo Energia: AE64.3, EKOL: EST 50BE",other/unspecified,CCGT,Synthos Dwory 7 SP zoo,705210,Climate TRACE,modelled (Climate TRACE),,Lesser Poland Voivodeship,Poreba Wielka,Climate TRACE,,,,,,,,,,,
USA0050973,Motiva Enterprises Port Arthur Refinery,United States of America,USA,29.8885,'-93.951,276.8,1996,operating,1,True,,,CCGT,Motiva Enterprises LLC,,,,1837.3,Texas,Port Arthur,WRI,5,True,False,False,,50973,38.3,8919,473,0.257,622.7
GOGPT_gulftasit12_thaila,Gulf Tasit 1 & 2 power station,Thailand,THA,13.017385,101.192733,276.6,2017,operating,2,True,,,CCGT,Gulf MP Company Ltd [75%]; WHA Utilities and Power PLC [25%],,,,,Rayong,Ta Sit,GEM-GOGPT,,,,,,,,,,,
CT-265,Escatron Peaker A.I.E. power station,Spain,ES,41.2809,'-0.2176,276.0,2007,operating,1,False,,,CCGT,Ignis Energía SL,239800,Climate TRACE,modelled (Climate TRACE),,Aragon,Chiprana,Climate TRACE,,,,,,,,,,,
GOGPT_rupite_bulgar,Rupite power station,Bulgaria,BGR,41.442154,23.241363,276.0,,,1,True,,,CCGT,Virtus Investment AD [100%],,,,,Blagoevgrad,Rupite,GEM-GOGPT,,,,,,,,,,,
CAN0002057,Island Generation,Canada,CAN,50.0694,'-125.2815,275.0,2002,operating,1,False,,,CCGT,Capital Power,,,,,British Columbia,Campbell River,WRI,,,,,,,,,,,
GOGPT_gulfstreamlng_united,Gulfstream LNG power station,United States,US,29.553354,'-89.782642,275.0,2030,pre-construction,1,False,,,CCGT,Gulfstream LNG Development LLC,,,,,Louisiana,,GEM-GOGPT,,,,,,,,,,,
WRI1006414,CTCC ESCATRON,Spain,ESP,41.2977,'-0.3376,274.6,2007,operating,1,False,,,CCGT,GLOBAL 3 COMBI  S.L.U.,,,,,Aragon,Escatron,WRI,,,,,,,,,,,
USA0055242,Santa Rosa Energy Center,United States of America,USA,30.5664,'-87.115,274.5,2003,operating,1,False,,,CCGT,Santa Rosa Energy Center LLC,,,,1335.9,Florida,Pace,WRI,1,False,False,False,,55242,45.7,7458,402,0.548,1318.0
CT-5249,Mizue Thermal power plant,Japan,JP,35.5144,139.7459,274.3,2003,operating,1,False,,,CCGT,Toa Oil Co Ltd,582010,Climate TRACE,modelled (Climate TRACE),,Kanagawa,Kawasaki,Climate TRACE,,,,,,,,,,,
WRI1005793,HKW III/B,Germany,DEU,51.3907,6.7478,274.0,2005,operating,1,True,,,CCGT,Stadtwerke Duisburg AG,,,,995.1,North Rhine-Westphalia,Hochfeld,WRI,,,,,,,,,,,
GOGPT_hcrstedworks_denmar,H.C. Ørsted Works power station,Denmark,DNK,55.650523,12.533432,273.0,2003,operating,1,True,,,CCGT,Belsize Power Holdings BV [100%],,,,,Copenhagen,Copenhagen,GEM-GOGPT,,,,,,,,,,,
USA0055048,Tiverton Power Plant,United States of America,USA,41.6422,'-71.1706,272.5,2000,operating,1,False,,,CCGT,Tiverton Power LLC,630574,US EPA GHGRP,measured,1140.2,Rhode Island,Tiverton,WRI,1,False,False,False,,55048,48.2,7074,381,0.445,1062.1
WRI1019462,GSPP 11,Thailand,THA,13.0013,101.1361,272.0,2013,operating,2,True,,,CCGT,GLOW Group,,,,,Rayong,Pluak Daeng,WRI,,,,,,,,,,,
WRI1019026,New Yerevan,Armenia,ARM,40.1152,44.4973,271.0,2010,operating,1,False,Siemens Energy: SGT5-2000E,E/legacy-class,CCGT,Yerevan  TPP,,,,,Ararat,Marmarashen,WRI,,,,,,,,,,,
CT-206,Piombino Steel Plant power station,Italy,IT,42.9385,10.5444,271.0,2001,operating,1,True,,,CCGT,,314580,Climate TRACE,modelled (Climate TRACE),,Tuscany,Piombino,Climate TRACE,,,,,,,,,,,
GOGPT_bishkek2_kyrgyz,Bishkek 2 power station,Kyrgyzstan,KGZ,42.828768,74.501024,271.0,2027,construction,1,True,,,CCGT,Orta Asya Investment Holding [100%],,,,,Bishkek,Bishkek,GEM-GOGPT,,,,,,,,,,,
USA0000689,S O Purdom,United States of America,USA,30.1623,'-84.2007,270.1,2000,operating,1,False,,,CCGT,City of Tallahassee - (FL),,,,1300.2,Florida,Woodville,WRI,1,False,False,False,,689,42.8,7965,430,0.573,1354.9
WRI1070026,Luoding power station,China,CHN,22.8043,111.6189,270.0,2004,operating,2,True,,,CCGT,Guangdong Electric Power Development Co Ltd,922380,Climate TRACE,modelled (Climate TRACE),,Guangdong,Dawan,WRI,,,,,,,,,,,
WRI1070235,Yixing Xielian power station,China,CHN,31.3962,119.8283,270.0,2002,operating,2,True,,,CCGT,Union Energy Co,1393800,Climate TRACE,modelled (Climate TRACE),,Jiangsu Sheng,Yicheng,WRI,,,,,,,,,,,
CT-4797,Hazira power station (Essar),India,IN,21.1191,72.6405,270.0,1997,operating,1,False,,,CCGT,Essar Power Ltd,1533200,Climate TRACE,modelled (Climate TRACE),,Gujarat,Surat,Climate TRACE,,,,,,,,,,,
CT-5462,Hannan Daegu CHP power station,South Korea,KR,35.8314,128.4882,270.0,2024,operating,1,True,Doosan Enerbility Co.: not found,other/unspecified,CCGT,Korea District Heating Corp,467010,Climate TRACE,modelled (Climate TRACE),,Daegu,Hwawon,Climate TRACE,,,,,,,,,,,
GOGPT_portofbuchanancombined_liberi,Port of Buchanan Combined Cycle power station,Liberia,LBR,5.858452,'-10.04976,270.0,,pre-construction,1,False,,,CCGT,Liberia Electricity Corp,,,,,Liberia,,GEM-GOGPT,,,,,,,,,,,
GOGPT_rotterdamcapelleroca_nether,Rotterdam Capelle (RoCa) power station,Netherlands,NLD,51.95366,4.56155,268.0,1982,operating,1,True,,,CCGT,Uniper SE [100%],,,,,Zuid-Holland,Rotterdam,GEM-GOGPT,,,,,,,,,,,
CT-3253,Beijing Energy Shangzhuang Gas Thermal power station,China,CN,40.0871,116.1948,266.0,2018,operating,1,True,Shanghai Electric: AE94.2,other/unspecified,CCGT,Beijing Shangzhuang Gas Thermal Power Co Ltd,450590,Climate TRACE,modelled (Climate TRACE),,Beijing,Sujiatuo,Climate TRACE,,,,,,,,,,,
USA0000422,Glenarm,United States of America,USA,34.126,'-118.1494,265.6,2002,operating,1,False,,,CCGT,City of Pasadena - (CA),,,,65.0,California,South Pasadena,WRI,1,False,True,False,,422,35.3,9677,522,0.022,51.8
USA0050109,Paris Energy Center,United States of America,USA,33.6968,'-95.5577,265.6,1989,operating,1,False,,,CCGT,Paris Generation LP,,,,460.8,Texas,Paris,WRI,2,True,False,False,,50109,38.3,8910,480,0.286,666.3
CT-3327,Guoxin Gaoyou Gas Thermal power station,China,CN,32.8202,119.4775,265.0,2017,operating,2,True,,,CCGT,Jiangsu Guoxin Gaoyou Thermal Power Co Ltd,310940,Climate TRACE,modelled (Climate TRACE),,Jiangsu Sheng,Longqiu,Climate TRACE,,,,,,,,,,,
CT-802,Delta Energy Park,United States,US,42.6906,'-84.6578,263.2,2022,operating,1,False,,,CCGT,Lansing Board of Water and Light,297260,Climate TRACE,modelled (Climate TRACE),,Michigan,Dimondale,Climate TRACE,,,,,,,,,,,
WRI1005780,HKW Dresden-Nossener Brücke,Germany,DEU,51.0421,13.7086,263.0,1995,operating,4,True,,,CCGT,DREWAG Stadtwerke Dresden GmbH,,,,1441.1,Saxony,Dresden,WRI,,,,,,,,,,,
GOGPT_bosenbursa_trkiye,Bosen Bursa power station,Türkiye,,40.2377,28.9534,263.0,2000,operating,3,False,,,CCGT,Bosen Enerji Elektrik Üretim AŞ [100%],,,,,Bursa,Nilüfer,GEM-GOGPT,,,,,,,,,,,
WRI1029249,Shikalbaha Peaking (GT),Bangladesh,BGD,22.3227,91.8651,261.0,2020,operating,1,False,,,CCGT,Anlima Energy Ltd [100%],,,,,Chittagong,Chittagong,WRI,,,,,,,,,,,
WRI1029979,Rya,Sweden,SWE,57.6924,11.8905,261.0,2006,operating,1,True,,,CCGT,Goteborg Energi AB [100%],,,,205.9,Vaestra Goetaland,Majorna,WRI,,,,,,,,,,,
USA0010726,Masspower,United States of America,USA,42.1575,'-72.5225,260.9,1993,operating,1,True,,,CCGT,Masspower,,,,282.4,Massachusetts,Ludlow,WRI,2,False,False,False,,10726,41.4,8237,444,0.102,233.9
CAN0002041,Cory Cogeneration,Canada,CAN,52.0927,'-106.8533,260.0,2003,operating,1,True,,,CCGT,Saskpower (50%) / ATCO Power (50%),,,,,Saskatchewan,Saskatoon,WRI,,,,,,,,,,,
CAN0002072,North Battleford,Canada,CAN,52.6832,'-108.1715,260.0,2013,operating,1,False,,,CCGT,Saskatchewan Power Corp,,,,,Saskatchewan,North Battleford,WRI,,,,,,,,,,,
USA0056152,Freeport Energy Center,United States of America,USA,28.9888,'-95.3954,260.0,2007,operating,1,True,,,CCGT,Dow Chemical Co,435190,Climate TRACE,modelled (Climate TRACE),1043.5,Texas,Clute,WRI,1,False,False,False,,56152,64.3,5305,281,0.51,1162.2
CT-10,Berlin-Marzahn power station,Germany,DE,52.5238,13.5235,260.0,2020,operating,1,True,,,CCGT,BEW Berliner Energie und Wärme GmbH,594080,Climate TRACE,modelled (Climate TRACE),,Berlin,Friedrichsfelde,Climate TRACE,,,,,,,,,,,
CT-3440,SPIC Jiangmen Gaoxin District Distributed Gas power station,China,CN,22.537,113.1632,260.0,2020,operating,2,True,GE Vernova: 6F.01,other/unspecified,CCGT,China Power (Jiangmen) Integrated Energy Co Ltd,189000,Climate TRACE,modelled (Climate TRACE),,Guangdong,Jianghai,Climate TRACE,,,,,,,,,,,
GOGPT_sannazzarorefinery_italy,Sannazzaro Refinery power station,Italy,ITA,45.1015,8.8777,260.0,2006,operating,1,True,,,CCGT,Eni SpA [100%],,,,,Lombardy,Sannazzaro de' Burgondi,GEM-GOGPT,,,,,,,,,,,
GOGPT_gulftasit34_thaila,Gulf Tasit 3 & 4 power station,Thailand,THA,13.064886,101.185198,260.0,2017,operating,2,True,,,CCGT,Gulf MP Company Ltd [75%]; WHA Utilities and Power PLC [25%],,,,,Rayong,Ta Sit,GEM-GOGPT,,,,,,,,,,,
GOGPT_izmail_ukrain,Izmail power station,Ukraine,UKR,45.356545,28.863149,260.0,,,1,True,,,CCGT,Aksa Enerji Uretim AŞ [100%],,,,,Odessa,Izmail,GEM-GOGPT,,,,,,,,,,,
MEX0001826,Naco Nogales,Mexico,MEX,31.2222,'-109.6081,258.0,2003,operating,1,False,,,CCGT,CFE/PIE,704210,Climate TRACE,modelled (Climate TRACE),,Sonora,Agua Prieta,WRI,,,,,,,,,,,
WRI1019479,Glow Energy Phase 2 Power Plant,Thailand,THA,12.694,101.1452,258.0,1996,operating,1,True,,,CCGT,GLOW Group,,,,,Rayong,Ban Chang,WRI,,,,,,,,,,,
GOGPT_banpong_thaila,Banpong power station,Thailand,THA,13.858877,99.855819,256.0,2017,operating,2,True,,,CCGT,Electricity Generating PCL [100%],,,,,Ratchaburi,Tha Pha,GEM-GOGPT,,,,,,,,,,,
GOGPT_gulfnrv_thaila,Gulf NRV power station,Thailand,THA,14.928799,102.177099,256.0,2019,operating,2,True,,,CCGT,Gulf MP Company Ltd [100%],,,,,Nakhon Ratchasima,Nong Ra Viang,GEM-GOGPT,,,,,,,,,,,
WRI1000193,Jeju,South Korea,KOR,33.5352,126.5961,255.0,2018,operating,2,False,,,CCGT,Korea Midland Power (KOMIPO),130500,Climate TRACE,modelled (Climate TRACE),,Jeju-do,Jeju-si,WRI,,,,,,,,,,,
CT-3445,Beijing Energy Future City Gas and Thermal power station,China,CN,40.102,116.468,255.0,2014,operating,1,True,Shanghai Electric: V94.2,E/legacy-class,CCGT,Beijing Jingneng Future Gas Thermal Power Co Ltd,185370,Climate TRACE,modelled (Climate TRACE),,Beijing,Beiqijia,Climate TRACE,,,,,,,,,,,
USA0051030,Ocean State Power,United States of America,USA,42.0097,'-71.6689,254.2,1991,operating,1,False,,,CCGT,Ocean State Power Co,489534,US EPA GHGRP,measured,639.4,Rhode Island,Harrisville,WRI,2,True,False,False,,51030,41.0,8321,456,0.344,765.0
USA0054324,Ocean State Power II,United States of America,USA,42.0099,'-71.6701,254.2,1991,operating,1,False,,,CCGT,Ocean State Power II,489534,US EPA GHGRP,measured,608.9,Rhode Island,Harrisville,WRI,2,True,False,False,,54324,40.5,8425,454,0.318,708.0
GOGPT_gebzedilovasi_trkiye,Gebze Dilovasi power station,Türkiye,,40.801514,29.551808,253.4,2017,operating,1,False,,,CCGT,Çolakoğlu Metalürji AŞ [100%],,,,,Kocaeli,Dilovası,GEM-GOGPT,,,,,,,,,,,
MEX0001827,Transalta Campeche,Mexico,MEX,17.9397,'-91.7331,252.4,2003,operating,1,False,,,CCGT,CFE/PIE,,,,,Chiapas,Emiliano Zapata,WRI,,,,,,,,,,,
ARG0000111,MODESTO MARANZANA,Argentina,ARG,'-33.1608,'-64.3656,250.0,2003,operating,1,False,"Siemens Energy: SGT-800, Siemens Energy: SGT-800, Siemens Energy: SST-600, Siemens Energy: SGT-800",E/legacy-class,CCGT,GENERACION MEDITERRANEA SA,,,,,Cordoba,Rio Cuarto,WRI,,,,,,,,,,,
WRI1061481,Dead Sea Works,Israel,ISR,31.0303,35.3644,250.0,2015,operating,1,True,,,CCGT,Dead Sea Works,,,,,Karak,Safi,WRI,,,,,,,,,,,
WRI1003355,Melkoya,Norway,NOR,70.684,23.5929,250.0,,operating,1,False,,,CCGT,Equinor ASA [100%],,,,,Finnmark Fylke,Rypefjord,WRI,,,,,,,,,,,
WRI1030667,JUBAIL COGEN (JEC),Saudi Arabia,SAU,27.02,49.531,250.0,2005,construction,1,False,Mitsubishi Power: M501JAC,H/J-class,CCGT,Jubail Energy Company,,,,,Eastern Province,Al Jubayl,WRI,,,,,,,,,,,
CT-3427,Huadian Qingyuan Huaqiao Industrial Park Distributed Gas power station,China,CN,24.2622,113.7161,250.0,2023,operating,2,True,,,CCGT,Huadian Fuxin Qingyuan Energy Co Ltd,210810,Climate TRACE,modelled (Climate TRACE),,Guangdong,Qiaotou,Climate TRACE,,,,,,,,,,,
CT-5972,Hermosillo Fuerza y Energía power station,Mexico,MX,29.0939,'-111.0965,250.0,2001,operating,1,False,,,CCGT,Naturgy México SA de CV,614060,Climate TRACE,modelled (Climate TRACE),,Sonora,Hermosillo,Climate TRACE,,,,,,,,,,,
GOGPT_barker_argent,Barker power station,Argentina,ARG,'-37.547725,'-59.455135,250.0,2020,operating,1,False,,,CCGT,MSU Energy [100%],,,,,Buenos Aires,Barker,GEM-GOGPT,,,,,,,,,,,
GOGPT_generalrojo_argent,General Rojo power station,Argentina,ARG,'-33.455263,'-60.283586,250.0,2020,operating,1,False,,,CCGT,MSU Energy [100%],,,,,Buenos Aires,San Nicolás de los Arroyos,GEM-GOGPT,,,,,,,,,,,
GOGPT_edwaleni_eswati,Edwaleni power station,Eswatini,,'-26.579143,31.307375,250.0,,,1,False,,,CCGT,Eswatini Electricity Co [100%],,,,,Edwaleni,Dwaleni,GEM-GOGPT,,,,,,,,,,,
GOGPT_kalbar1_indone,Kalbar-1 gas power station,Indonesia,IDN,0.1,111.7,250.0,2026,announced,1,False,,,CCGT,PT PLN (Persero),,,,,West Kalimantan,,GEM-GOGPT,,,,,,,,,,,
GOGPT_kaltim1_indone,Kaltim-1 power station,Indonesia,IDN,0.9,116.8,250.0,2026,announced,1,False,,,CCGT,PT PLN (Persero),,,,,East Kalimantan,,GEM-GOGPT,,,,,,,,,,,
GOGPT_riau2_indone,Riau 2 power station,Indonesia,IDN,1.63916,101.608757,250.0,2026,construction,1,False,,,CCGT,,,,,,Riau,,GEM-GOGPT,,,,,,,,,,,
GOGPT_shcherbinka_russia,Shcherbinka power station,Russia,RUS,55.518491,37.579576,250.0,,,2,True,,,CCGT,Mosenergo PJSC [100%],,,,,Moscow,Moscow,GEM-GOGPT,,,,,,,,,,,
GOGPT_yakutsk_russia,Yakutsk power station,Russia,RUS,62.022778,129.745818,250.0,2029,announced,1,False,,,CCGT,,,,,,Sakha Republic,Yakutsk,GEM-GOGPT,,,,,,,,,,,
GOGPT_somanga_tanzan,Somanga power station,Tanzania,TZA,'-8.38678,39.27847,250.0,,,1,False,,,CCGT,Tanzania Electric Supply Company Ltd [100%],,,,,Lindi,Somanga,GEM-GOGPT,,,,,,,,,,,
BRA0028038,Sepé Tiaraju (Antiga Canoas),Brazil,BRA,'-29.8724,'-51.1374,248.6,2001,operating,1,False,,,CCGT,Petróleo Brasileiro SA,51133,Climate TRACE,modelled (Climate TRACE),,Rio Grande do Sul,Sapucaia,WRI,,,,,,,,,,,
USA0007605,River Road Gen Plant,United States of America,USA,45.6497,'-122.7256,248.0,1998,operating,1,False,,,CCGT,PUD No 1 of Clark County - (WA),700250,US EPA GHGRP,measured,1746.3,Washington,Lake Shore,WRI,,False,False,False,,7605,47.7,7146,385,0.78,1695.6
WRI1008121,Besat,Iran,IRN,35.6423,51.4273,247.5,1968,operating,1,False,Mapna Group: MGT-75,other/unspecified,CCGT,Besat Power Generation Management Co [100%],,,,,Tehran,Rey,WRI,,,,,,,,,,,
MEX0001829,Saltillo,Mexico,MEX,25.5939,'-100.9164,247.5,2001,operating,1,False,,,CCGT,CFE/PIE,600010,Climate TRACE,modelled (Climate TRACE),,Coahuila,Ramos Arizpe,WRI,,,,,,,,,,,
USA0055084,Crockett Cogen Project,United States of America,USA,38.0569,'-122.2161,247.4,1996,operating,1,True,,,CCGT,Crockett Cogeneration,256360,Climate TRACE,modelled (Climate TRACE),1529.7,California,Crockett,WRI,,True,False,False,,55084,56.9,5993,318,0.702,1521.9
USA0008000,Beatrice,United States of America,USA,40.3302,'-96.8082,247.1,2005,operating,1,False,,,CCGT,Nebraska Public Power District,,,,637.4,Nebraska,Beatrice,WRI,2,True,False,False,,8000,37.7,9057,488,0.186,402.8
ARG0000337,CT PLUSPETROL NORTE,Argentina,ARG,'-26.9955,'-65.166,246.0,2002,operating,3,False,,,CCGT,GENERADORA ELÉCTRICA TUCUMÁN SA,,,,,Tucuman,Bella Vista,WRI,,,,,,,,,,,
CT-336,Swentibold power station,Netherlands,NL,50.9721,5.7911,246.0,1999,operating,1,True,,,CCGT,RWE Generation NL BV,232130,Climate TRACE,modelled (Climate TRACE),,Limburg,Stein,Climate TRACE,,,,,,,,,,,
CT-3212,Huadian Xiangyang Fancheng Gas Thermal power station,China,CN,32.0758,112.086,246.0,2021,operating,2,True,"GE Vernova: 6F.03, Nanjing Turbine & Electric Machinery (Group): 6F.03",other/unspecified,CCGT,Hubei Huadian Xiangyang Gas Turbine Thermal Power Co Ltd,463130,Climate TRACE,modelled (Climate TRACE),,Hubei,Shipu,Climate TRACE,,,,,,,,,,,
CT-3451,Huadian Hangzhou Xiasha Thermal power station,China,CN,30.3408,120.3495,246.0,2014,operating,2,True,,,CCGT,Hangzhou Huadian Xiasha Thermal Power Co Ltd,178840,Climate TRACE,modelled (Climate TRACE),,Zhejiang Sheng,Xiasha,Climate TRACE,,,,,,,,,,,
GOGPT_ukrnaftaii_ukrain,Ukrnafta Project II power station,Ukraine,UKR,47.744407,34.403632,244.5,2026,pre-construction,1,True,Siemens Energy: SGT-800,E/legacy-class,CCGT,Ukranafta PJSC [100%],,,,,Dnipropetrovsk region,,GEM-GOGPT,,,,,,,,,,,
WRI1000166,Surat Thani,Thailand,THA,9.0723,99.2418,244.0,2001,announced,2,False,,,CCGT,Electric Generating Authority of Thailand,,,,,Surat Thani,Phunphin,WRI,,,,,,,,,,,
GOGPT_gtpsfaisalabad_pakist,GTPS Faisalabad power station,Pakistan,PAK,31.444352,73.133493,244.0,1975,mothballed,1,False,,,CCGT,Northern Power Generation Company Ltd [100%],,,,,Punjab,Faisalabad,GEM-GOGPT,,,,,,,,,,,
WRI1019074,EC Gorzów,Poland,POL,52.7504,15.2712,243.0,1999,operating,2,True,,,CCGT,Polska Grupa Energetyczna SA,481010,Climate TRACE,modelled (Climate TRACE),985.5,Lubusz,Gorzow Wielkopolski,WRI,,,,,,,,,,,
CT-3277,Guodian Nanxun Gas Thermal power station,China,CN,30.8601,120.3467,243.0,2018,operating,2,True,,,CCGT,Guoneng Zhejiang Nanxun Natural Gas Thermal Power Co Ltd,400040,Climate TRACE,modelled (Climate TRACE),,Zhejiang Sheng,Jiuguan,Climate TRACE,,,,,,,,,,,
AUS0000459,Diamantina,Australia,AUS,'-20.7837,139.4833,242.0,2014,operating,2,False,,,CCGT,APA Group and AGL Energy Ltd,285590,Climate TRACE,modelled (Climate TRACE),1601.5,Queensland,Mount Isa,WRI,,,,,,,,,,,
GOGPT_tengizchevroil3_kazakh,Tengizchevroil 3 power station,Kazakhstan,KAZ,46.152062,53.410514,242.0,2008,operating,2,True,,,CCGT,Tengizchevroil LLP [100%],,,,,Mangistau,Tengiz,GEM-GOGPT,,,,,,,,,,,
BRA0027250,Aparecida Parte I,Brazil,BRA,'-3.1257,'-60.0233,240.7,1997,,1,False,,,CCGT,Atem Distribuidora de Petróleo SA [100%],405040,Climate TRACE,modelled (Climate TRACE),,Amazonas,Manaus,WRI,,,,,,,,,,,
AUS0000183,Cockburn,Australia,AUS,'-32.2001,115.7737,240.0,2003,operating,1,False,,,CCGT,Verve Energy,278100,Climate TRACE,modelled (Climate TRACE),118.0,Western Australia,Kwinana,WRI,,,,,,,,,,,
WRI1002851,AZOTATI,Italy,ITA,45.4511,12.2239,240.0,1993,operating,1,True,,,CCGT,Edison,,,,242.4,Veneto,Mestre,WRI,,,,,,,,,,,
GBR2000128,Peterborough,United Kingdom,GBR,52.5769,'-0.204,240.0,1993,operating,1,False,,,CCGT,Whitetower Holdings UK Ltd [100%],,,,,England,Eye,WRI,,,,,,,,,,,
USA0050292,Bethpage Power Plant,United States of America,USA,40.7469,'-73.4994,240.0,1998,operating,2,False,,,CCGT,Calpine Eastern Corp,315227,US EPA GHGRP,measured,353.0,New York,Bethpage,WRI,3,True,False,False,,50292,33.0,10325,557,0.209,439.1
CT-3454,Huahai Energy Deqing Gas Thermal power station,China,CN,23.1629,111.8157,240.0,2024,operating,2,True,GE Power: 6F.03,other/unspecified,CCGT,Zhaoqing Huahai Energy Investment Co Ltd,174470,Climate TRACE,modelled (Climate TRACE),,Guangdong,Nanjiangkou,Climate TRACE,,,,,,,,,,,
CT-5514,Euzébio Rocha power station,Brazil,BR,'-23.8755,'-46.4318,240.0,2009,operating,1,False,,,CCGT,Petróleo Brasileiro SA,707850,Climate TRACE,modelled (Climate TRACE),,Sao Paulo,Cubatao,Climate TRACE,,,,,,,,,,,
GOGPT_cpihchongzuodistribute_china,CPIH Chongzuo Distributed Gas power station,China,CHN,22.406471,107.433517,240.0,,,4,True,,,CCGT,China Power International Development Co Ltd [100%],,,,,Guangxi,Chongzuo,GEM-GOGPT,,,,,,,,,,,
GOGPT_dongguanqishinatural_china,Dongguan Qishi Natural Gas power station,China,CHN,23.048055,114.063312,240.0,,,2,True,GE Power: 6F.03,other/unspecified,CCGT,Dongguan GCL Hongfa Distributed Energy Co Ltd [100%],,,,,Guangdong,Qishi Town,GEM-GOGPT,,,,,,,,,,,
GOGPT_foransanshuishuidudist_china,Foran Sanshui Shuidu Distributed Energy power station,China,CHN,23.0883769,112.8370288,240.0,,construction,2,True,Shanghai Electric: 6F,other/unspecified,CCGT,Foshan Sanshui Foran Thermal Power Co Ltd [100%],,,,,Guangdong,,GEM-GOGPT,,,,,,,,,,,
GOGPT_jiangmenheshan_china,Jiangmen Heshan power station,China,CHN,22.765538,112.963974,240.0,,announced,2,True,,,CCGT,,,,,,Guangdong,,GEM-GOGPT,,,,,,,,,,,
GOGPT_kyzylordachp_kazakh,Kyzylorda CHP power station,Kazakhstan,KAZ,44.865748,65.45722,240.0,2026,construction,1,True,GE Power: 6F.03,other/unspecified,CCGT,Aksa Energy Qyzylorda LLP [100%],,,,,Kyzylorda,Kyzylorda,GEM-GOGPT,,,,,,,,,,,
GOGPT_gpenergia_mexico,GP Energía power station,Mexico,MEX,25.759417,'-100.192498,240.0,,,1,False,,,CCGT,GP Energía SA de CV [100%],,,,,Nuevo León,Apodaca,GEM-GOGPT,,,,,,,,,,,
GOGPT_loznicachp_serbia,Loznica CHP power station,Serbia,SRB,44.526897,19.197247,240.0,,,2,True,,,CCGT,ScarDec [100%],,,,,Šumadija and Western Serbia,Loznica,GEM-GOGPT,,,,,,,,,,,
GOGPT_kinyereziii_tanzan,Kinyerezi II power station,Tanzania,TZA,'-6.857982,39.150713,240.0,2018,operating,1,False,,,CCGT,Tanzania Electric Supply Company Ltd [100%],,,,,Dar es Salaam,Kinyerezi,GEM-GOGPT,,,,,,,,,,,
GOGPT_bangpoo_thaila,Bangpoo cogeneration power station,Thailand,THA,13.533183,100.651384,240.0,2016,operating,2,True,,,CCGT,SSUT Co Ltd [100%],,,,,Samut Prakan,Phraeksa,GEM-GOGPT,,,,,,,,,,,
GOGPT_irpcindustrialzoneclea_thaila,IRPC Industrial Zone Clean power station,Thailand,THA,12.675409,101.325686,240.0,2017,operating,2,True,,,CCGT,IRPC Clean Power Co Ltd [100%],,,,,Rayong,Ban Laeng,GEM-GOGPT,,,,,,,,,,,
GOGPT_cengizenerjitashkent_uzbeki,Cengiz Enerji Tashkent power station,Uzbekistan,UZB,41.449351,69.503407,240.0,2022,operating,1,False,,,CCGT,Cengiz Enerji Sanayii ve Ticaret AŞ [100%],,,,,Tashkent,Tashkent,GEM-GOGPT,,,,,,,,,,,
MEX0001830,Gómez Palacio,Mexico,MEX,25.5934,'-103.4772,239.8,1976,operating,1,False,,,CCGT,CFE,481620,Climate TRACE,modelled (Climate TRACE),,Durango,Gomez Palacio,WRI,,,,,,,,,,,
GOGPT_srirachathaioil_thaila,Sriracha Thai Oil Company power station,Thailand,THA,13.167317,100.907188,239.0,2016,operating,2,True,,,CCGT,TOP SPP Co Ltd [100%],,,,,Chonburi,Sriracha,GEM-GOGPT,,,,,,,,,,,
GOGPT_ioclpanipatnaphthacrac_india,IOCL Panipat Naphtha Cracker Captive cogeneration power plant,India,IND,29.452388,76.872665,238.4,2010,operating,1,True,,,CCGT,Indian Oil Corporation Ltd [100%],,,,,Haryana,Panipat district,GEM-GOGPT,,,,,,,,,,,
WRI1002023,Boca de Jaruco,Cuba,CUB,23.1822,'-82.0171,238.0,2015,operating,1,False,,,CCGT,Unión Eléctrica,,,,,Mayabeque,Santa Cruz del Norte,WRI,,,,,,,,,,,
GOGPT_jacutinga_brazil,Jacutinga power station,Brazil,BRA,'-22.269695,'-46.537045,238.0,,,1,False,,,CCGT,EECO Jacutinga Empreendimentos Energéticos do Centro Oeste SA [100%],,,,,Minas Gerais,Jacutinga,GEM-GOGPT,,,,,,,,,,,
GOGPT_burghausen_german,Burghausen power station,Germany,DEU,48.18621,12.84577,238.0,1987,operating,2,True,,,CCGT,Wacker Chemie AG [100%],,,,,Bayern,Burghausen,GEM-GOGPT,,,,,,,,,,,
GOGPT_kashagan_kazakh,Kashagan power station,Kazakhstan,KAZ,46.205393,51.693335,238.0,2007,operating,2,False,,,CCGT,North Caspian Operating Company NV [100%],,,,,Atyrau,Atyrau,GEM-GOGPT,,,,,,,,,,,
CT-391,Linz Mitte power station,Austria,AT,48.2992,14.3229,236.9,2004,operating,2,True,,,CCGT,Linz Strom Gas Wärme GmbH,247750,Climate TRACE,modelled (Climate TRACE),,Upper Austria,Linz,Climate TRACE,,,,,,,,,,,
USA0054640,NAEA Lakewood LLC,United States of America,USA,40.0613,'-74.1686,236.8,1994,mothballed,1,False,,,CCGT,Nautilus Power LLC,,,,353.0,New Jersey,Leisure Village,WRI,2,False,False,False,,54640,41.3,8272,451,0.183,379.6
WRI1002029,Penal,Trinidad and Tobago,TTO,10.1476,'-61.4747,236.0,2016,operating,1,False,,,CCGT,Power Generation Company of Trinidad and Tobago,,,,,Penal/Debe,Penal,WRI,,,,,,,,,,,
USA0055075,Pine Bluff Energy Center,United States of America,USA,34.2181,'-91.9025,236.0,2001,operating,1,True,,,CCGT,Pine Bluff Energy LLC,,,,1169.3,Arkansas,Pine Bluff,WRI,1,False,False,False,,55075,60.2,5669,306,0.632,1276.5
GOGPT_diaghilevskaya_russia,Diaghilevskaya power station,Russia,RUS,54.676528,39.624083,235.0,1975,operating,1,True,,,CCGT,RIR Energo JSC [100%],,,,,Ryazan Oblast,Ryazan,GEM-GOGPT,,,,,,,,,,,
USA0001595,Kendall Square Station,United States of America,USA,42.3633,'-71.0792,234.7,1994,operating,1,True,,,CCGT,Kendall Green Energy  LLC,277200,Climate TRACE,modelled (Climate TRACE),1446.8,Massachusetts,Boston,WRI,1,True,False,False,,1595,60.1,5681,308,0.608,1251.0
GOGPT_bangpain_thaila,Bangpa-in power station,Thailand,THA,14.198074,100.582156,234.0,2013,operating,2,True,,,CCGT,Global Power Synergy PCL [100%],,,,,Phra Nakhon Si Ayutthaya,Khlong Chik,GEM-GOGPT,,,,,,,,,,,
GOGPT_ratchaburiworld_thaila,Ratchaburi World cogeneration power station,Thailand,THA,13.650941,99.846812,234.0,2015,operating,1,True,,,CCGT,Thai World Power Co Ltd [60%]; RATCH Group PCL [40%],,,,,Ratchaburi,Ched-Samian,GEM-GOGPT,,,,,,,,,,,
WRI1003773,Novomoskovsk SDPS,Russia,RUS,54.0864,38.2375,233.7,1934,operating,1,True,,,CCGT,"PJSC ""Quadra - Power Generation""",,,,,Tula,Kamenetskiy,WRI,,,,,,,,,,,
WRI1001636,Liberty Power Project,Pakistan,PAK,28.0318,69.6357,232.0,2001,operating,1,False,,,CCGT,IPP,,,,,Sindh,Khairpur,WRI,,,,,,,,,,,
CT-5977,Abent 3t power station,Mexico,MX,17.8583,'-93.1139,232.0,2018,operating,1,True,,,CCGT,Abent 3t SAPI de CV,523770,Climate TRACE,modelled (Climate TRACE),,Tabasco,Luis Gil Perez,Climate TRACE,,,,,,,,,,,
WRI1019058,EC Lublin Wrotków,Poland,POL,51.2161,22.5583,231.0,2002,operating,1,True,,,CCGT,Polska Grupa Energetyczna SA,396285,Climate TRACE,modelled (Climate TRACE),1063.8,Lublin Voivodeship,Lublin,WRI,,,,,,,,,,,
WRI1005746,Heizkraftwerk Hagen-Kabel,Germany,DEU,51.411,7.4917,230.0,1980,mothballed,1,True,,,CCGT,Mark-E AG,,,,0.3,North Rhine-Westphalia,Hagen,WRI,,,,,,,,,,,
WRI1019488,B Grimm BIP,Thailand,THA,13.9745,100.5649,230.0,2015,operating,1,True,,,CCGT,B.Grimm Power PCL [100%],,,,,Phra Nakhon Si Ayutthaya,Ban Bang Kadi Pathum Thani,WRI,,,,,,,,,,,
USA0052176,C R Wing Cogen Plant,United States of America,USA,32.2732,'-101.4224,230.0,1987,operating,1,True,,,CCGT,BHER Power Resources  Inc,42851,Climate TRACE,modelled (Climate TRACE),1002.5,Texas,Big Spring,WRI,2,True,False,False,,52176,39.6,8615,464,0.093,186.8
CT-210,Servola power station,Italy,IT,45.6195,13.783,230.0,2000,operating,1,True,Ansaldo Energia: AE64.3A,other/unspecified,CCGT,Finarvedi SpA [100%],218390,Climate TRACE,modelled (Climate TRACE),,Friuli Venezia Giulia,Muggia,Climate TRACE,,,,,,,,,,,
CT-3210,Puxing Clean Energy Quzhou Gas Thermal power station,China,CN,28.9234,118.7695,230.0,2014,operating,2,True,,,CCGT,Quzhou Puxing Gas Turbine Thermal Power Co Ltd,471800,Climate TRACE,modelled (Climate TRACE),,Zhejiang Sheng,Hangbu,Climate TRACE,,,,,,,,,,,
CT-3279,Huadian Jiangmen Distributed Gas power station,China,CN,22.6937,112.9966,230.0,2018,operating,2,True,Shanghai Electric: AE64.3A,other/unspecified,CCGT,Huadian Fuxin Jiangmen Energy Co Ltd,390560,Climate TRACE,modelled (Climate TRACE),,Guangdong,Yayao,Climate TRACE,,,,,,,,,,,
CT-5275,Tokyo Gas Yokosuka power station,Japan,JP,35.3112,139.6444,230.0,2006,operating,1,False,,,CCGT,Tokyo Gas Co Ltd,297020,Climate TRACE,modelled (Climate TRACE),,Kanagawa,Yokosuka,Climate TRACE,,,,,,,,,,,
GOGPT_gkllinden_german,GKL Linden power station,Germany,DEU,52.42,9.648,230.0,2011,operating,1,True,,,CCGT,enercity AG [100%],,,,,Niedersachsen,Hannover,GEM-GOGPT,,,,,,,,,,,
GOGPT_ciechsoda_romani,Ciech Soda power station,Romania,ROU,45.03494,24.291975,230.0,2024,,1,True,,,CCGT,Ciech Soda Romania [100%],,,,,Valcea,Ramnicu,GEM-GOGPT,,,,,,,,,,,
GOGPT_lenskaya_russia,Lenskaya power station,Russia,RUS,56.788704,105.716362,230.0,,,1,False,,,CCGT,Irkutskenergo JSC [100%],,,,,Irkutsk Oblast,Ust-Kut,GEM-GOGPT,,,,,,,,,,,
USA0006504,Maalaea,United States of America,USA,20.8012,'-156.493,229.8,1989,operating,2,False,,,CCGT,Maui Electric Co Ltd,136360,Climate TRACE,modelled (Climate TRACE),701.2,Hawaii,Kihei,WRI,4,False,True,False,,6504,36.7,9307,690,0.334,671.6
WRI1061894,Thermal Power Station Akademicheskaya,Russia,RUS,56.7709,60.5533,228.4,2014,operating,1,True,,,CCGT,"Sverdlovsk Branch of PJSC ""T Plus""",,,,,Sverdlovsk,Sovkhoznyy,WRI,,,,,,,,,,,
WRI1019463,CUP-1,Thailand,THA,12.7014,101.1258,228.0,2006,operating,2,True,,,CCGT,GPSC,,,,,Rayong,Ban Chang,WRI,,,,,,,,,,,
CT-3457,Huadian Beiran Gas Thermal power station,China,CN,39.9078,116.6946,228.0,2018,operating,3,True,GE Vernova: 6F.01,other/unspecified,CCGT,Beijing Huadian Beiran Energy Co Ltd,165750,Climate TRACE,modelled (Climate TRACE),,Beijing,Tongzhou,Climate TRACE,,,,,,,,,,,
GOGPT_huadianshundelongjiang_china,Huadian Shunde Longjiang Distributed Gas power station,China,CHN,22.8610569,113.0180678,228.0,,pre-construction,3,True,GE Vernova: 6F.01,other/unspecified,CCGT,Huadian International Power Co Ltd Guangdong Branch [100%],,,,,Guangdong,Longjiang,GEM-GOGPT,,,,,,,,,,,
GOGPT_termosolo_colomb,Termosolo power station,Colombia,COL,3.522009,'-76.317697,228.0,2027,announced,2,False,,,CCGT,Sociedad Portuaria Energética Multipropósito y Contenedores Puerto Solo Buenaven,,,,,Valle del Cauca,Palmira,GEM-GOGPT,,,,,,,,,,,
WRI1029209,Bhola CCPP GT-1 2 ST,Bangladesh,BGD,22.4786,90.7101,227.0,2009,operating,2,False,,,CCGT,Bangladesh Power Development Board [100%],,,,,Barisal,Burhanuddin,WRI,,,,,,,,,,,
WRI1023217,Zhezkazgan power station,Kazakhstan,KAZ,47.7853,67.7444,227.0,1975,operating,1,True,Siemens Energy: not found,other/unspecified,CCGT,Kazakhmys plc,,,,,Qaraghandy,Zhezqazghan,WRI,,,,,,,,,,,
MEX0001831,Hermosillo,Mexico,MEX,29.0331,'-110.8351,227.0,2005,operating,1,False,,,CCGT,CFE,543980,Climate TRACE,modelled (Climate TRACE),,Sonora,Hermosillo,WRI,,,,,,,,,,,
WRI1005499,Centrale Merwedekanaal,Netherlands,NLD,52.1017,5.0794,227.0,1995,operating,1,True,,,CCGT,TenneT,,,,0.0,Utrecht,Utrecht,WRI,,,,,,,,,,,
BRA0001096,Aureliano Chaves (Antiga Ibirité),Brazil,BRA,'-19.9866,'-44.0889,226.0,2002,operating,1,False,,,CCGT,Petróleo Brasileiro SA,134295,Climate TRACE,modelled (Climate TRACE),,Minas Gerais,Ibirite,WRI,,,,,,,,,,,
GOGPT_lianjiangjinshanindust_china,Lianjiang Jinshan Industrial Park Distributed Gas power station,China,CHN,21.5211299,110.0477536,225.0,,announced,3,True,Siemens Energy: SGT-800,E/legacy-class,CCGT,Hengjian Integrated Energy (Lianjiang) Co Ltd,,,,,Guangdong,,GEM-GOGPT,,,,,,,,,,,
GOGPT_myingyan_myanma,Myingyan power station,Myanmar,MMR,21.386872,95.376656,225.0,2018,operating,1,False,GE: 6F.03,other/unspecified,CCGT,Sembcorp Myingyan Power Co [100%],,,,,Mandalay,Myingyan,GEM-GOGPT,,,,,,,,,,,
GOGPT_daraband_pakist,Daraband power station,Pakistan,PAK,31.74402,70.334783,225.0,,,1,False,,,CCGT,Khyber Pakhtunkhwa Economic Zones Development and Management Co [100%],,,,,Khyber Pakhtunkhwa,Dera Ismail Khan,GEM-GOGPT,,,,,,,,,,,
GOGPT_orient_pakist,Orient power station,Pakistan,PAK,31.188005,73.887917,225.0,2010,operating,1,False,,,CCGT,Orient Power Company Pvt Ltd [100%],,,,,Punjab,Phool Nagur,GEM-GOGPT,,,,,,,,,,,
GOGPT_saif_pakist,Saif power station,Pakistan,PAK,30.696186,73.259363,225.0,2010,operating,1,False,,,CCGT,Saif Power Ltd [100%],,,,,Punjab,Sahiwal,GEM-GOGPT,,,,,,,,,,,
GOGPT_sapphire_pakist,Sapphire Electric power station,Pakistan,PAK,31.761001,74.035548,225.0,2010,operating,1,False,,,CCGT,Sapphire Electric Co Ltd [100%],,,,,Punjab,Muridke,GEM-GOGPT,,,,,,,,,,,
WRI1029260,Sylhet (Energyprima),Bangladesh,BGD,24.9096,91.83,222.0,2008,operating,1,False,,,CCGT,EnergyPrima,,,,,Sylhet,Sylhet,WRI,,,,,,,,,,,
WRI1061879,Kurgan CHPP-2,Russia,RUS,55.4908,65.3611,222.0,2014,operating,2,True,,,CCGT,"OOO ""Kurgan TEZ""",,,,,Kurgan,Kurgan,WRI,,,,,,,,,,,
USA0054041,Lockport Energy Associates LP,United States of America,USA,43.1619,'-78.745,221.3,1992,operating,1,True,,,CCGT,Lockport Energy Associates LP,48022,US EPA GHGRP,measured,207.5,New York,South Lockport,WRI,3,True,True,False,,54041,36.7,9292,501,0.1,194.5
AUS0000172,Townsville,Australia,AUS,'-19.2011,146.6187,220.0,1999,operating,1,False,,,CCGT,RATCH Australia,159778,Climate TRACE,modelled (Climate TRACE),243.7,Queensland,Bohle Plains,WRI,,,,,,,,,,,
WRI1061490,Nesher Ramla,Israel,ISR,31.9138,34.8912,220.0,2015,operating,1,False,,,CCGT,Nesher Israel Cement Enterprises,,,,,Central District,Ramla,WRI,,,,,,,,,,,
MEX0001832,Felipe Carrillo Puerto (Valladolid),Mexico,MEX,20.6971,'-88.2659,220.0,2027,operating,1,False,Siemens Energy: V84.2,other/unspecified,CCGT,CFE,341570,Climate TRACE,modelled (Climate TRACE),,Yucatan,Dzitnup,WRI,,,,,,,,,,,
WRI1019111,TPP Brazi,Romania,ROU,44.8802,25.9988,220.0,2007,operating,2,True,,,CCGT,Termo Ploiesti SRL [100%],,,,2686.6,Prahova,Negoiesti,WRI,,,,,,,,,,,
WRI1061820,Kazan CHP-1,Russia,RUS,55.7606,49.1255,220.0,1975,operating,2,True,GE Power: PG6111FA,other/unspecified,CCGT,"JSC ""Tatenergo"" (JSC ""Generation Company"")",,,,,Tatarstan,Kazan,WRI,,,,,,,,,,,
CT-4923,Samalkot Combined Cycle power plant,India,IN,17.0387,82.1379,220.0,2002,operating,1,False,,,CCGT,Reliance Infrastructure Ltd,177380,Climate TRACE,modelled (Climate TRACE),,Andhra Pradesh,Peddapuram,Climate TRACE,,,,,,,,,,,
GOGPT_skopjechp_northm,Skopje CHP power station,North Macedonia,,41.994516,21.452828,220.0,2012,operating,1,True,alstom: GT13E2,E/legacy-class,CCGT,TE-TO AD Skopje [100%],,,,,Skopje,Skopje,GEM-GOGPT,,,,,,,,,,,
GOGPT_gulfkp12_thaila,Gulf KP1 & 2 power station,Thailand,THA,14.387466,100.909186,220.0,2013,operating,2,True,,,CCGT,Gulf JP Co Ltd [100%],,,,,Saraburi,Khok Yae,GEM-GOGPT,,,,,,,,,,,
GOGPT_samutprakarn_thaila,Samutprakarn power station,Thailand,THA,13.538429,100.637215,220.0,2017,,1,True,,,CCGT,Mit-Power (Thailand) Ltd [1%]; J-POWER Holdings (Thailand) Co Ltd [49%]; Electri,,,,,Samut Prakan,Bang Pu Mai,GEM-GOGPT,,,,,,,,,,,
GEODB0042640,PPC Bratislava CCGT CHP Power Plant Slovakia,Slovakia,SVK,48.1775,17.1548,218.0,1998,operating,1,True,,,CCGT,PPC Energy [100%],,,,1.5,Bratislavsky,Bratislava,WRI,,,,,,,,,,,
USA0000335,AES Huntington Beach LLC,United States of America,USA,33.6439,'-117.9792,218.0,1959,operating,1,False,,,CCGT,AES Huntington Beach LLC,1275616,US EPA GHGRP,measured,221.7,California,Huntington Beach,WRI,2,False,False,False,,62116,49.9,6843,363,0.639,3915.0
WRI1061910,"GTES ""TERESHKOVO""",Russia,RUS,55.6596,37.4015,217.9,2005,operating,1,True,,,CCGT,OOO ROSMIKS,,,,,Moskovskaya,Zarech'ye,WRI,,,,,,,,,,,
WRI1001644,Engro Energy Ltd. Karachi,Pakistan,PAK,28.027,69.3631,217.0,2010,operating,1,False,,,CCGT,IPP,,,,,Sindh,Ghotki,WRI,,,,,,,,,,,
USA0001660,Potter Station 2,United States of America,USA,42.235,'-70.9672,217.0,1994,operating,1,False,,,CCGT,Town of Braintree - (MA),18347,US EPA GHGRP,measured,14.9,Massachusetts,Weymouth,WRI,1,False,False,False,2024,1660,35.3,9659,597,0.018,34.8
CT-3461,Huaneng Suzhou Gas Turbine Innovation and Development Demonstration power station,China,CN,31.4067,120.4746,217.0,2024,operating,2,True,GE Vernova: 6F.03,other/unspecified,CCGT,Huaneng International Power Co Ltd,157760,Climate TRACE,modelled (Climate TRACE),,Jiangsu Sheng,Xushuguan,Climate TRACE,,,,,,,,,,,
USA0007887,Terry Bundy Generating Station,United States of America,USA,40.9097,'-96.6131,216.3,2003,operating,1,False,,,CCGT,Lincoln Electric System,,,,197.4,Nebraska,Waverly,WRI,2,True,True,False,,7887,39.2,8694,405,0.118,223.9
WRI1075665,Lee & Man Paper power station,China,CHN,22.938,113.5898,216.0,2007,operating,2,True,"GE Power: 6F.03, Nanjing Turbine & Electric Machinery (Group): 6F.03",other/unspecified,CCGT,Lee & Man Paper Manufacturing Ltd.,1028570,Climate TRACE,modelled (Climate TRACE),,Guangdong,Shatian,WRI,,,,,,,,,,,
WRI1002824,Great Island,Ireland,IRL,52.2793,'-6.9935,216.0,2015,operating,1,False,,,CCGT,Endesa,531350,Climate TRACE,modelled (Climate TRACE),,Munster,Waterford,WRI,,,,,,,,,,,
USA0003631,Sam Rayburn,United States of America,USA,28.8947,'-97.135,215.2,1998,operating,1,False,,,CCGT,South Texas Electric Coop  Inc,198890,Climate TRACE,modelled (Climate TRACE),229.1,Texas,Victoria,WRI,3,False,False,False,,3631,42.0,8133,450,0.227,384.0
CT-5305,Ibaraki power plant,Japan,JP,36.5383,140.3811,215.2,2012,operating,2,False,,,CCGT,Hitachi Zosen Corp,112521,Climate TRACE,modelled (Climate TRACE),,Ibaraki,Omiya,Climate TRACE,,,,,,,,,,,
CT-4925,Kashipur (Gama) power station,India,IN,29.1417,78.9635,214.0,2016,operating,1,False,,,CCGT,Gama Infraprop Private Limited (GIPL),175480,Climate TRACE,modelled (Climate TRACE),,Uttarakhand,Kashipur,Climate TRACE,,,,,,,,,,,
USA0055216,Morris Cogeneration LLC,United States of America,USA,41.4119,'-88.3328,212.5,1998,operating,1,True,,,CCGT,Morris Cogeneration LLC,227100,Climate TRACE,modelled (Climate TRACE),653.3,Illinois,Minooka,WRI,3,True,False,False,,55216,52.0,6557,348,0.305,585.2
MEX0001833,Emilio Portes Gil (Río Bravo) (CC),Mexico,MEX,25.9821,'-98.0627,211.1,1982,operating,1,False,,,CCGT,CFE,1685600,Climate TRACE,modelled (Climate TRACE),,Tamaulipas,Rio Bravo,WRI,,,,,,,,,,,
WRI1029244,Mymensingh,Bangladesh,BGD,24.7611,90.4193,210.0,2007,operating,1,False,"GEEPE: PG6551B, GEEPE: PG 6561B, Siemens Energy: NK90.32",other/unspecified,CCGT,Rural Power Company Ltd [100%],,,,,Dhaka,Mymensingh,WRI,,,,,,,,,,,
CAN0002067,Meridian Cogeneration,Canada,CAN,53.2593,'-109.9512,210.0,1999,operating,1,True,,,CCGT,TransAlta Ltd / Husky Oil Ltd,,,,,Saskatchewan,Lloydminster,WRI,,,,,,,,,,,
WRI1019224,Komorany power station,Czech Republic,CZE,50.522,13.5718,210.0,1956,operating,2,True,,,CCGT,United Energy,593340,Climate TRACE,modelled (Climate TRACE),,Ustecky,Horni Jiretin,WRI,,,,,,,,,,,
WRI1002849,AUGUSTA C.LE,Italy,ITA,37.2083,15.1778,210.0,1959,operating,1,True,,,CCGT,ENEL,47925,Climate TRACE,modelled (Climate TRACE),,Sicily,Priolo Gargallo,WRI,,,,,,,,,,,
CT-3066,Zhoushan Petrochemical Base Cogen power station,China,CN,30.3274,121.9554,210.0,2021,operating,3,True,"Hangzhou Turbine Power Group Co Ltd: SGT5-2000E, Siemens Energy: SGT5-2000E",E/legacy-class,CCGT,Zhejiang Petroleum & Chemical Co Ltd,946980,Climate TRACE,modelled (Climate TRACE),,Zhejiang Sheng,Daixi,Climate TRACE,,,,,,,,,,,
GOGPT_sanpedroargentina_argent,San Pedro power station (Argentina),Argentina,ARG,'-33.777779,'-59.728923,208.5,2024,operating,1,False,"Siemens Energy: SST-600, Siemens Energy: SGT-800, Siemens Energy: SGT-800, Siemens Energy: SGT-800",E/legacy-class,CCGT,SPI Energy SA [100%],,,,,Buenos Aires,San Pedro,GEM-GOGPT,,,,,,,,,,,
CT-4927,Godavari Combined Cycle power plant,India,IN,17.0587,82.3097,208.0,1998,operating,1,False,,,CCGT,Spectrum Power Generation Ltd,172820,Climate TRACE,modelled (Climate TRACE),,Andhra Pradesh,Pithapuram,Climate TRACE,,,,,,,,,,,
CT-5467,Incheon Airport CHP power station,South Korea,KR,37.4944,126.4755,207.0,2001,operating,1,True,,,CCGT,Incheon Airport Energy Co Ltd,314890,Climate TRACE,modelled (Climate TRACE),,Incheon,Seonwon,Climate TRACE,,,,,,,,,,,
GOGPT_denizlisaraykoy_trkiye,Denizli Saraykoy power station,Türkiye,,37.913637,28.904767,205.5,2013,operating,1,False,,,CCGT,AGE Enerji [100%],,,,,Denizli,Sarayköy,GEM-GOGPT,,,,,,,,,,,
WRI1018585,Termovalle,Colombia,COL,3.5649,'-76.4532,205.0,1999,operating,1,False,,,CCGT,Termovalle S.A.,,,,,Valle del Cauca,Yumbo,WRI,,,,,,,,,,,
USA0057036,Southcentral Power Project,United States of America,USA,61.1674,'-149.9053,203.9,2013,operating,1,False,,,CCGT,Chugach Electric Assn Inc,211640,Climate TRACE,modelled (Climate TRACE),797.9,Alaska,Anchorage,WRI,3,True,True,False,,57036,44.6,7646,405,0.645,1151.2
CT-4815,Gujarat Cement Works Combined Cycle power station,India,IN,20.8366,70.6917,203.5,2000,operating,1,False,,,CCGT,Gujarat Cement Works,771730,Climate TRACE,modelled (Climate TRACE),,Gujarat,Kodinar,Climate TRACE,,,,,,,,,,,
GOGPT_amandi_ghana,Amandi power station,Ghana,GHA,4.968201,'-1.667387,203.0,2019,operating,1,False,,,CCGT,Amandi Energy Ltd [100%],,,,,Western,Aboadze,GEM-GOGPT,,,,,,,,,,,
WRI1005909,KW Kirchlengern,Germany,DEU,52.1951,8.6482,201.5,1980,operating,1,False,,,CCGT,Energieservice Westfalen Weser GmbH,,,,,North Rhine-Westphalia,Kirchlengern,WRI,,,,,,,,,,,
WRI1023787,Tilghemt 1,Algeria,DZA,33.1319,3.348,200.0,1980,operating,1,False,,,CCGT,SociÃ©tÃ© AlgÃ©rienne de Production de lâ€™ElectricitÃ© (SPE),,,,,Ghardaia,Berriane,WRI,,,,,,,,,,,
WRI1070036,Baotou Works power station,China,CHN,40.6601,109.7585,200.0,2001,operating,2,False,,,CCGT,Baotou Iron & Steel Co Ltd,1662000,Climate TRACE,modelled (Climate TRACE),,Inner Mongolia,Baotou,WRI,,,,,,,,,,,
WRI1070023,Zhangjiagang Shagang power station,China,CHN,31.9789,120.6334,200.0,2004,operating,5,False,Mitsubishi Heavy Industries: not found,other/unspecified,CCGT,Jiangsu Shagang - Zhangjiagang Works,674490,Climate TRACE,modelled (Climate TRACE),,Jiangsu Sheng,Jinfeng,WRI,,,,,,,,,,,
WRI1000835,PLTG Krakatau Posco Energy,Indonesia,IDN,'-6.0048,105.9961,200.0,1978,operating,1,False,,,CCGT,PT. Krakatau Posco Energy (JV : Korea Posco Energy (70%) + PT. Krakatau Daya Listrik (30%)),,,,,Banten,Curug,WRI,,,,,,,,,,,
USA0055026,Dighton Power Plant,United States of America,USA,41.8312,'-71.1239,200.0,1999,operating,1,False,,,CCGT,Dighton Power  LLC,151449,US EPA GHGRP,measured,269.8,Massachusetts,Dighton,WRI,,False,False,False,,55026,43.1,7909,426,0.145,254.0
CT-21,Romerbrucke power station,Germany,DE,49.2237,7.0149,200.0,1965,operating,1,True,,,CCGT,Energie SaarLorLux AG,407170,Climate TRACE,modelled (Climate TRACE),,Saarland,Saarbrucken,Climate TRACE,,,,,,,,,,,
CT-3304,SPIC Changshu Thermal power station,China,CN,31.5982,120.8434,200.0,2022,operating,2,True,,,CCGT,CLP Changshu Thermal Power Co Ltd,348470,Climate TRACE,modelled (Climate TRACE),,Jiangsu Sheng,Guli,Climate TRACE,,,,,,,,,,,
CT-3473,SPIC Jiedong Gas Thermal power station,China,CN,23.6155,116.4248,200.0,2022,operating,2,True,Shanghai Electric: AE64.3A,other/unspecified,CCGT,State Power Investment Corp Jiedong Energy Co Ltd,145390,Climate TRACE,modelled (Climate TRACE),,Guangdong,Putian,Climate TRACE,,,,,,,,,,,
CT-3474,Wujiang Shengze Gas Thermal power station,China,CN,30.8808,120.5992,200.0,2023,operating,2,True,,,CCGT,Jiangsu Shengze Gas Turbine Thermal Power Co Ltd,145390,Climate TRACE,modelled (Climate TRACE),,Jiangsu Sheng,Shengze,Climate TRACE,,,,,,,,,,,
CT-3475,Shandong Fengyuan Gas Thermal power station,China,CN,34.7398,117.5474,200.0,2023,operating,1,True,Dongfang Electric Corporation: H-100,other/unspecified,CCGT,Shandong Fengyuan Gas Thermal Power Co Ltd,145390,Climate TRACE,modelled (Climate TRACE),,Shandong Sheng,Zaozhuang,Climate TRACE,,,,,,,,,,,
CT-3476,SPIC Kaiping Cuishan Lake Gas Thermal power station,China,CN,22.4364,112.6653,200.0,2023,operating,2,True,Shanghai Electric: AE64.3A,other/unspecified,CCGT,State Power Investment Corporation (Jiangmen) Energy Development Co Ltd,145390,Climate TRACE,modelled (Climate TRACE),,Guangdong,Changsha,Climate TRACE,,,,,,,,,,,
CT-3477,Danyang Huahai Gas Thermal power station,China,CN,32.0481,119.6172,200.0,2023,operating,2,True,,,CCGT,Danyang Zhongxinhuahai Clean Energy Co Ltd,145390,Climate TRACE,modelled (Climate TRACE),,Jiangsu Sheng,Yunyang,Climate TRACE,,,,,,,,,,,
CT-3478,Datang Lishui Gas Thermal power station,China,CN,31.6806,118.9995,200.0,2021,operating,2,True,,,CCGT,Datang Nanjing Thermal Power Co Ltd,145390,Climate TRACE,modelled (Climate TRACE),,Jiangsu Sheng,Yongyang,Climate TRACE,,,,,,,,,,,
CT-3479,GCL Gaochun Gas Thermal power station,China,CN,31.36,118.9111,200.0,2023,operating,2,True,,,CCGT,Nanjing Ninggao GCL Gas Turbine Thermal Power Co Ltd,145390,Climate TRACE,modelled (Climate TRACE),,Jiangsu Sheng,Gubo,Climate TRACE,,,,,,,,,,,
CT-3480,Shenzhen Energy Chao'an power station,China,CN,23.6532,116.623,200.0,2022,operating,2,True,Shanghai Electric: AE64.3A,other/unspecified,CCGT,Chaozhou Shenneng Ganlu Thermal Power Co Ltd,145390,Climate TRACE,modelled (Climate TRACE),,Guangdong,Chaozhou,Climate TRACE,,,,,,,,,,,
CT-3481,Chaozhou Shenzhen Energy Fengquan Lake High-tech Zone Gas-fired Thermal power plant,China,CN,23.6617,116.8029,200.0,2022,operating,2,True,Shanghai Electric: AE64.3A,other/unspecified,CCGT,Chaozhou Shenneng Ganlu Thermal Power Co Ltd,145390,Climate TRACE,modelled (Climate TRACE),,Guangdong,Tiepu,Climate TRACE,,,,,,,,,,,
CT-3482,CNOOC Funing Thermal power station,China,CN,33.7649,119.8449,200.0,2022,operating,2,True,,,CCGT,CNOOC Funing Thermal Power Co Ltd,145390,Climate TRACE,modelled (Climate TRACE),,Jiangsu Sheng,Dongkan,Climate TRACE,,,,,,,,,,,
GOGPT_futila_angola,Fútila power station,Angola,AGO,'-5.368375,12.210049,200.0,2025,pre-construction,2,False,,,CCGT,Vavita Power SA [100%],,,,,Cabinda,Fútila,GEM-GOGPT,,,,,,,,,,,
GOGPT_chaoanfengtang_china,Chao'an Fengtang power station,China,CHN,23.6010862,116.5835873,200.0,2028,announced,2,True,,,CCGT,,,,,,Guangdong,Fengtang Town,GEM-GOGPT,,,,,,,,,,,
GOGPT_guoxinjingjiang_china,Guoxin Jingjiang Gas Thermal power station,China,CHN,31.965117,120.248897,200.0,,,2,True,,,CCGT,Jiangsu Guoxin Jingjiang Power Generation Co Ltd [100%],,,,,Jiangsu,,GEM-GOGPT,,,,,,,,,,,
GOGPT_huadianchaohu_china,Huadian Chaohu Gas power station,China,CHN,31.567355,117.88017,200.0,,,1,True,,,CCGT,China Huadian Corp Ltd [100%],,,,,Anhui,Yafuyuan District,GEM-GOGPT,,,,,,,,,,,
GOGPT_huanengdainan_china,Huaneng Dainan Gas power station,China,CHN,32.725449,120.067667,200.0,,pre-construction,2,True,GE Vernova: 6F.03,other/unspecified,CCGT,"Huaneng International Power Generation Co., Ltd. Nanjing Power Plant",,,,,Jiangsu,,GEM-GOGPT,,,,,,,,,,,
GOGPT_xuzhoutongshan_china,Xuzhou Tongshan Gas Thermal power station,China,CHN,34.136243,117.17211,200.0,,,2,True,,,CCGT,Xuzhou Tongshan District Xinjie Thermal Power Co Ltd [100%],,,,,Jiangsu,Xuzhou,GEM-GOGPT,,,,,,,,,,,
GOGPT_yulinhealthindustrialp_china,Yulin Health Industrial Park Natural Gas Distributed Energy Station,China,CHN,22.657725,110.056727,200.0,,,2,True,,,CCGT,China Gas Holdings Ltd [100%],,,,,Guangxi,,GEM-GOGPT,,,,,,,,,,,
GOGPT_klusterpoci_indone,Kluster Poci power station,Indonesia,IDN,'-4.043,121.597,200.0,2027,announced,1,False,,,CCGT,PT PLN (Persero),,,,,South East Sulawes,Pomalaa,GEM-GOGPT,,,,,,,,,,,
GOGPT_lampungpeaker_indone,Lampung Peaker power station,Indonesia,IDN,'-5.568576,105.378021,200.0,,,1,False,,,CCGT,PT PLN (Persero) [100%],,,,,Sumatra,,GEM-GOGPT,,,,,,,,,,,
GOGPT_makassar_indone,Makassar power station,Indonesia,IDN,'-4.935711,119.523105,200.0,2023,operating,1,False,,,CCGT,PT PLN (Persero) [100%],,,,,South Sulawesi,,GEM-GOGPT,,,,,,,,,,,
GOGPT_borujerdcombinedcycle_iran,Borujerd Combined-Cycle power plant,Iran,IRN,33.88375,48.707008,200.0,,construction,1,False,Mapna Group,other/unspecified,CCGT,Thermal Power Plants Holding Co [100%],,,,,Lorestan,Borujerd,GEM-GOGPT,,,,,,,,,,,
GOGPT_karachaganak_kazakh,Karachaganak power station,Kazakhstan,KAZ,51.22558,51.39381,200.0,2028,announced,1,False,,,CCGT,Karachaganak Petroleum Operating BV,,,,,West Kazakhstan,Uralsk,GEM-GOGPT,,,,,,,,,,,
GOGPT_kanbaukupa_myanma,Kanbauk (UPA) power station,Myanmar,MMR,14.59421,98.031202,200.0,2030,pre-construction,1,False,,,CCGT,Myanmar UPA Co Ltd [100%],,,,,Tanintharyi,Kanbauk,GEM-GOGPT,,,,,,,,,,,
GOGPT_poznankarolin_poland,Poznan Karolin power station,Poland,POL,52.436416,16.988658,200.0,2026,construction,1,True,Siemens Energy: not found,other/unspecified,CCGT,Veolia Energia Polska SA [100%],,,,,Wielkopolskie,Poznań,GEM-GOGPT,,,,,,,,,,,
GOGPT_qafcov_qatar,Qafco-V power plant,Qatar,QAT,24.930809,51.544246,200.0,2011,operating,1,True,,,CCGT,Qatar Fertiliser Company QPSC [100%],,,,,Al Wakrah,Mesaieed,GEM-GOGPT,,,,,,,,,,,
GOGPT_zinga_tanzan,Zinga power station,Tanzania,TZA,'-6.567097,39.018093,200.0,,,1,False,,,CCGT,Kamal Power Ltd [100%],,,,,Pwani,Zinga,GEM-GOGPT,,,,,,,,,,,
USA0007266,Woodland,United States of America,USA,37.6526,'-121.0204,199.0,2002,operating,1,False,,,CCGT,Modesto Irrigation District,148316,US EPA GHGRP,measured,490.0,California,Modesto,WRI,1,True,False,False,,7266,40.7,8375,452,0.183,319.6
CT-3316,Datang Jiangshan Xincheng Thermal power station,China,CN,28.6293,118.5297,198.6,2013,operating,2,True,,,CCGT,Zhejiang Datang International Jiangshan New City Thermal Power Co Ltd,318330,Climate TRACE,modelled (Climate TRACE),,Zhejiang Sheng,Yutou,Climate TRACE,,,,,,,,,,,
WRI1005912,KW Mittelsbüren,Germany,DEU,53.1289,8.6852,198.0,2016,operating,1,True,,,CCGT,swb Erzeugung GmbH & Co. KG,496940,Climate TRACE,modelled (Climate TRACE),856.7,Lower Saxony,Ritterhude,WRI,,,,,,,,,,,
WRI1003699,Dzhubginskaya,Russia,RUS,44.4388,38.7636,198.0,2013,operating,1,False,Rostec United Engine Corporation: AL-41ST-25,other/unspecified,CCGT,JSC INTER RAO-Electric Power Generation,,,,,Krasnodarskiy,Dzhubga,WRI,,,,,,,,,,,
GOGPT_ukudu_guam,Ukudu power station,Guam,,13.523986,144.80697,198.0,2025,operating,1,False,Siemens Energy: not found,other/unspecified,CCGT,Guam Ukudu Power LLC [100%],,,,,Guam,Dededo,GEM-GOGPT,,,,,,,,,,,
GOGPT_herekecementworks_trkiye,Hereke Cement Works power station,Türkiye,,40.782,29.6025,198.0,2000,operating,3,True,,,CCGT,Nuh Çimento Sanayi AŞ [100%],,,,,Kocaeli,Hereke,GEM-GOGPT,,,,,,,,,,,
WRI1005743,Flensburg power station,Germany,DEU,54.8049,9.4324,195.0,1986,operating,3,True,,,CCGT,Stadtwerke Flensburg GmbH,,,,,Schleswig-Holstein,Flensburg,WRI,,,,,,,,,,,
WRI1075798,Amamapare Port power station,Indonesia,IDN,'-4.8278,136.8391,195.0,1998,operating,1,False,,,CCGT,PT Puncakjaya Power,,,,,Papua,Mapurujaya,WRI,,,,,,,,,,,
WRI1006069,Tiefstack power station,Germany,DEU,53.5262,10.0632,194.0,1993,operating,1,True,,,CCGT,Vattenfall Europe AG,,,,947.5,Hamburg,Rothenburgsort,WRI,,,,,,,,,,,
USA0055200,Arapahoe Combustion Turbine Project,United States of America,USA,39.6692,'-105.0018,194.0,2000,operating,1,False,,,CCGT,SWG Arapahoe  LLC,107556,US EPA GHGRP,measured,208.4,Colorado,Englewood,WRI,2,True,True,False,,55200,36.9,9237,498,0.133,226.0
USA0007551,SCA Cogen 2,United States of America,USA,38.5309,'-121.4001,193.4,1997,operating,1,True,,,CCGT,Sacramento Municipal Util Dist,,,,729.1,California,Florin,WRI,2,True,True,False,,7551,51.2,6661,359,0.417,706.4
ARG0000232,AGUA DEL CAJON (GENERADOR DEL MEM),Argentina,ARG,'-38.9368,'-68.3556,192.0,1993,operating,1,False,,,CCGT,CAPEX SA,,,,,Neuquen,Senillosa,WRI,,,,,,,,,,,
WRI1000281,TG. Kidurong,Malaysia,MYS,3.288,113.0926,192.0,2010,operating,3,False,,,CCGT,Sarawak Energy Bhd [100%],,,,,Sarawak,Bintulu,WRI,,,,,,,,,,,
GOGPT_portofbrownsville_united,Port Of Brownsville Energy Complex,United States,US,25.961167,'-97.358574,192.0,2026,pre-construction,1,False,,,CCGT,Element H2GEN LLC,,,,,Texas,Brownsville,GEM-GOGPT,,,,,,,,,,,
GOGPT_karadenizereglizonguld_trkiye,Karadeniz Ereğli Zonguldak power station,Türkiye,,41.261469,31.420106,191.1,1996,operating,1,True,,,CCGT,Eregli Demir ve Celik Fabrikalari AŞ [100%],,,,,Zonguldak,Ereğli,GEM-GOGPT,,,,,,,,,,,
CT-6115,Yarnima power station,Australia,AU,'-23.3433,119.7107,190.1,2014,operating,1,False,,,CCGT,BHP Group Ltd,216190,Climate TRACE,modelled (Climate TRACE),,Western Australia,Newman,Climate TRACE,,,,,,,,,,,
BRA0002082,Piratininga,Brazil,BRA,'-23.6963,'-46.6686,190.0,1954,operating,1,False,,,CCGT,Petróleo Brasileiro SA,83374,Climate TRACE,modelled (Climate TRACE),,Sao Paulo,Diadema,WRI,,,,,,,,,,,
WRI1000262,Ranhill Powertron (IPP),Malaysia,MYS,6.0918,116.163,190.0,2007,operating,2,False,,,CCGT,Ranhill Holdings Bhd [100%],,,,,Sabah,Kota Kinabalu,WRI,,,,,,,,,,,
GOGPT_roca_argent,Roca power station,Argentina,ARG,'-38.945996,'-67.602989,190.0,2018,operating,1,False,,,CCGT,Tefu SA [25%]; Generación Mediterránea SA [75%],,,,,Río Negro,General Roca,GEM-GOGPT,,,,,,,,,,,
USA0001068,Marshalltown,United States of America,USA,42.0474,'-92.8594,189.0,1978,operating,1,False,,,CCGT,Interstate Power and Light Co,1270953,Climate TRACE,modelled (Climate TRACE),29.9,Iowa,Marshalltown,WRI,2,False,False,False,,58236,45.7,7469,403,0.439,2724.0
CT-3302,Huaneng Guilin Distributed Gas power station,China,CN,25.2107,110.1806,189.0,2017,operating,3,True,GE Vernova: 6F.01,other/unspecified,CCGT,Huaneng Guilin Gas Distributed Energy Co Ltd,350620,Climate TRACE,modelled (Climate TRACE),,Guangxi Zhuangzu Zizhiqu,Guilin,Climate TRACE,,,,,,,,,,,
GOGPT_borzesti_romani,Borzesti power station,Romania,ROU,46.2507,26.8352,189.0,,,1,True,,,CCGT,Electrocentrale Borzesti SA [100%],,,,,Bacau,Borzesti,GEM-GOGPT,,,,,,,,,,,
GOGPT_pancevo_serbia,Pančevo power station,Serbia,SRB,44.831206,20.679887,189.0,2022,operating,1,True,,,CCGT,Gazprom Energoholding Serbia TE-TO Pancevo doo [100%],,,,,Vojvodina,Pančevo,GEM-GOGPT,,,,,,,,,,,
WRI1018562,Cartagena,Colombia,COL,10.3555,'-75.5109,188.0,1973,operating,1,False,,,CCGT,ENDESA,,,,,Bolivar,Cartagena,WRI,,,,,,,,,,,
WRI1019067,EC Zielona Góra,Poland,POL,51.9514,15.4879,188.0,1974,operating,1,True,,,CCGT,Polska Grupa Energetyczna SA,746180,Climate TRACE,modelled (Climate TRACE),933.9,Lubusz,Zielona Gora,WRI,,,,,,,,,,,
BRA0027263,Celso Furtado (Antiga Termobahia Fase I),Brazil,BRA,'-12.7038,'-38.5669,185.9,2004,,1,False,,,CCGT,Petróleo Brasileiro SA,82531,Climate TRACE,modelled (Climate TRACE),,Bahia,Madre de Deus,WRI,,,,,,,,,,,
WRI1001645,Foundation Power Company (Daharki),Pakistan,PAK,27.988,69.671,185.0,2011,operating,1,False,,,CCGT,IPP,,,,,Sindh,Khairpur,WRI,,,,,,,,,,,
USA0000201,Thomas Fitzhugh,United States of America,USA,35.4624,'-93.8049,185.0,1990,operating,1,False,,,CCGT,Arkansas Electric Coop Corp,,,,254.9,Arkansas,Ozark,WRI,1,True,True,False,,201,38.6,8834,478,0.295,477.6
WRI1030733,Can Tho,Vietnam,VNM,10.1,105.72,185.0,2009,operating,3,False,Mitsubishi Heavy Industries: M701JAC,H/J-class,CCGT,Vietnam Electricity (EVN),,,,,Can Tho,Binh Thuy,WRI,,,,,,,,,,,
GOGPT_saihrawl_oman,Saih Rawl power plant,Oman,OMN,21.359443,56.731778,185.0,2019,operating,1,False,,,CCGT,Petroleum Development Oman LLC [100%],,,,,Ad Dakhiliyah,Qarn al Alam,GEM-GOGPT,,,,,,,,,,,
CT-4938,Valuthur Combined Cycle power plant,India,IN,9.3484,78.9235,184.4,2003,operating,2,False,,,CCGT,Tamil Nadu Power Distribution Corp Ltd,156990,Climate TRACE,modelled (Climate TRACE),,Tamil Nadu,Periyapattinam,Climate TRACE,,,,,,,,,,,
WRI1008139,Gilan,Iran,IRN,37.1586,49.6329,184.0,1997,operating,3,False,,,CCGT,Ghadir Electricity and Energy Investment Company PJSC [100%],,,,,Gilan,Rasht,WRI,,,,,,,,,,,
WRI1019116,TPP Progresu,Romania,ROU,44.372,26.1073,184.0,1964,operating,4,True,,,CCGT,Electrocentrale Bucureşti SA [100%],,,,,Ilfov,Jilava,WRI,,,,,,,,,,,
USA0007307,Redding Power,United States of America,USA,40.5073,'-122.4233,183.1,1999,operating,1,False,,,CCGT,City of Redding - (CA),169404,US EPA GHGRP,measured,232.3,California,Redding,WRI,2,False,False,False,,7307,41.8,8160,440,0.266,426.9
WRI1005794,HKW Jena,Germany,DEU,50.8969,11.5857,182.0,1996,operating,1,True,,,CCGT,Thüringer Energie AG,,,,,Thuringia,Jena,WRI,,,,,,,,,,,
GOGPT_porvoorefinery_finlan,Porvoo Refinery power station,Finland,FIN,60.30734,25.49704,182.0,2018,operating,1,True,,,CCGT,Kilpilahden Voimalaitos Oy [100%],,,,,Porvoo,Kilpilahti,GEM-GOGPT,,,,,,,,,,,
USA0006285,North Pole,United States of America,USA,64.7356,'-147.3481,181.0,1986,operating,1,False,,,CCGT,Golden Valley Elec Assn Inc,112313,Climate TRACE,modelled (Climate TRACE),431.3,Alaska,North Pole,WRI,1,False,False,False,,6285,41.0,8314,636,0.268,424.8
CT-5468,Asan Baebang power station,South Korea,KR,36.8,127.0937,180.9,2007,operating,1,True,,,CCGT,Korea Land & Housing Corp,276900,Climate TRACE,modelled (Climate TRACE),,Chungcheongnam-do,Cheonan,Climate TRACE,,,,,,,,,,,
USA0010213,El Segundo Cogen,United States of America,USA,33.9058,'-118.4031,180.1,1996,operating,1,True,,,CCGT,Chevron USA Inc-El Segundo,71521,US EPA GHGRP,measured,1260.7,California,El Segundo,WRI,4,True,False,False,,10213,32.4,10534,559,0.79,1245.7
WRI1002864,CELANO,Italy,ITA,42.0458,13.5475,180.0,1998,mothballed,1,True,,,CCGT,Grupo Industriale Maccaferri,14335,EU ETS,measured,26.0,Abruzzo,Celano,WRI,,,,,,,,,,,
WRI1061632,CHP-5 Red October,Russia,RUS,59.8737,30.504,180.0,2006,operating,1,True,,,CCGT,"PJSC ""TGC-1""",,,,,Leningrad,Rybatskoye,WRI,,,,,,,,,,,
GBR1000317,Fellside CHP,United Kingdom,GBR,54.4184,'-3.4883,180.0,1995,operating,1,True,,,CCGT,Px Limited,,,,,England,Seascale,WRI,,,,,,,,,,,
USA0050555,Rosemary Power Station,United States of America,USA,36.4517,'-77.6594,180.0,1990,operating,1,False,,,CCGT,Virginia Electric & Power Co,,,,3.0,North Carolina,Roanoke Rapids,WRI,2,False,False,False,,50555,29.5,11576,852,0.001,1.6
CT-3159,State Grid Lasa Gas power station,China,CN,29.6514,90.9599,180.0,2011,operating,1,False,,,CCGT,Dongga Power Generation Company of State Grid Tibet Electric Power Co Ltd,627440,Climate TRACE,modelled (Climate TRACE),,Tibet Autonomous Region,Niu,Climate TRACE,,,,,,,,,,,
CT-3503,Zhongshan Yong'an Gas Thermal power station,China,CN,22.6654,113.1959,180.0,2005,operating,1,True,,,CCGT,Zhongshan Yongan Electric Power Co Ltd,130860,Climate TRACE,modelled (Climate TRACE),,Guangdong,Xiaolan,Climate TRACE,,,,,,,,,,,
CT-3504,Huadian Zizhuang Gas power station,China,CN,31.0596,121.3579,180.0,2015,operating,2,True,,,CCGT,Shanghai Huadian Minhang Energy Co Ltd,130860,Climate TRACE,modelled (Climate TRACE),,Shanghai Shi,Xinqiao,Climate TRACE,,,,,,,,,,,
CT-3505,Jiugang Group Captive Gas power station,China,CN,39.847,98.2179,180.0,2019,operating,1,True,GE Power: S109E,E/legacy-class,CCGT,Jiuquan Iron and Steel (Group) Co Ltd,130860,Climate TRACE,modelled (Climate TRACE),,Gansu Sheng,Jiayuguan,Climate TRACE,,,,,,,,,,,
GOGPT_kishfield_iran,Kish Gas Field power plant,Iran,IRN,26.531518,53.988247,180.0,,operating,1,False,,,CCGT,National Iranian Oil Co [100%],,,,,Hormozgan,Kish Island,GEM-GOGPT,,,,,,,,,,,
GOGPT_herbatadatacentre_irelan,Herbata Data Centre power station,Ireland,IRL,53.22074006,'-6.707783515,180.0,,pre-construction,1,False,,,CCGT,Herbata Ltd,,,,,Naas,Naas,GEM-GOGPT,,,,,,,,,,,
GOGPT_aliagaeuas_trkiye,Aliaga EUAS power station,Türkiye,,38.7987,26.945,180.0,2009,operating,1,True,,,CCGT,Elektrik Uretim AŞ [100%],,,,,İzmir,Aliaga,GEM-GOGPT,,,,,,,,,,,
GOGPT_esenyurt_trkiye,Esenyurt power station,Türkiye,,41.065154,28.668154,180.0,1999,operating,1,True,,,CCGT,Elektrik Uretim AŞ [100%],,,,,Istanbul,Esenyurt,GEM-GOGPT,,,,,,,,,,,
GOGPT_grangemouth_united,Grangemouth power station,United Kingdom,GBR,56.010986,'-3.695127,180.0,2001,operating,1,True,Siemens Energy: V94.2,E/legacy-class,CCGT,INEOS Group AG [100%],,,,,Stirling,Grangemouth,GEM-GOGPT,,,,,,,,,,,
CAN0002038,Christina Lake,Canada,CAN,55.665,'-110.7185,179.0,2016,operating,2,True,,,CCGT,MEG Energy,,,,,Alberta,Fort McMurray,WRI,,,,,,,,,,,
GOGPT_siechnice_poland,Siechnice power station,Poland,POL,51.03794,17.15095,179.0,2025,operating,1,True,,,CCGT,Zespół Elektrociepłowni Wrocławskich Kogeneracja SA [100%],,,,,Dolnośląskie,Siechnice,GEM-GOGPT,,,,,,,,,,,
CT-4924,HPCL Vizag Refinery power station,India,IN,17.7024,83.2326,178.4,,operating,1,False,,,CCGT,Hindustan Petroleum Corporation Ltd,176760,Climate TRACE,modelled (Climate TRACE),,Andhra Pradesh,Gajuwaka,Climate TRACE,,,,,,,,,,,
BRA0027104,Santana,Brazil,BRA,'-0.0096,'-51.1716,178.1,1993,announced,1,False,,,CCGT,Brazilian Energy Participações SA [100%],,,,,Amapa,Santana,WRI,,,,,,,,,,,
CT-4935,GACL Dahej Caustic Captive power plant,India,IN,21.7097,72.6904,178.0,,operating,1,False,,,CCGT,GACL-NALCO Alkalies and Chemicals Pvt Ltd,164840,Climate TRACE,modelled (Climate TRACE),,Gujarat,Hansot,Climate TRACE,,,,,,,,,,,
USA0000099,Frederickson,United States of America,USA,47.0797,'-122.365,177.8,1981,operating,1,False,,,CCGT,Puget Sound Energy Inc,,,,81.4,Washington,Frederickson,WRI,1,True,False,False,,55818,47.7,7154,386,0.452,1259.0
WRI1075830,Trebovice power station,Czech Republic,CZE,49.8319,18.2113,177.0,1994,announced,1,True,,,CCGT,Veolia Ceska Republika AS,,,,,Czech Republic,Ludgerovice,WRI,,,,,,,,,,,
GOGPT_bluehills_bahama,Blue Hills power station,Bahamas,,25.038552,'-77.355882,177.0,2026,announced,1,False,,,CCGT,Bahamas Utilities Holdings Ltd; Bahamas Power and Light Co Ltd [100%],,,,,New Providence,Nassau,GEM-GOGPT,,,,,,,,,,,
USA0007870,Encogen,United States of America,USA,48.746,'-122.486,176.4,1993,operating,1,False,,,CCGT,Puget Sound Energy Inc,427032,US EPA GHGRP,measured,401.3,Washington,Bellingham,WRI,3,False,False,False,,7870,38.4,8892,479,0.276,426.8
CT-5989,Braskem Idesa power station,Mexico,MX,18.0668,'-94.3735,175.6,2016,operating,1,True,,,CCGT,Braskem Idesa SAPI,343050,Climate TRACE,modelled (Climate TRACE),,Veracruz,Villa Nanchital,Climate TRACE,,,,,,,,,,,
USA0050002,Pittsfield Generating LP,United States of America,USA,42.4564,'-73.2181,175.5,1990,operating,1,True,,,CCGT,Pittsfield Generating Company  LP,10631,US EPA GHGRP,measured,80.2,Massachusetts,Pittsfield,WRI,3,False,False,False,,50002,39.0,8755,473,0.037,56.8
GOGPT_kakanj_bosnia,Kakanj Thermal Power Plant,Bosnia and Herzegovina,BIH,44.089633,18.113865,175.0,,announced,1,False,,,CCGT,Elektroprivreda BiH dd [100%],,,,,Zenica-Doboj,Kakanj,GEM-GOGPT,,,,,,,,,,,
GOGPT_saratovchp2_russia,Saratov CHP-2 power station,Russia,RUS,51.45278,45.917642,175.0,1962,operating,1,True,Power Machines,other/unspecified,CCGT,T Plus PJSC [100%],,,,,Saratov Oblast,Saratov,GEM-GOGPT,,,,,,,,,,,
CT-5480,Daesan Refinery power station,South Korea,KR,37.0045,126.415,174.1,2027,construction,1,True,,,CCGT,Hyundai Oilbank Co Ltd [100%],51697,Climate TRACE,modelled (Climate TRACE),,Chungcheongnam-do,Taesal-li,Climate TRACE,,,,,,,,,,,
GOGPT_yangiaryk_uzbeki,Yangiaryk power station,Uzbekistan,UZB,41.349815,60.593368,174.0,2022,operating,1,False,,,CCGT,Odaş Elektrik Üretim Sanayi Ticaret AŞ [100%],,,,,Khorezm/Xorazm,Yangiariq,GEM-GOGPT,,,,,,,,,,,
USA0007552,SPA Cogen 3,United States of America,USA,38.511,'-121.4735,173.9,1998,operating,1,True,,,CCGT,Sacramento Municipal Util Dist,,,,644.4,California,Parkway,WRI,1,True,True,False,,7552,42.6,8006,432,0.611,930.9
WRI1002021,Varadero Powerplant,Cuba,CUB,23.0879,'-81.2695,173.0,2003,operating,1,False,,,CCGT,Unión Eléctrica,,,,,Matanzas,Varadero,WRI,,,,,,,,,,,
WRI1022396,IRU Elektrijaam,Estonia,EST,59.4514,24.9246,173.0,1982,announced,1,True,,,CCGT,Enefit Green [100%],,,,,Harju,Loo,WRI,,,,,,,,,,,
WRI1005639,Dow Stade,Germany,DEU,53.6519,9.5079,173.0,2014,operating,1,True,,,CCGT,Dow Deutschland Anlagengesellschaft mbH,,,,,Lower Saxony,Stade,WRI,,,,,,,,,,,
WRI1020253,Kelenföldi Erőmű,Hungary,HUN,47.4624,19.0563,173.0,2006,operating,1,True,,,CCGT,Budapesti Erőmű Zrt [100%],,,,820.5,Budapest,Budapest IX. keruelet,WRI,,,,,,,,,,,
CT-5471,Samsong CHP power station,South Korea,KR,37.6584,126.8316,173.0,2011,operating,1,True,,,CCGT,Korea District Heating Corp,235130,Climate TRACE,modelled (Climate TRACE),,Gyeonggi-do,Goyang-si,Climate TRACE,,,,,,,,,,,
USA0010751,Camden Plant Holdings LLC,United States of America,USA,39.9175,'-75.1192,172.9,1993,operating,1,False,,,CCGT,Camden Plant Holdings LLC,42113,US EPA GHGRP,measured,59.2,New Jersey,Camden,WRI,1,True,False,False,,10751,36.7,9290,501,0.069,105.2
CT-392,Linz Süd power station,Austria,AT,48.2679,14.3469,170.1,2000,operating,1,True,,,CCGT,Linz Strom Gas Wärme GmbH,175740,Climate TRACE,modelled (Climate TRACE),,Upper Austria,Steyregg,Climate TRACE,,,,,,,,,,,
CAN0002082,Scotford (Shell),Canada,CAN,53.7985,'-113.0943,170.0,2000,operating,1,True,,,CCGT,ATCO Power,,,,,Alberta,Fort Saskatchewan,WRI,,,,,,,,,,,
WRI1075850,Suomenoja power station,Finland,FIN,60.1483,24.7183,170.0,1981,operating,1,True,,,CCGT,Fortum Oyj,,,,,Uusimaa,Koukkuniemi,WRI,,,,,,,,,,,
GEODB0042165,Kaunas CHP Power Plant Lithuania,Lithuania,LTU,54.9212,24.018,170.0,1976,mothballed,1,True,,,CCGT,UAB Kauno Termofikacijos Elektrine [100%],,,,0.4,Lithuania,Ramuciai,WRI,,,,,,,,,,,
GOGPT_roskovec_albani,Roskovec power station,Albania,ALB,40.737819,19.703411,170.0,2028,pre-construction,1,True,,,CCGT,Fier Thermoelectric ShA [100%],,,,,Fier,Roskovec,GEM-GOGPT,,,,,,,,,,,
GOGPT_clairmont_canada,Clairmont power plant,Canada,CAN,55.2568,'-118.7895,170.0,,announced,1,False,,,CCGT,Kalina Distributed Power Ltd,,,,,Alberta,Grande Prairie,GEM-GOGPT,,,,,,,,,,,
GOGPT_vsevolozhskchp_russia,Vsevolozhsk CHP power station,Russia,RUS,60.021312,30.662641,170.0,,,1,True,,,CCGT,,,,,,Leningrad Oblast,Vsevolozhsk,GEM-GOGPT,,,,,,,,,,,
USA0007991,West Campus Cogeneration Facility,United States of America,USA,43.0751,'-89.4251,169.3,2005,operating,1,True,,,CCGT,Madison Gas & Electric Co,,,,369.9,Wisconsin,Shorewood Hills,WRI,2,True,False,False,,7991,44.8,7618,411,0.263,390.7
USA0055309,Air Products Port Arthur,United States of America,USA,29.8665,'-93.9651,169.1,2006,pre-construction,1,False,Mitsubishi Heavy Industries: 501JAC,other/unspecified,CCGT,Air Products LLC,249960,Climate TRACE,modelled (Climate TRACE),1053.8,Texas,Port Arthur,WRI,5,True,False,False,,50973,38.3,8919,473,0.257,622.7
CT-5970,Cogeneración Cangrejera power station,Mexico,MX,18.0929,'-94.3613,168.1,1991,operating,1,False,,,CCGT,Pemex-Transformación Industrial SA de CV,648910,Climate TRACE,modelled (Climate TRACE),,Veracruz,Villa Nanchital,Climate TRACE,,,,,,,,,,,
WRI1030437,Sojitz Kelanitissa,Sri Lanka,LKA,6.9523,79.8789,168.0,2005,operating,1,False,,,CCGT,Sojitz Corporation,,,,,Western,Peliyagoda,WRI,,,,,,,,,,,
CT-3331,Jiangmen Distributed Natural Gas power station,China,CN,22.5763,113.1623,168.0,2021,operating,2,True,,,CCGT,China Power (Jiangmen) Integrated Energy Co Ltd,304890,Climate TRACE,modelled (Climate TRACE),,Guangdong,Waihai,Climate TRACE,,,,,,,,,,,
USA0057865,Antelope Station,United States of America,USA,33.865,'-101.8433,167.4,2010,pre-construction,2,False,,,CCGT,Golden Spread Electric Cooperative  Inc,,,,367.2,Texas,Abernathy,WRI,,,,,,,,,,,
WRI1005751,Heizkraftwerk Leipzig-Nord,Germany,DEU,51.3512,12.3784,167.0,1996,mothballed,1,True,,,CCGT,Stadtwerke Leipzig GmbH,,,,,Saxony,Leipzig,WRI,,,,,,,,,,,
USA0007456,Rathdrum,United States of America,USA,47.8043,'-116.8673,166.4,1994,operating,1,False,,,CCGT,Avista Corp,436177,US EPA GHGRP,measured,176.2,Idaho,Rathdrum,WRI,1,True,False,False,,55179,47.9,7129,384,0.627,1656.5
IND0000068,BSES Kerala CCGT,India,IND,10.074,76.3188,165.0,1999,operating,1,False,,,CCGT,Reliance Infrastructure Ltd,157200,Climate TRACE,modelled (Climate TRACE),0.0,Kerala,Elur,WRI,,,,,,,,,,,
USA0056298,Roseville Energy Park,United States of America,USA,38.7928,'-121.3811,165.0,2007,operating,1,False,,,CCGT,City of Roseville - (CA),,,,294.1,California,Antelope,WRI,2,True,False,False,,56298,41.1,8302,448,0.308,607.5
CT-269,San Roque Refinery power station,Spain,ES,36.1888,'-5.3881,164.7,2011,operating,1,True,,,CCGT,Compañía Española de Petróleos SA,138290,Climate TRACE,modelled (Climate TRACE),,Andalusia,San Roque,Climate TRACE,,,,,,,,,,,
GOGPT_panaran_indone,Panaran power station,Indonesia,IDN,1.014533,104.007077,164.1,2010,operating,2,False,,,CCGT,PT Mitra Energi Batam [100%],,,,,Riau,Batam City,GEM-GOGPT,,,,,,,,,,,
USA0007314,Richard M Flynn,United States of America,USA,40.8158,'-73.064,164.0,1994,operating,1,False,,,CCGT,New York Power Authority,188447,US EPA GHGRP,measured,386.1,New York,Holbrook,WRI,1,False,False,False,,7314,39.5,8646,489,0.449,668.3
GOGPT_cccbajacaliforniasur_mexico,CCC Baja California Sur power station,Mexico,MEX,24.104758,'-110.338655,164.0,,,1,False,,,CCGT,Comisión Federal de Electricidad EPE [100%],,,,,Baja California Sur,La Paz,GEM-GOGPT,,,,,,,,,,,
MEX0001837,Pemex-Petroquímica  Complejo Petroquímico Cangrejera,Mexico,MEX,18.0929,'-94.3591,163.5,1991,operating,1,False,,,CCGT,Pemex,,,,,Veracruz,Villa Nanchital,WRI,,,,,,,,,,,
WRI1002593,Vuosaari A,Finland,FIN,60.2199,25.1692,163.0,1991,operating,2,True,,,CCGT,Helsingin Energia,,,,1555.5,Uusimaa,Vantaa,WRI,,,,,,,,,,,
GOGPT_chandpur_bangla,Chandpur power station,Bangladesh,BGD,23.222418,90.669029,163.0,2012,operating,1,False,,,CCGT,Bangladesh Power Development Board [100%],,,,,Chittagong,Chandpur,GEM-GOGPT,,,,,,,,,,,
WRI1002909,MILAZZO,Italy,ITA,38.2212,15.2383,162.9,1999,operating,1,True,,,CCGT,Raffineria di Milazzo SCPA [100%],,,,975.1,Sicily,Milazzo,WRI,,,,,,,,,,,
MEX0001845,Baja California Sur I,Mexico,MEX,32.6024,'-115.6276,162.7,2003,operating,2,False,,,CCGT,CFE,,,,,Baja California,Progreso,WRI,,,,,,,,,,,
GOGPT_teplarnatrmice_czechr,Teplárna Trmice power station,Czech Republic,CZE,50.6462,13.9854,162.0,2029,pre-construction,1,True,,,CCGT,CEZ AS,,,,,Ustecky,Trmice,GEM-GOGPT,,,,,,,,,,,
IND0000288,NAMRUP GT,India,IND,27.1858,95.376,161.8,1990,operating,1,False,,,CCGT,Assam Power Generation Corp Ltd [100%],,,,298.7,Assam,Namrup,WRI,,,,,,,,,,,
WRI1003815,Sochinskaya,Russia,RUS,43.5947,39.7544,160.5,2004,operating,1,True,,,CCGT,JSC INTER RAO-Electric Power Generation,,,,,Krasnodarskiy,Sochi,WRI,,,,,,,,,,,
CAN0002020,Aurora,Canada,CAN,57.298,'-111.506,160.0,2001,operating,2,True,,,CCGT,Syncrude,,,,,Alberta,Fort McMurray,WRI,,,,,,,,,,,
WRI1005862,Kirchmöser,Germany,DEU,52.3942,12.4181,160.0,1994,operating,1,False,,,CCGT,E.ON Kraftwerke GmbH,,,,,Brandenburg,Wusterwitz,WRI,,,,,,,,,,,
GEODB0043528,Central 9 de Enero (JB) CCGT Power Plant Panama,Panama,PAN,9.3796,'-79.8219,160.0,2008,operating,1,False,,,CCGT,Alternegy SA [100%],,,,,Colon,Cativa,WRI,,,,,,,,,,,
WRI1019072,Włocławek,Poland,POL,52.6555,19.1338,160.0,1969,operating,1,True,,,CCGT,Energa wytwarzanie,,,,169.7,Kujawsko-Pomorskie,Wloclawek,WRI,,,,,,,,,,,
GOGPT_cerrodragon_argent,Cerro Dragón power station,Argentina,ARG,'-45.76302,'-68.297974,160.0,2017,operating,1,False,,,CCGT,Pan American Energy SL [100%],,,,,Chubut,Comodoro Rivadavia,GEM-GOGPT,,,,,,,,,,,
GOGPT_smithfieldfacility_austra,Smithfield Energy Facility power station,Australia,AUS,'-33.849995,150.947311,160.0,1997,operating,1,False,,,CCGT,Smithfield Power Generation Pty Ltd [100%],,,,,New South Wales,Smithfield,GEM-GOGPT,,,,,,,,,,,
WRI1006019,Stuttgart-Muenster,Germany,DEU,48.8158,9.2211,159.9,1983,operating,1,True,Siemens Energy: SGT-800,E/legacy-class,CCGT,EnBW Energie Baden-Württemberg AG,,,,264.4,Baden-Wuerttemberg,Stuttgart Muehlhausen,WRI,,,,,,,,,,,
USA0055802,Valencia Energy Facility,United States of America,USA,34.6115,'-106.7322,159.5,2008,operating,1,False,,,CCGT,Valencia Power LLC,146573,US EPA GHGRP,measured,80.2,New Mexico,Jarales,WRI,,,,,,,,,,,
WRI1019487,Laem Chabang,Thailand,THA,13.0913,100.8943,159.0,2009,operating,1,True,,,CCGT,B.Grimm Power PCL [100%],,,,,Chon Buri,Bang Lamung,WRI,,,,,,,,,,,
CT-3332,Puxing Clean Energy Anji power station,China,CN,30.6701,119.6856,158.0,2014,operating,1,True,,,CCGT,Puxing (Anji) Gas Turbine Thermal Power Co Ltd,304410,Climate TRACE,modelled (Climate TRACE),,Zhejiang Sheng,Ximu,Climate TRACE,,,,,,,,,,,
WRI1001631,Fauji KabirWala Khanela,Pakistan,PAK,30.5237,71.9555,157.0,1999,operating,1,False,,,CCGT,IPP,,,,,Punjab,Sarai Sidhu,WRI,,,,,,,,,,,
CAN0002035,Cardinal,Canada,CAN,44.7846,'-75.3779,156.3,1994,operating,1,True,,,CCGT,Cardinal Power LP,254600,Climate TRACE,modelled (Climate TRACE),,New York,Ogdensburg,WRI,,,,,,,,,,,
CT-3385,Guangzhou University City Distributed Gas power station,China,CN,23.0234,113.3984,156.0,2009,operating,2,True,SwiftPac: FT8-3,other/unspecified,CCGT,Guangzhou University City Huadian New Energy Co Ltd,235260,Climate TRACE,modelled (Climate TRACE),,Guangdong,Nancun,Climate TRACE,,,,,,,,,,,
CT-3511,Nanjing Liuhe District Yangba power station,China,CN,32.2522,118.7972,156.0,2005,operating,3,True,,,CCGT,Yangzi Petrochemical-BASF Co Ltd,113404,Climate TRACE,modelled (Climate TRACE),,Jiangsu Sheng,Changlu,Climate TRACE,,,,,,,,,,,
GOGPT_hsinyu_taiwan,Hsin Yu cogeneration power station,Taiwan,TWN,24.782387,121.005877,155.0,1999,operating,1,False,,,CCGT,Hsin Yu Energy Development Co Ltd [100%],,,,,Hsinchu,Hsinchu,GEM-GOGPT,,,,,,,,,,,
WRI1061349,Ahlone,Myanmar,MMR,16.78,96.131,154.2,2013,operating,1,False,,,CCGT,Myanmar Electric Power Enterprise (MEPE),,,,990.0,Yangon,Yangon,WRI,,,,,,,,,,,
WRI1061352,Hlawga,Myanmar,MMR,16.98,96.125,154.2,1995,operating,2,False,Siemens Energy: SFGM 560s,other/unspecified,CCGT,Myanmar Central Power Co Ltd,,,,990.0,Yangon,Yangon,WRI,,,,,,,,,,,
AUS0000173,Yarwun,Australia,AUS,'-23.8306,151.1519,154.0,2010,operating,1,True,,,CCGT,Rio Tinto Australia - Yarwun Pty Ltd,387250,Climate TRACE,modelled (Climate TRACE),,Queensland,Gladstone,WRI,,,,,,,,,,,
USA0056026,Donald Von Raesfeld Power Plant,United States of America,USA,37.3767,'-121.9508,154.0,2005,operating,1,False,,,CCGT,City of Santa Clara - (CA),379656,US EPA GHGRP,measured,659.1,California,Santa Clara,WRI,2,True,False,False,,56026,42.1,8100,437,0.519,700.3
USA0056233,EG178 Facility,United States of America,USA,32.7471,'-100.9547,153.9,2005,operating,1,False,,,CCGT,Kinder Morgan Production Company LP,159740,Climate TRACE,modelled (Climate TRACE),648.7,Texas,Snyder,WRI,2,True,True,False,,56233,43.1,7909,419,0.606,817.6
GOGPT_tithorea_greece,Tithorea power station,Greece,GRC,38.58606,22.66777,153.0,,pre-construction,1,False,,,CCGT,"GEK TERNA Holdings, Real Estate, Construction SA",,,,,Fthiotida,Tithorea,GEM-GOGPT,,,,,,,,,,,
USA0050118,Hal C Weaver Power Plant,United States of America,USA,30.2867,'-97.7356,152.5,1990,operating,1,True,,,CCGT,University of Texas at Austin,,,,332.2,Texas,Austin,WRI,2,True,False,False,,50118,,,268,0.258,344.8
CAN0002052,H R Milner,Canada,CAN,54.0071,'-119.1032,150.0,1972,operating,1,False,,,CCGT,Maxim Power Corp,,,,,Alberta,Grande Cache,WRI,,,,,,,,,,,
WRI1075650,Jiangyin Cogen power station,China,CHN,31.8436,120.4103,150.0,1993,operating,3,True,GE Vernova: 9F.05,other/unspecified,CCGT,Jiangyin Cogen Power Co,370860,Climate TRACE,modelled (Climate TRACE),,Jiangsu Sheng,Zhouzhuang,WRI,,,,,,,,,,,
WRI1005810,HKW Sandreuth,Germany,DEU,49.4386,11.0606,150.0,2005,operating,2,True,,,CCGT,N-ERGIE AG,,,,,Bavaria,Nuernberg,WRI,,,,,,,,,,,
WRI1000821,PLTG Cikarang Listrindo,Indonesia,IDN,'-6.1133,106.7788,150.0,1981,operating,3,False,,,CCGT,PT. Cikarang Listrindo,,,,,Jakarta Raya,Jakarta,WRI,,,,,,,,,,,
CT-3428,CR GCL Beijing Gas Thermal power station,China,CN,39.7813,116.5023,150.0,2006,operating,2,True,,,CCGT,China Resources GCL (Beijing) Thermal Power Co Ltd,210570,Climate TRACE,modelled (Climate TRACE),,Beijing,Jiugong,Climate TRACE,,,,,,,,,,,
CT-3513,Yichang Zhongji Thermal power station,China,CN,30.7906,111.3598,150.0,2024,operating,2,True,Siemens Energy: SGT-800,E/legacy-class,CCGT,Yichang Yiling Zhongji Thermal Power Co Ltd,109046,Climate TRACE,modelled (Climate TRACE),,Hubei,Xiaoxita,Climate TRACE,,,,,,,,,,,
CT-3514,Guangxi GCL Zhongma Industrial Zone power station,China,CN,21.7558,108.6672,150.0,2020,operating,2,True,,,CCGT,GCL Energy Technology Co Ltd,109046,Climate TRACE,modelled (Climate TRACE),,Guangxi Zhuangzu Zizhiqu,Qinzhou,Climate TRACE,,,,,,,,,,,
CT-3515,Shunde Western Ecological Industrial Park Distributed power station,China,CN,22.7517,113.2048,150.0,2018,operating,3,True,GE Power: LM6000 PF Sprint,other/unspecified,CCGT,Huadian International Power Co Ltd Guangdong Branch,109046,Climate TRACE,modelled (Climate TRACE),,Guangdong,Ronggui,Climate TRACE,,,,,,,,,,,
CT-3516,Jiangsu Bairun Xinminzhou Distributed Gas power station,China,CN,32.259,119.5519,150.0,2020,operating,2,True,,,CCGT,Jiangsu Bairun Energy Co Ltd,109046,Climate TRACE,modelled (Climate TRACE),,Jiangsu Sheng,Shatou,Climate TRACE,,,,,,,,,,,
CT-3517,GCL Qinzhou Zhongma Distributed Gas power station,China,CN,21.7561,108.6682,150.0,2020,operating,2,True,,,CCGT,Guangxi GCL China-Malaysia Distributed Energy Co Ltd,109046,Climate TRACE,modelled (Climate TRACE),,Guangxi Zhuangzu Zizhiqu,Qinzhou,Climate TRACE,,,,,,,,,,,
CT-3518,GCL Gaozhou Distributed Gas power station,China,CN,21.8251,110.8364,150.0,2020,operating,2,True,,,CCGT,Gaozhou GCL Gas Distributed Energy Co Ltd,109046,Climate TRACE,modelled (Climate TRACE),,Guangdong,Jinshan,Climate TRACE,,,,,,,,,,,
GOGPT_gclhuanghuadistributed_china,GCL Huanghua Gas Distributed Energy Station,China,CHN,38.337368,117.305648,150.0,,,2,True,,,CCGT,GCL (Huanghua) Gas Thermal Power Co Ltd [100%],,,,,Hebei,Huanghua Town,GEM-GOGPT,,,,,,,,,,,
GOGPT_gclnanningdevelopmentz_china,GCL Nanning Development Zone Distributed Gas power station,China,CHN,22.740176,108.279748,150.0,,,2,True,GE Power: 6F.01,other/unspecified,CCGT,GCL Smart Energy (Suzhou) Co Ltd [100%],,,,,Guangxi,,GEM-GOGPT,,,,,,,,,,,
GOGPT_guangdongxinhuidaze_china,Guangdong Xinhui Daze Gas Thermal power station,China,CHN,22.55660064,112.9161383,150.0,2025,operating,2,True,"Hangzhou Turbine Power Group Co Ltd: SGT-800, Siemens Energy: SGT-800",E/legacy-class,CCGT,Guodian Investment (Jiangmen Xinhui) Smart Energy Co Ltd [100%],,,,,Guangdong,Daze Town,GEM-GOGPT,,,,,,,,,,,
GOGPT_jixuanhuashan_china,Jixuan Energy Huashan Gas Thermal power station,China,CHN,36.76358975,117.097071,150.0,,construction,2,True,Dongfang Electric Corporation: G50,other/unspecified,CCGT,Shandong Jixuan Energy Co Ltd [100%],,,,,Shandong,,GEM-GOGPT,,,,,,,,,,,
GOGPT_shougangqiananironands_china,Shougang Qian'an Iron and Steel Co Ltd. power project,China,CHN,39.9768186,118.5587455,150.0,2015,operating,1,False,Mitsubishi Heavy Industries: M701S(DA),other/unspecified,CCGT,Hebei Shougang Qian'an Iron and Steel Co Ltd [100%],,,,,Hebei,Western Industrial Zone,GEM-GOGPT,,,,,,,,,,,
GOGPT_xiangyanggcldistribute_china,Xiangyang GCL Distributed Gas power station,China,CHN,32.187683,112.113362,150.0,,,2,True,,,CCGT,GCL Energy Technology Co Ltd [100%],,,,,Hubei,Huopai Town,GEM-GOGPT,,,,,,,,,,,
GOGPT_estrelladelmariii_domini,Estrella del Mar III power station,Dominican Republic,DOM,18.48307,'-69.88298,150.0,2022,operating,1,False,,,CCGT,Transcontinental Capital Corporation (Bermuda) Ltd [100%],,,,,Santo Domingo,Río Ozama,GEM-GOGPT,,,,,,,,,,,
GOGPT_kuriematiscc_egypt,Kuriemat ISCC power plant,Egypt,EGY,29.408333,31.252778,150.0,2011,operating,1,False,,,CCGT,New and Renewable Energy Authority [100%],,,,,Giza,Al Kuraymat,GEM-GOGPT,,,,,,,,,,,
GOGPT_kalimantan1_indone,Kalimantan 1 power station,Indonesia,IDN,0.5,114.5,150.0,2028,announced,1,False,,,CCGT,PT PLN (Persero),,,,,Kalimantan,,GEM-GOGPT,,,,,,,,,,,
GOGPT_palembangtimur_indone,Palembang Timur power station,Indonesia,IDN,'-2.926817,104.867665,150.0,2004,operating,1,False,,,CCGT,PT Asrigita Prasarana [100%],,,,,South Sumatra,Perajen,GEM-GOGPT,,,,,,,,,,,
GOGPT_sumbagsel_indone,Sumbagsel power station,Indonesia,IDN,'-3.2,104.7,150.0,2026,announced,1,False,,,CCGT,PT PLN (Persero),,,,,South Sumatra,,GEM-GOGPT,,,,,,,,,,,
GOGPT_mazandaran_iran,Mazandaran power plant,Iran,IRN,36.453056,51.300556,150.0,,,1,False,,,CCGT,Ghadir Electricity and Energy Investment Company PJSC [100%],,,,,Mazandaran,Musa Abad,GEM-GOGPT,,,,,,,,,,,
GOGPT_zimoversaricombinedcyc_iran,Zimover Sari Combined Cycle Power Plant,Iran,IRN,29.168352,54.621345,150.0,2027,construction,1,False,,,CCGT,Neyriz Ghadir Steel Co,,,,,Fars,Qatruyeh,GEM-GOGPT,,,,,,,,,,,
GOGPT_taraz_kazakh,Taraz power station,Kazakhstan,KAZ,42.897487,71.395809,150.0,2028,pre-construction,1,False,,,CCGT,GasEnergyQz LLP [100%],,,,,Jambyl,Taraz,GEM-GOGPT,,,,,,,,,,,
GOGPT_melakarefinery_malays,Melaka Refinery power station,Malaysia,MYS,2.2704,102.1306,150.0,2008,operating,1,True,,,CCGT,Petroliam Nasional Bhd [100%],,,,,Malacca,Sungai Udang,GEM-GOGPT,,,,,,,,,,,
GOGPT_poloi_mexico,Polo I power station,Mexico,MEX,20.136009,'-99.968492,150.0,,,1,False,,,CCGT,Ingeniería Nebri SAPI de CV [100%],,,,,México,Aculco,GEM-GOGPT,,,,,,,,,,,
GOGPT_tecatecc_mexico,Tecate CC power station,Mexico,MEX,32.569103,'-115.904467,150.0,2026,construction,1,False,"Siemens Energy: SGT-800, Siemens Energy: SGT-800, Siemens Energy: not found",E/legacy-class,CCGT,Balaga Potencia SAPI de CV [100%],,,,,Baja California,La Rumorosa,GEM-GOGPT,,,,,,,,,,,
GOGPT_podgorica_monten,Podgorica power station,Montenegro,MNE,42.437174,19.264803,150.0,2025,,1,False,,,CCGT,Elektroprivreda Crne Gore AD [100%],,,,,Podgorica,Podgorica,GEM-GOGPT,,,,,,,,,,,
GOGPT_romagtermo_romani,Romag Termo power station,Romania,ROU,44.6778084,22.6859951,150.0,,,1,True,,,CCGT,Romgaz SA; GSP Power SRL,,,,,Mehedinti,Halânga,GEM-GOGPT,,,,,,,,,,,
WRI1062043,Budennovskaya TPP,Russia,RUS,44.8291,44.1064,149.9,2014,operating,1,False,,,CCGT,OOO LUKOIL-Stavropolenergo,,,,,Stavropol'skiy,Budennovsk,WRI,,,,,,,,,,,
CT-393,Korneuberg power station,Austria,AT,48.3317,16.3392,149.7,1983,mothballed,1,False,,,CCGT,EVN Warmekraftwerke GmbH,159830,Climate TRACE,modelled (Climate TRACE),,Lower Austria,Bisamberg,Climate TRACE,,,,,,,,,,,
USA0059093,Holland Energy Park,United States of America,USA,42.7925,'-86.0922,149.4,2017,operating,1,True,,,CCGT,City of Holland,,,,899.9,Michigan,Holland,WRI,2,False,False,False,,59093,45.9,7434,401,0.621,812.9
CT-5284,Funamachi power plant,Japan,JP,34.6294,135.4575,149.0,1999,operating,1,False,,,CCGT,Nakayama Joint Power Generation Co Ltd,221630,Climate TRACE,modelled (Climate TRACE),,Osaka,Sakai,Climate TRACE,,,,,,,,,,,
WRI1061108,Heron I,Greece,GRC,38.2801,23.3264,148.0,2004,operating,1,False,,,CCGT,Public Power Company of Greece,,,,1150.3,Central Greece,Thivai,WRI,,,,,,,,,,,
GOGPT_sanlurfaosb_trkiye,Şanlıurfa OSB power station,Türkiye,,37.1103,38.652,147.1,2011,operating,1,True,,,CCGT,Rasa Enerji Üretim AŞ [100%],,,,,Şanlıurfa,Sanliurfa,GEM-GOGPT,,,,,,,,,,,
USA0050458,Indeck Corinth Energy Center,United States of America,USA,43.25,'-73.8125,147.0,1995,operating,1,True,,,CCGT,Indeck-Corinth Ltd Partnership,226908,US EPA GHGRP,measured,582.9,New York,Corinth,WRI,1,True,False,False,,50458,44.0,7758,418,0.474,610.8
USA0001682,Cleary Flood Hybrid,United States of America,USA,41.8653,'-71.1061,146.3,1974,operating,1,False,,,CCGT,City of Taunton,31764,US EPA GHGRP,measured,33.6,Massachusetts,Berkley,WRI,1,True,False,False,,1682,29.8,11462,629,0.023,24.5
CT-5476,Pangyo CHP power station,South Korea,KR,37.3939,127.1024,146.2,2010,operating,1,True,,,CCGT,Korea District Heating Corp,163410,Climate TRACE,modelled (Climate TRACE),,Gyeonggi-do,Seongnam-si,Climate TRACE,,,,,,,,,,,
USA0000664,John R Kelly,United States of America,USA,29.6461,'-82.3208,146.1,1988,operating,1,False,,,CCGT,Gainesville Regional Utilities,328372,US EPA GHGRP,measured,485.4,Florida,Gainesville,WRI,1,False,True,False,,664,40.7,8376,452,0.552,684.5
WRI1029908,FINEX,South Korea,KOR,36.0352,129.4011,146.0,2007,operating,2,False,,,CCGT,POSCO,,,,,Gyeongsangbuk-do,Pohang,WRI,,,,,,,,,,,
GOGPT_mirafiori_italy,Mirafiori power station,Italy,ITA,45.0267,7.6308,146.0,1990,operating,1,True,,,CCGT,Edison Next SpA,,,,,Italy,,GEM-GOGPT,,,,,,,,,,,
USA0003176,Hunlock Power Station,United States of America,USA,41.2006,'-76.07,145.9,1993,operating,1,False,,,CCGT,UGI Development Co,262324,US EPA GHGRP,measured,108.8,Pennsylvania,Glen Lyon,WRI,2,True,False,False,,3176,42.1,8100,437,0.51,652.4
CT-5285,Torishima Energy Center,Japan,JP,34.6791,135.4241,145.5,2002,operating,1,False,,,CCGT,Daigas Gas and Power Solution Co Ltd,219380,Climate TRACE,modelled (Climate TRACE),,Hyogo,Amagasaki,Climate TRACE,,,,,,,,,,,
CT-5993,Energía Infra cogeneration power station,Mexico,MX,18.0814,'-94.3811,145.0,2017,operating,1,True,,,CCGT,Energía Infra SAPI de CV,316910,Climate TRACE,modelled (Climate TRACE),,Veracruz,Villa Nanchital,Climate TRACE,,,,,,,,,,,
GOGPT_estrelladelmariv_domini,Estrella del Mar IV power station,Dominican Republic,DOM,18.482358,'-69.883001,145.0,2028,announced,1,False,"Siemens Energy: SGT-800, Siemens Energy: SGT-800, Siemens Energy: SST-600",E/legacy-class,CCGT,Transcontinental Capital Corporation (Bermuda) Ltd,,,,,Santo Domingo,Río Ozama,GEM-GOGPT,,,,,,,,,,,
GOGPT_keramasanasta_indone,Keramasan Asta power station,Indonesia,IDN,'-3.030261,104.741981,145.0,2010,mothballed,1,False,,,CCGT,PT Asta Keramasan Energi [100%],,,,,Sumatra,Keramasan,GEM-GOGPT,,,,,,,,,,,
AUS0000154,Condamine A,Australia,AUS,'-26.6682,150.27,144.0,2010,operating,1,False,"Siemens Energy: SGT-800, Siemens Energy: SGT-800, Siemens Energy: SST-400, Siemens Energy: SST-400",E/legacy-class,CCGT,Queensland Gas Company,105301,Climate TRACE,modelled (Climate TRACE),849.5,Queensland,Westcourt,WRI,,,,,,,,,,,
CT-3522,Baode Coalbed Methane power station,China,CN,38.9727,110.9796,144.0,2019,operating,1,True,,,CCGT,Shanxi Baode New Thermal Power Co Ltd,104682,Climate TRACE,modelled (Climate TRACE),,Shanxi Sheng,Dongguan,Climate TRACE,,,,,,,,,,,
CT-3523,Xiyang Coalbed Methane power station,China,CN,37.5988,113.7256,144.0,2020,operating,1,False,,,CCGT,Shanxi Xiyang Guoxin Thermal Power Co Ltd,104682,Climate TRACE,modelled (Climate TRACE),,Shanxi Sheng,Leping,Climate TRACE,,,,,,,,,,,
USA0003559,Silas Ray,United States of America,USA,25.9131,'-97.5214,143.8,1993,operating,1,False,,,CCGT,Brownsville Public Utilities Board,83712,US EPA GHGRP,measured,66.0,Texas,Brownsville,WRI,1,True,True,False,,3559,27.5,12411,669,0.051,63.1
GOGPT_cay_trkiye,Cay power station,Türkiye,,38.59391,31.04345,143.0,,operating,1,True,,,CCGT,Dedeli Dogalgaz Elektrik Üretim ve Ticaret AŞ [100%],,,,,Aegean,Cay,GEM-GOGPT,,,,,,,,,,,
CT-3436,GCL Kunshan Lantian Distributed Gas power station,China,CN,31.4473,120.9037,142.1,2018,operating,2,True,Siemens Energy: SGT-800,E/legacy-class,CCGT,Kunshan GCL Lantian Distributed Energy Co Ltd,201670,Climate TRACE,modelled (Climate TRACE),,Jiangsu Sheng,Bacheng,Climate TRACE,,,,,,,,,,,
WRI1002442,Lielahti,Finland,FIN,61.4991,23.7871,142.0,1988,mothballed,2,True,,,CCGT,Tampereen Sähkölaitos,,,,,Pirkanmaa,Tampere,WRI,,,,,,,,,,,
CT-219,Porto Marghera Refinery power station,Italy,IT,45.4466,12.2557,142.0,1985,operating,1,False,,,CCGT,Eni SpA [100%],97217,Climate TRACE,modelled (Climate TRACE),,Veneto,Mestre,Climate TRACE,,,,,,,,,,,
CAN0002044,Destec - Kingston,Canada,CAN,44.2098,'-76.7247,140.0,1997,operating,1,False,,,CCGT,Northland Power,,,,,Ontario,Skatepark,WRI,,,,,,,,,,,
WRI1002896,JESI,Italy,ITA,43.5537,13.285,140.0,2001,operating,1,True,,,CCGT,Edison,,,,0.0,The Marches,Monsano,WRI,,,,,,,,,,,
WRI1002982,VERZUOLO,Italy,ITA,44.5947,7.4858,140.0,2002,operating,1,True,,,CCGT,Smurfit Kappa Group PLC [100%],,,,133.3,Piedmont,Verzuolo,WRI,,,,,,,,,,,
WRI1001633,Habibullah Coastal Power ltd. Lahore,Pakistan,PAK,30.2773,66.974,140.0,1999,operating,1,False,,,CCGT,IPP,,,,,Balochistan,Kot Malik,WRI,,,,,,,,,,,
USA0056177,Nebo Power Station,United States of America,USA,40.0614,'-111.7294,140.0,2004,operating,1,False,,,CCGT,Utah Associated Mun Power Sys,,,,419.4,Utah,Payson,WRI,1,True,True,False,,56177,42.5,8026,433,0.317,389.2
CT-3525,Jiangmen Taishan New Industrial Zone Distributed Gas power station,China,CN,22.3822,112.8237,140.0,2024,operating,2,True,"Siemens Energy: SGT-800, Hangzhou Turbine Power Group Co Ltd: SGT-800",E/legacy-class,CCGT,Jiangmen Hengjian Power Co,101773,Climate TRACE,modelled (Climate TRACE),,Guangdong,Dajiang,Climate TRACE,,,,,,,,,,,
GOGPT_leopoldau_austri,Leopoldau power station,Austria,AUT,48.2767,16.4339,140.0,1975,operating,1,True,,,CCGT,Wien Energie GmbH [100%],,,,,Vienna,Vienna,GEM-GOGPT,,,,,,,,,,,
GOGPT_glodjigbe_benin,Glo Djigbé power plant,Benin,BEN,6.5404,2.3256,140.0,,announced,1,False,,,CCGT,Société Béninoise de Production d'Electricité,,,,,Golo-Djigbé,Golo-Djigbé,GEM-GOGPT,,,,,,,,,,,
GOGPT_guangzhoumeizhouindust_china,Guangzhou (Meizhou) Industrial Transfer Industrial Park Distributed power station,China,CHN,24.029692,115.996678,140.0,,announced,2,True,,,CCGT,,,,,,Guangdong,,GEM-GOGPT,,,,,,,,,,,
GOGPT_nusseirat_palest,Nusseirat power station,Palestine,PSE,31.455398,34.399538,140.0,2023,operating,1,False,,,CCGT,Gaza Power Generating Co [100%],,,,,Gaza,Gaza,GEM-GOGPT,,,,,,,,,,,
GOGPT_odas_trkiye,Odas power station,Türkiye,,37.19509,38.88849,140.0,2011,operating,1,False,,,CCGT,Mekel Enerji [100%],,,,,Anatolia,Sanliurfa,GEM-GOGPT,,,,,,,,,,,
USA0054915,Michigan Power LP,United States of America,USA,43.9375,'-86.425,138.1,1995,operating,1,True,,,CCGT,Michigan Power Limited Partnership,143320,Climate TRACE,modelled (Climate TRACE),1020.4,Michigan,Ludington,WRI,1,True,False,False,,54915,57.4,5947,321,0.888,1074.2
WRI1022440,RTEC1,Latvia,LVA,56.9904,24.1788,138.0,2005,operating,1,True,,,CCGT,Latvenergo AS [100%],,,,,Riga,Jaunciems,WRI,,,,,,,,,,,
CT-5537,Jaguatirica II power station,Brazil,BR,2.9616,'-60.6743,138.0,2022,operating,1,False,,,CCGT,Azulão Geração de Energia SA,163110,Climate TRACE,modelled (Climate TRACE),,Roraima,Boa Vista,Climate TRACE,,,,,,,,,,,
WRI1002946,SAN QUIRICO,Italy,ITA,44.9167,10.25,137.0,1996,operating,1,False,,,CCGT,Edison,,,,1.0,Emilia-Romagna,San Secondo Parmense,WRI,,,,,,,,,,,
CT-447,Plzen CHP power station,Czech Republic,CZ,49.7543,13.3988,137.0,2029,operating,1,True,,,CCGT,Plzeňská Teplárenská AS,419480,Climate TRACE,modelled (Climate TRACE),,Plzensky,Pilsen,Climate TRACE,,,,,,,,,,,
GOGPT_gulfvtp_thaila,Gulf VTP power station,Thailand,THA,13.003965,101.172476,137.0,2017,operating,1,True,,,CCGT,Gulf MP Company Ltd [75%]; WHA Utilities and Power PLC [25%],,,,,Rayong,Pluak Daeng,GEM-GOGPT,,,,,,,,,,,
USA0054365,Orange Cogeneration Facility,United States of America,USA,27.8708,'-81.8251,136.6,1995,operating,1,True,,,CCGT,Northern Star Generation Services Co LLC,,,,393.0,Florida,Bartow,WRI,2,False,False,False,,54365,48.5,7031,379,0.312,372.9
WRI1003852,Vologda CHP,Russia,RUS,59.195,39.9389,136.1,2011,operating,1,True,,,CCGT,"PJSC ""TGC-2""",,,,,Vologda,Vologda,WRI,,,,,,,,,,,
WRI1075564,Chemiepark Marl power station,Germany,DEU,51.6846,7.1,136.0,1974,operating,5,True,,,CCGT,Infracor GmbH,344350,Climate TRACE,modelled (Climate TRACE),,North Rhine-Westphalia,Marl,WRI,,,,,,,,,,,
WRI1001632,Gul Ahmed Energy Ltd. (GAEL),Pakistan,PAK,24.8496,67.1471,136.0,1997,,1,False,,,CCGT,IPP,,,,,Sindh,Karachi,WRI,,,,,,,,,,,
GOGPT_taha_trkiye,Taha power station,Türkiye,,37.311882,40.733017,136.0,2017,operating,1,False,,,CCGT,Bades Elektrik Üretim AŞ [100%],,,,,Mardin,Mardin,GEM-GOGPT,,,,,,,,,,,
WRI1062166,"GTES ""Kolomenskoye""",Russia,RUS,55.649,37.6411,135.9,1981,operating,1,True,,,CCGT,"LLC ""VTK-invest""",,,,,Moscow,Nagornyy,WRI,,,,,,,,,,,
USA0050799,Parlin Power Plant,United States of America,USA,40.4607,'-74.3272,135.0,1991,operating,1,False,,,CCGT,Consolidated Edison Energy  Inc.,4639,US EPA GHGRP,measured,8.1,New Jersey,Sayreville Junction,WRI,2,True,False,False,,50799,33.8,10109,545,0.02,23.8
GOGPT_frankcube_german,Frank Cube power station,Germany,DEU,50.3617428,9.3090044,135.0,2028,announced,1,True,,,CCGT,Argaman Group GmbH,,,,,Hesse,Birstein,GEM-GOGPT,,,,,,,,,,,
GOGPT_agartala_india,Agartala power plant,India,IND,23.825018,91.287056,135.0,2015,operating,1,False,,,CCGT,North Eastern Electric Power Corp Ltd [100%],,,,,Tripura,Ramchandranagar Vill - West Tripura Dist,GEM-GOGPT,,,,,,,,,,,
GOGPT_akturbo_kazakh,Akturbo power station,Kazakhstan,KAZ,50.336352,57.139243,135.0,1996,operating,1,True,,,CCGT,TNK Kazchrome JSC [100%],,,,,Aktobe,Aktobe,GEM-GOGPT,,,,,,,,,,,
GOGPT_kyaukphyupowerchina_myanma,Kyaukphyu (PowerChina) power station,Myanmar,MMR,19.422155,93.526482,135.0,2022,operating,1,False,,,CCGT,Supreme Trading Co Ltd [50%]; Sinohydro Corp Ltd [50%],,,,,Rakhine,Kyaukphyu,GEM-GOGPT,,,,,,,,,,,
USA0007546,Ponca City,United States of America,USA,36.7198,'-97.0858,134.3,1994,operating,1,False,,,CCGT,Oklahoma Municipal Power Authority,15762,US EPA GHGRP,measured,67.6,Oklahoma,Ponca City,WRI,1,True,True,False,,7546,,,,,
WRI1061109,Chania,Greece,GRC,35.488,24.0384,134.0,1998,operating,1,False,,,CCGT,Public Power Company of Greece,,,,,Crete,Nerokouros,WRI,,,,,,,,,,,
CT-270,Refineria La Rabida power station,Spain,ES,37.1815,'-6.8939,134.0,1990,operating,1,True,,,CCGT,Compañía Española de Petróleos SA,105674,Climate TRACE,modelled (Climate TRACE),,Andalusia,Palos de la Frontera,Climate TRACE,,,,,,,,,,,
USA0000675,Larsen Memorial,United States of America,USA,28.0797,'-81.9228,133.6,1980,operating,1,False,,,CCGT,City of Lakeland - (FL),,,,149.2,Florida,Combee Settlement,WRI,1,False,False,False,,676,47.2,7227,390,0.492,2349.9
USA0010294,King City Power Plant,United States of America,USA,36.225,'-121.1278,133.2,1989,operating,1,True,,,CCGT,Calpine King City Cogen LLC,7295,US EPA GHGRP,measured,161.4,California,King City,WRI,1,False,False,False,,10294,42.3,8068,434,0.051,60.1
GOGPT_luleburgazzorlu_trkiye,Luleburgaz Zorlu power station,Türkiye,,41.277524,27.588236,133.2,2010,operating,1,True,,,CCGT,Zorlu Enerji Elektrik Uretim AŞ [100%],,,,,Kırklareli,Buyukkaristiren,GEM-GOGPT,,,,,,,,,,,
GOGPT_arroyosecodreyfus_argent,Arroyo Seco Dreyfus power station,Argentina,ARG,'-33.124617,'-60.521965,133.0,2025,operating,1,True,"Siemens Energy: SGT-800, Siemens Energy: SGT-800, Siemens Energy: SST-300",E/legacy-class,CCGT,Grupo Albanesi [100%],,,,,Santa Fe,General Lagos,GEM-GOGPT,,,,,,,,,,,
GOGPT_wolfsburgnorth_german,Wolfsburg North power station,Germany,DEU,52.431703,10.786957,133.0,2021,operating,1,True,,,CCGT,VW Kraftwerk GmbH [100%],,,,,Lower Saxony,Volkswagen Wolfsburg facility,GEM-GOGPT,,,,,,,,,,,
WRI1023005,Cazenga,Angola,AGO,'-8.8383,13.2344,132.0,2025,pre-construction,1,False,,,CCGT,Empresa Nacional de Electricidade,,,,,Luanda,Luanda,WRI,,,,,,,,,,,
WRI1029827,Nanshan Gas,China,CHN,18.32,109.16,132.0,1994,operating,4,False,Shanghai Electric: AE94.3A,other/unspecified,CCGT,Huaneng Hainan Power Inc,204260,Climate TRACE,modelled (Climate TRACE),,Hainan,Yacheng,WRI,,,,,,,,,,,
WRI1005723,GuD-Ikw Staßfurt,Germany,DEU,51.8655,11.5738,132.0,1996,operating,1,True,,,CCGT,KWG-Kraftwerksgesellschaft Staßfurt mbH,,,,,Saxony-Anhalt,Stassfurt,WRI,,,,,,,,,,,
WRI1019490,Bowin Clean Energy,Thailand,THA,13.0505,101.0859,132.0,2017,operating,1,True,,,CCGT,B.Grimm Power PCL [100%],,,,,Chon Buri,Ban Talat Bueng,WRI,,,,,,,,,,,
GOGPT_takoraditapco3_ghana,Takoradi (TAPCO) 3 Thermal power plant,Ghana,GHA,4.974647,'-1.657951,132.0,2013,operating,1,False,,,CCGT,Volta River Authority [100%],,,,,Western,Aboadze,GEM-GOGPT,,,,,,,,,,,
MEX0001842,Energía Azteca VIII,Mexico,MEX,21.2452,'-100.6111,131.1,2015,operating,1,False,,,CCGT,Energía Azteca VIII  S. De R. L. De C. V.,,,,,Guanajuato,San Ignacio,WRI,,,,,,,,,,,
CAN0002056,Iroquois Falls,Canada,CAN,48.7692,'-80.6666,131.0,1997,operating,1,True,,,CCGT,Hut 8 Mining Corp [100%],,,,,Ontario,Iroquois Falls,WRI,,,,,,,,,,,
CT-5881,Termocamaçari power station,Brazil,BR,'-12.6671,'-38.321,131.0,1996,operating,1,True,,,CCGT,Petróleo Brasileiro SA,,,,,Bahia,Camacari,Climate TRACE,,,,,,,,,,,
CT-6123,South Hedland power station,Australia,AU,'-20.4313,118.5463,131.0,2017,operating,1,False,,,CCGT,TransAlta Corp,158460,Climate TRACE,modelled (Climate TRACE),,Western Australia,Port Hedland,Climate TRACE,,,,,,,,,,,
GOGPT_adana_trkiye,Adana power station,Türkiye,,36.988153,35.204129,131.0,2001,operating,1,True,,,CCGT,Enerjisa Enerji Uretim AS [100%],,,,,Adana,Yolgeçen,GEM-GOGPT,,,,,,,,,,,
WRI1000870,PLTGU Bekasi Power,Indonesia,IDN,'-6.2611,107.1528,130.0,2013,operating,1,False,,,CCGT,PT. Bekasi Power/PT. Kawasan Industri Jababeka Tbk,,,,,West Java,Cikarang,WRI,,,,,,,,,,,
USA0010034,Gilroy Power Plant,United States of America,USA,37.0001,'-121.5367,130.0,1987,operating,1,True,,,CCGT,Calpine Gilroy Cogen LP,15113,US EPA GHGRP,measured,89.5,California,Gilroy,WRI,1,False,False,False,,10034,50.0,6830,368,0.069,79.1
USA0056041,Malburg,United States of America,USA,33.9986,'-118.2219,130.0,2005,operating,1,False,,,CCGT,Colorado Energy Management LLC,147403,US EPA GHGRP,measured,609.0,California,Huntington Park,WRI,2,True,False,False,,56041,40.5,8432,455,0.413,470.4
GOGPT_solvayrheinberg_german,Solvay Rheinberg power station,Germany,DEU,51.56489,6.57824,130.0,1983,operating,1,True,,,CCGT,Solvay GmbH [100%],,,,,North Rhine-Westphalia,Ossenberg,GEM-GOGPT,,,,,,,,,,,
WRI1019087,EC Rzeszów,Poland,POL,50.0646,22.0294,129.0,1980,operating,1,True,,,CCGT,Polska Grupa Energetyczna SA,232160,Climate TRACE,modelled (Climate TRACE),485.3,Subcarpathian Voivodeship,Trzebownisko,WRI,,,,,,,,,,,
CT-5474,Byeollae CHP power station,South Korea,KR,37.6723,127.1134,129.0,2012,operating,1,True,,,CCGT,Byeollae Energy Co Ltd,172110,Climate TRACE,modelled (Climate TRACE),,Gyeonggi-do,Guri-si,Climate TRACE,,,,,,,,,,,
WRI1008175,Rey,Iran,IRN,35.5207,51.4078,128.0,1978,operating,1,False,"Ansaldo Energia: GT26, Ansaldo Energia: GT26, not found: ST( not found)",F-class,CCGT,Thermal Power Plants Holding Co [100%],,,,,Tehran,Shahrak-e Emam Hasan-e Mojtaba,WRI,,,,,,,,,,,
MEX0001844,Enertek,Mexico,MEX,22.3739,'-97.8913,128.0,1998,operating,1,False,,,CCGT,Enertek  S. A. De C. V.,,,,,Tamaulipas,La Pedrera,WRI,,,,,,,,,,,
CT-3437,Puxing Clean Energy Lantian power station,China,CN,30.3903,120.1264,128.0,2006,operating,2,False,,,CCGT,Hangzhou Hupo Bluesky Natural Gas Power Generation Co Ltd,201360,Climate TRACE,modelled (Climate TRACE),,Zhejiang Sheng,Kangqiao,Climate TRACE,,,,,,,,,,,
CT-3528,Jingmen Lvdong power station,China,CN,30.9323,112.1885,128.0,2021,operating,2,True,,,CCGT,State Power Investment Group Jingmen Green Energy Co Ltd,93051,Climate TRACE,modelled (Climate TRACE),,Hubei,Duodaoshi,Climate TRACE,,,,,,,,,,,
GOGPT_namschoonebeek_nether,Nam Schoonebeek power station,Netherlands,NLD,52.680874,6.894958,128.0,2010,operating,1,True,,,CCGT,Nederlandse Aardolie Maatschappij BV [100%],,,,,Drenthe,Schoonebeek,GEM-GOGPT,,,,,,,,,,,
USA0054271,Saguaro Power,United States of America,USA,36.0417,'-115.0117,127.2,1991,operating,1,True,,,CCGT,Saguaro Power Co,70025,Climate TRACE,modelled (Climate TRACE),756.7,Nevada,Henderson,WRI,2,True,False,False,2032,54271,52.5,6494,344,0.499,555.6
WRI1061725,Voronezhskaya CHPP-2,Russia,RUS,51.6867,39.1577,127.0,1957,operating,2,True,,,CCGT,"PJSC ""Quadra - Power Generation""",,,,,Voronezj,Voronezh,WRI,,,,,,,,,,,
GOGPT_gulfnc_thaila,Gulf NC power station,Thailand,THA,14.032236,101.710998,126.5,2018,operating,1,True,,,CCGT,Gulf MP Company Ltd [100%],,,,,Prachin Buri,Nonsi,GEM-GOGPT,,,,,,,,,,,
WRI1005802,HKW Niederrad,Germany,DEU,50.0856,8.6279,126.0,2005,operating,1,True,,,CCGT,Mainova AG,,,,,Hesse,Niederrad,WRI,,,,,,,,,,,
WRI1019481,Nong Khae,Thailand,THA,14.3406,100.8673,126.0,2000,operating,1,True,,,CCGT,EGCO,,,,,Sara Buri,Nong Khae,WRI,,,,,,,,,,,
GOGPT_industrieparkzeitz_german,Industriepark Zeitz power station,Germany,DEU,51.0692,12.1959,126.0,2013,operating,1,True,,,CCGT,K+S AG [100%],,,,,Thüringen,Zeitz,GEM-GOGPT,,,,,,,,,,,
CT-4957,HPL Cogeneration power station,India,IN,22.0665,88.1029,125.6,2000,operating,1,True,,,CCGT,HPL Cogeneration Ltd,97412,Climate TRACE,modelled (Climate TRACE),,West Bengal,Haldia,Climate TRACE,,,,,,,,,,,
USA0007527,Carson Ice-Gen Project,United States of America,USA,38.4457,'-121.4624,125.5,1995,operating,1,True,,,CCGT,Sacramento Municipal Util Dist,,,,292.5,California,Laguna,WRI,1,True,False,False,,7527,44.8,7621,398,0.196,215.8
USA0054476,Sumas Power Plant,United States of America,USA,48.9905,'-122.2733,125.5,1993,operating,1,True,,,CCGT,Puget Sound Energy Inc,389614,US EPA GHGRP,measured,483.6,Washington,Sumas,WRI,1,False,False,False,,54476,42.1,8111,437,0.417,459.0
USA0054426,Mulberry Cogeneration Facility,United States of America,USA,27.8489,'-81.8775,125.3,1994,operating,1,True,,,CCGT,Northern Star Generation Services Co LLC,,,,392.6,Florida,Bartow,WRI,1,False,False,False,,54426,44.6,7655,413,0.331,363.2
WRI1002857,BUSSI,Italy,ITA,42.2002,13.8398,125.0,1994,operating,1,True,,,CCGT,Edison,,,,95.3,Abruzzo,Bussi sul Tirino,WRI,,,,,,,,,,,
WRI1002928,PORTO VIRO,Italy,ITA,45.0178,12.2408,125.0,1995,operating,1,True,,,CCGT,Edison,,,,0.0,Veneto,Porto Viro,WRI,,,,,,,,,,,
GOGPT_raahenvoima_finlan,Raahen Voima power station,Finland,FIN,64.6522,24.4252,125.0,2016,operating,1,False,,,CCGT,Raahen Voima Oy,,,,,Finland,,GEM-GOGPT,,,,,,,,,,,
GOGPT_cigliataer_trkiye,Cigli Ataer power station,Türkiye,,38.476301,27.028606,125.0,2010,operating,1,False,,,CCGT,Ataer Enerji Elektrik Uretim AŞ [100%],,,,,Izmir,Atatürk,GEM-GOGPT,,,,,,,,,,,
WRI1075801,Batu Hijau power station,Indonesia,IDN,'-8.9012,116.7382,124.0,1999,operating,1,False,Siemens Energy: SGT-800,E/legacy-class,CCGT,Pt Newmont Nusa Tenggara,,,,,West Nusa Tenggara,Sekongkang Bawah,WRI,,,,,,,,,,,
GOGPT_gundremmingen_german,Gundremmingen power plant,Germany,DEU,48.5148109,10.4015235,124.0,,announced,1,False,,,CCGT,RWE Generation SE,,,,,Bavaria,,GEM-GOGPT,,,,,,,,,,,
GOGPT_indralaya_indone,Indralaya power station,Indonesia,IDN,'-3.206744,104.656385,124.0,2008,operating,1,False,,,CCGT,PT PLN (Persero) [100%],,,,,South Sumatra,Timbangan,GEM-GOGPT,,,,,,,,,,,
GOGPT_alexin_russia,Alexin power station,Russia,RUS,54.49288,37.036452,124.0,2019,operating,1,True,,,CCGT,RIR Energo JSC [100%],,,,,Tula Oblast,Aleksin,GEM-GOGPT,,,,,,,,,,,
ARG0000078,PATAGONIA,Argentina,ARG,'-45.7934,'-67.5145,123.7,2001,operating,1,False,,,CCGT,ENERGIA DEL SUR SA,,,,,Chubut,Comodoro Rivadavia,WRI,,,,,,,,,,,
WRI1023608,Goulette,Tunisia,TUN,36.8148,10.2897,123.0,2005,operating,1,False,,,CCGT,Tunisian Company of Electricity and Gas [100%],,,,,Tunis,La Goulette,WRI,,,,,,,,,,,
GOGPT_chaiyo_thaila,Chaiyo power station,Thailand,THA,14.69335,100.458415,123.0,2016,operating,1,True,,,CCGT,B.Grimm Power PCL [70%]; Redman Pacific Holding Pte Ltd [30%],,,,,Angthong,Chaiyo,GEM-GOGPT,,,,,,,,,,,
CAN0002093,West Windsor,Canada,CAN,42.2807,'-83.0876,122.8,1996,operating,1,False,,,CCGT,West Windsor Power,,,,,Michigan,River Rouge,WRI,,,,,,,,,,,
USA0050978,Carr Street Generating Station,United States of America,USA,43.0613,'-76.0824,122.6,1993,operating,1,False,,,CCGT,Carr Street Generating Sta LP,,,,50.2,New York,East Syracuse,WRI,2,False,False,False,,50978,35.8,9523,513,0.142,152.7
USA0050558,Frontier,United States of America,USA,35.4397,'-97.625,122.4,1989,operating,1,False,,,CCGT,Oklahoma Gas & Electric Co,283668,US EPA GHGRP,measured,236.3,Oklahoma,Bethany,WRI,1,True,False,False,,50558,41.4,8251,445,0.363,417.5
USA0054466,Orlando Cogen LP,United States of America,USA,28.4426,'-81.4123,122.4,1993,operating,1,True,,,CCGT,Orlando CoGen Ltd LP,436567,US EPA GHGRP,measured,1014.1,Florida,Sky Lake,WRI,,True,False,False,,54466,47.0,7252,391,0.952,1020.6
CAN0002060,Kirkland G1-G5,Canada,CAN,48.135,'-80.0405,122.0,1991,operating,1,False,,,CCGT,unknown [32%]; Northland Power Inc [68%],,,,,Ontario,Kirkland Lake,WRI,,,,,,,,,,,
WRI1005717,GuD Schwarzheide,Germany,DEU,51.4762,13.8891,122.0,1994,operating,2,True,,,CCGT,BASF Schwarzheide GmbH,,,,,Brandenburg,Ruhland,WRI,,,,,,,,,,,
WRI1019493,Saha Patana,Thailand,THA,13.0988,100.9606,122.0,1999,operating,1,True,,,CCGT,Sahacogen Co Ltd,,,,,Chon Buri,Ban Talat Bueng,WRI,,,,,,,,,,,
CT-3424,Beijing Zhengdong Electronic Power Group South power station,China,CN,39.9719,116.4944,122.0,2009,operating,1,True,,,CCGT,Beijing Zhengdong Electronic Power Group Co Ltd,217290,Climate TRACE,modelled (Climate TRACE),,Beijing,Wangjing,Climate TRACE,,,,,,,,,,,
GOGPT_tenarisdalmine_italy,Tenaris Dalmine power station,Italy,ITA,45.63919,9.60481,122.0,2007,operating,1,True,,,CCGT,Dalmine SpA [100%],,,,,Bergamo,Dalmine,GEM-GOGPT,,,,,,,,,,,
USA0054114,Kennedy International Airport Cogen,United States of America,USA,40.6417,'-73.7778,121.2,1995,operating,1,True,,,CCGT,KIAC Partners,,,,480.0,New York,Inwood,WRI,2,True,False,False,,54114,35.5,9618,519,0.525,557.5
GOGPT_maputo_mozamb,Maputo power station,Mozambique,MOZ,'-25.9393,32.530062,121.0,2018,operating,1,False,,,CCGT,Electricidade de Moçambique EP [100%],,,,,Maputo,Maputo,GEM-GOGPT,,,,,,,,,,,
CAN0002021,Balzac,Canada,CAN,51.1912,'-113.9424,120.0,2001,operating,1,False,,,CCGT,Encana/Nexen,,,,,Alberta,Airdrie,WRI,,,,,,,,,,,
CAN0002036,Cavalier,Canada,CAN,51.0056,'-113.1716,120.0,2001,operating,1,False,,,CCGT,Encana,,,,,Alberta,Strathmore,WRI,,,,,,,,,,,
CAN0002042,Crossfield Energy Centre,Canada,CAN,51.3972,'-114.0147,120.0,,announced,3,False,,,CCGT,Enmax Energy Corp,,,,,Alberta,Crossfield,WRI,,,,,,,,,,,
IND0000040,BASIN BRIDGE GT,India,IND,13.1021,80.2682,120.0,1996,,2,False,,,CCGT,Tamil Nadu Generation and Distribution Co Ltd [100%],,,,0.1,Tamil Nadu,George Town,WRI,,,,,,,,,,,
WRI1061489,Ramat Negev Energy,Israel,ISR,31.1498,34.7895,120.0,2015,operating,1,True,,,CCGT,Edeltech,,,,,Southern District,Beersheba,WRI,,,,,,,,,,,
WRI1023919,Bogue,Jamaica,JAM,18.4524,'-77.9183,120.0,2003,operating,1,False,GE Vernova: LM2500+,other/unspecified,CCGT,Jamaica Public Service Company,,,,,Saint James,Montego Bay,WRI,,,,,,,,,,,
CT-47,Halle Trotha power station,Germany,DE,51.4591,11.9929,120.0,2005,operating,3,True,,,CCGT,EVH GmbH [100%],155270,Climate TRACE,modelled (Climate TRACE),,Saxony-Anhalt,Halle (Saale),Climate TRACE,,,,,,,,,,,
CT-3532,China Resources Zhuhai Distributed Gas power station,China,CN,22.1499,113.1418,120.0,2022,operating,2,True,,,CCGT,China Resources Power (Zhuhai) Smart Energy Co Ltd,87234,Climate TRACE,modelled (Climate TRACE),,Guangdong,Pingsha,Climate TRACE,,,,,,,,,,,
CT-3533,Huadian Tianjin Beichen Distributed Gas power station,China,CN,39.3006,117.1905,120.0,2018,operating,2,True,,,CCGT,Tianjin Huadian Beichen Distributed Energy Co Ltd,87234,Climate TRACE,modelled (Climate TRACE),,Tianjin Shi,Dazhangzhuang,Climate TRACE,,,,,,,,,,,
CT-3534,Huadian Nanning Jiangnan Distributed Gas power station,China,CN,22.7995,108.239,120.0,2014,pre-construction,3,True,Siemens Energy: SGT-800,E/legacy-class,CCGT,Huadian Nanning New Energy Co Ltd,87234,Climate TRACE,modelled (Climate TRACE),,Guangxi Zhuangzu Zizhiqu,Nanning,Climate TRACE,,,,,,,,,,,
CT-3535,Hefei Airport Distributed Gas power station,China,CN,31.961,117.0209,120.0,2018,operating,2,True,,,CCGT,CLP Hefei Energy Co Ltd,87234,Climate TRACE,modelled (Climate TRACE),,Anhui Sheng,Shangpai,Climate TRACE,,,,,,,,,,,
CT-3536,Jiangmen Gujing Energy Service Thermal power station,China,CN,22.2718,113.0994,120.0,2024,operating,2,True,GE Vernova: 6F.01,other/unspecified,CCGT,Jiangmen Gujing Energy Service Co Ltd,87234,Climate TRACE,modelled (Climate TRACE),,Guangdong,Shadui,Climate TRACE,,,,,,,,,,,
GOGPT_cpihguigangdistributed_china,CPIH Guigang Distributed Gas power station,China,CHN,23.04153,109.633091,120.0,,,2,False,GE Power: 6F.01,other/unspecified,CCGT,CLP (Guigang) Integrated Energy Co Ltd [100%],,,,,Guangxi,Jiangnan Industrial Park,GEM-GOGPT,,,,,,,,,,,
GOGPT_cpihguipingdistributed_china,CPIH Guiping Distributed Gas power station,China,CHN,23.323588,110.069824,120.0,,,2,False,,,CCGT,Hong Kong China Power International Corp Guangzhou Representative Office [100%],,,,,Guangxi,,GEM-GOGPT,,,,,,,,,,,
GOGPT_rokhia_india,Rokhia power plant,India,IND,23.75,91.5,120.0,,announced,1,False,Siemens Energy,other/unspecified,CCGT,Tripura Power Generation Ltd,,,,,Tripura,,GEM-GOGPT,,,,,,,,,,,
GOGPT_tanjunguncang_indone,Tanjunguncang power station,Indonesia,IDN,1.090272,103.901482,120.0,2019,operating,1,False,,,CCGT,PT PLN Batam [100%],,,,,Riau Islands,Batam,GEM-GOGPT,,,,,,,,,,,
GOGPT_ilampetrochemical_iran,ILam Petrochemical power plant,Iran,IRN,33.634811,46.404357,120.0,,operating,1,False,,,CCGT,Ilam Petrochemical Co [100%],,,,,Ilam,Ilam,GEM-GOGPT,,,,,,,,,,,
GOGPT_haderapaper_israel,Hadera Paper power plant,Israel,ISR,32.457634,34.917378,120.0,2017,operating,1,False,,,CCGT,Infinya Ltd [100%],,,,,Hadera,Hadera,GEM-GOGPT,,,,,,,,,,,
GOGPT_duinomill_italy,Duino Mill power station,Italy,ITA,45.793,13.583,120.0,2009,operating,1,True,,,CCGT,Burgo Group SpA [100%],,,,,UTI Giuliana,San Giovanni di Duino,GEM-GOGPT,,,,,,,,,,,
GOGPT_cebulng_philip,Cebu LNG power station,Philippines,PHL,9.909103,123.482055,120.0,,,1,False,,,CCGT,ACE Enexor Inc [100%],,,,,Central Visayas,Argao,GEM-GOGPT,,,,,,,,,,,
GOGPT_noyabrsk_russia,Noyabrsk power station,Russia,RUS,63.186325,75.403407,120.0,2010,operating,2,True,,,CCGT,Noyabrskaya PGE LLC [100%],,,,,Yamalo-Nenets Autonomous Okrug,Noyabrsk,GEM-GOGPT,,,,,,,,,,,
GOGPT_morava_serbia,Morava power station,Serbia,SRB,44.223826,21.163148,120.0,,,1,False,,,CCGT,,,,,,Pomoravlje,Svilajnac,GEM-GOGPT,,,,,,,,,,,
GOGPT_latkrabang_thaila,Lat Krabang power station,Thailand,THA,13.759803,100.789088,120.0,2016,operating,1,True,,,CCGT,PPTC Co Ltd [100%],,,,,Bangkok,Lat Krabang,GEM-GOGPT,,,,,,,,,,,
GOGPT_siampurericecombinedcy_thaila,Siam Pure Rice Combined Cycle power station,Thailand,THA,14.849078,100.444793,120.0,2016,operating,1,True,,,CCGT,Siam Pure Rice Co Ltd [100%],,,,,Singburi,Phrom Buri,GEM-GOGPT,,,,,,,,,,,
CT-4958,Karappur Combined Cycle power plant,India,IN,11.1208,79.529,119.8,2005,operating,1,False,,,CCGT,LANCO Infratech Ltd,91029,Climate TRACE,modelled (Climate TRACE),,Tamil Nadu,Aduthurai,Climate TRACE,,,,,,,,,,,
CAN0002048,Fort Saskatchewan (TransAlta),Canada,CAN,53.736,'-113.1734,118.0,1999,operating,1,True,,,CCGT,TransAlta (30%) / Strongwater Energy Ltd (70%),,,,,Alberta,Fort Saskatchewan,WRI,,,,,,,,,,,
WRI1029904,Suwan Energy,South Korea,KOR,35.1968,126.8305,118.0,2011,operating,1,True,,,CCGT,KHDC,204520,Climate TRACE,modelled (Climate TRACE),,Gwangju,Gwangju,WRI,,,,,,,,,,,
USA0010030,Energy Center Dover,United States of America,USA,39.1495,'-75.5473,118.0,1998,operating,1,True,,,CCGT,Energy Center Dover LLC,,,,103.4,Delaware,Rodney Village,WRI,1,True,False,False,,10030,50.4,6767,367,0.106,109.2
CT-217,NuCe Sud power station,Italy,IT,37.1227,15.2181,118.0,2005,operating,1,True,,,CCGT,ERG SpA,106823,Climate TRACE,modelled (Climate TRACE),,Sicily,Citta Giardino,Climate TRACE,,,,,,,,,,,
CT-3537,Huadian Sanshui Distributed Gas power station,China,CN,23.2594,112.991,118.0,2018,operating,2,True,,,CCGT,Huadian International Power Co Ltd Guangdong Branch,85781,Climate TRACE,modelled (Climate TRACE),,Guangdong,Leping,Climate TRACE,,,,,,,,,,,
GOGPT_saki_ukrain,Saki power station,Ukraine,UKR,45.136611,33.553452,117.9,2018,operating,2,True,,,CCGT,KrymTETs [100%],,,,,Crimea,Saky,GEM-GOGPT,,,,,,,,,,,
CT-4946,Manesar Captive power plant,India,IN,28.3669,76.8952,117.5,,operating,1,False,,,CCGT,Maruti Suzuki India Ltd,126364,Climate TRACE,modelled (Climate TRACE),,Haryana,Farrukhnagar,Climate TRACE,,,,,,,,,,,
MEX0001847,Poza Rica,Mexico,MEX,20.5264,'-97.4903,117.0,2016,operating,1,False,,,CCGT,CFE,459790,Climate TRACE,modelled (Climate TRACE),,Veracruz,Ricardo Flores Magon,WRI,,,,,,,,,,,
GOGPT_senipah_indone,Senipah power station,Indonesia,IDN,'-0.987643,117.135578,117.0,2020,operating,1,False,,,CCGT,PT Kartanegara Energi Perkasa [100%],,,,,East Kalimantan,"Kutai Regency,",GEM-GOGPT,,,,,,,,,,,
WRI1003833,TPP Quadra,Russia,RUS,51.766,36.1389,116.9,2011,operating,1,True,,,CCGT,"PJSC ""Quadra - Power Generation""",,,,,Kursk,Kursk,WRI,,,,,,,,,,,
WRI1019077,EC Nowa Sarzyna,Poland,POL,50.3172,22.3237,116.0,2000,operating,1,True,,,CCGT,POLENERGIA,91433,EU ETS,measured,,Subcarpathian Voivodeship,Nowa Sarzyna,WRI,,,,,,,,,,,
GOGPT_dillingen_german,Dillingen power station,Germany,DEU,49.3512,6.7509,115.0,2009,operating,1,True,,,CCGT,AG der Dillinger Hüttenwerke AG [100%],,,,,Saarland,Dillingen,GEM-GOGPT,,,,,,,,,,,
GOGPT_smurfittownsendhook_united,Smurfit Townsend Hook power station,United Kingdom,GBR,51.32877,0.45111,115.0,2018,operating,1,True,,,CCGT,Smurfit Kappa UK Ltd [100%],,,,,Hook,Snodland,GEM-GOGPT,,,,,,,,,,,
CT-338,ROZENBURG EUROGEN,Netherlands,NL,51.8853,4.2541,114.9,1994,operating,1,True,,,CCGT,Air Liquide SA [100%],92193,Climate TRACE,modelled (Climate TRACE),,South Holland,Maassluis,Climate TRACE,,,,,,,,,,,
WRI1019464,CUP-2,Thailand,THA,12.7547,101.1637,114.0,2003,operating,1,False,,,CCGT,GPSC,,,,,Rayong,Nikhom Phattana,WRI,,,,,,,,,,,
GOGPT_huadianqianandistribut_china,Huadian Qian'an Distributed Gas power station,China,CHN,40.029447,118.75618,114.0,,,1,True,,,CCGT,Huadian Hebei Qian'an New Energy Power Generation Co Ltd [100%],,,,,Hebei,,GEM-GOGPT,,,,,,,,,,,
GOGPT_tetol_sloven,Te-Tol power station,Slovenia,SVN,46.05796,14.54513,114.0,2024,operating,2,True,Siemens Energy,other/unspecified,CCGT,Janvo Podjetje Energetika Ljubljana [100%],,,,,Ljubljana,Ljubljana,GEM-GOGPT,,,,,,,,,,,
WRI1029883,Asan Baebang CHP,South Korea,KOR,36.9909,126.7135,113.9,2027,announced,1,False,,,CCGT,Korea National Housing Corporation,,,,,Chungcheongnam-do,Tangjin,WRI,,,,,,,,,,,
USA0010342,Foster Wheeler Martinez,United States of America,USA,38.0244,'-122.0589,113.5,1987,operating,1,True,,,CCGT,Foster Wheeler Power Sys Inc,,,,691.8,California,Vine Hill,WRI,2,False,False,False,,10342,56.2,6069,322,0.482,479.5
WRI1005721,GuD-Anlage Rüsselsheim,Germany,DEU,49.992,8.4141,112.1,1999,operating,1,True,,,CCGT,Adam Opel AG,,,,,Hesse,Russelsheim,WRI,,,,,,,,,,,
WRI1019467,EGCO Cogen,Thailand,THA,14.0977,100.5727,112.0,2003,operating,2,True,,,CCGT,EGCO,,,,,Pathum Thani,Sam Khok,WRI,,,,,,,,,,,
CT-3433,Puxing Clean Energy Deneng power station,China,CN,30.5556,120.0062,112.0,2005,operating,2,False,,,CCGT,Zhejiang Deneng Gas Power Generation Co Ltd,203250,Climate TRACE,modelled (Climate TRACE),,Zhejiang Sheng,Deqing,Climate TRACE,,,,,,,,,,,
GOGPT_pataupatau_malays,Patau-Patau power station,Malaysia,MYS,5.31694,115.142799,112.0,1992,operating,1,False,,,CCGT,Sabah Electricity Sdn Bhd [100%],,,,,Sabah,Labuan,GEM-GOGPT,,,,,,,,,,,
GOGPT_denhaag_nether,Den Haag power station,Netherlands,NLD,52.07659,4.29065,112.0,1982,operating,1,True,,,CCGT,Uniper SE [100%],,,,,Zuid-Holland,Den Haag,GEM-GOGPT,,,,,,,,,,,
GOGPT_glenbrook_newzea,Glenbrook power station,New Zealand,NZL,'-37.201568,174.755057,112.0,1987,operating,1,True,,,CCGT,Alinta Energy Pty Ltd [100%],,,,,Auckland,Glenbrook,GEM-GOGPT,,,,,,,,,,,
GOGPT_maptaphutbkk_thaila,Map Ta Phut BKK power station,Thailand,THA,12.706285,101.151363,112.0,1998,operating,1,True,,,CCGT,Bangkok Cogeneration Co Ltd [100%],,,,,Rayong,Map Ta Phut,GEM-GOGPT,,,,,,,,,,,
GOGPT_izmitkosekoy_trkiye,İzmit-Köseköy power station,Türkiye,,40.773055,29.94696,112.0,2014,operating,1,True,GE Power,other/unspecified,CCGT,Entek Elektrik Üretimi AŞ [100%],,,,,Kocaeli,İzmit,GEM-GOGPT,,,,,,,,,,,
WRI1002952,SESTO SAN GIOVANNI,Italy,ITA,45.5417,9.2539,110.6,1994,operating,2,False,,,CCGT,Edison SpA [100%],,,,112.9,Lombardy,Sesto San Giovanni,WRI,,,,,,,,,,,
GEODB0045547,Bukit Panggal CCGT Power Station Brunei,Brunei Darussalam,BRN,4.8282,114.7461,110.0,2008,operating,1,False,GE Power: Frame 6B,other/unspecified,CCGT,Department of Electrical Services (Brunei) [100%],,,,,Tutong,Tutong,WRI,,,,,,,,,,,
CAN0002061,Lake Superior,Canada,CAN,46.5158,'-84.3689,110.0,1993,operating,1,True,,,CCGT,Algoma Steel Group Inc [100%],,,,,Michigan,Sault Ste. Marie,WRI,,,,,,,,,,,
WRI1001668,Guddu,Pakistan,PAK,28.4272,69.697,110.0,1974,operating,3,False,,,CCGT,Government RPP,,,,,Sindh,Kashmor,WRI,,,,,,,,,,,
WRI1061756,Astrakhanskaya GRES,Russia,RUS,46.3753,48.0881,110.0,2009,operating,2,True,,,CCGT,"OOO ""LUKOIL-Astrakhanenergo""",,,,,Astrakhan,Astrakhan',WRI,,,,,,,,,,,
GOGPT_ujpesti_hungar,Újpesti power station,Hungary,HUN,47.554,19.1023,110.0,2002,operating,1,True,,,CCGT,Budapesti Erőmű Zrt [100%],,,,,Budapest,Budapest,GEM-GOGPT,,,,,,,,,,,
GOGPT_ioclpanipat_india,IOCL Panipat cogeneration power plant,India,IND,29.467309,76.875446,110.0,2001,operating,1,True,,,CCGT,Indian Oil Corporation Ltd [100%],,,,,Haryana,Panipat district,GEM-GOGPT,,,,,,,,,,,
GOGPT_gunungmegang_indone,Gunung Megang power station,Indonesia,IDN,'-3.50702,103.800147,110.0,2014,operating,1,False,,,CCGT,PT Meppo-Gen [100%],,,,,South Sumatra,Panang Jaya,GEM-GOGPT,,,,,,,,,,,
GOGPT_lekhwair_oman,Lekhwair power station,Oman,OMN,22.842128,55.4021,110.0,2020,operating,1,False,,,CCGT,Petroleum Development Oman LLC [100%],,,,,Ad Dahahirah,Lekhwair,GEM-GOGPT,,,,,,,,,,,
GOGPT_ursus_poland,Ursus power station,Poland,POL,52.18560078,20.87370469,110.0,2029,pre-construction,1,True,,,CCGT,Veolia Energy Contracting Poland SP zoo,,,,,Warsaw,Warsaw,GEM-GOGPT,,,,,,,,,,,
GOGPT_chachoengsaonnk_thaila,Chachoengsao NNK cogeneration power station,Thailand,THA,13.736129,101.016325,110.0,2013,operating,1,False,,,CCGT,Gulf JP Co Ltd [100%],,,,,Chachoengsao,Khlong Nakhon Nueang Khet,GEM-GOGPT,,,,,,,,,,,
GOGPT_gaziantipindustrial_trkiye,Gaziantip Industrial power station,Türkiye,,36.9957,37.3841,110.0,2010,mothballed,1,False,,,CCGT,Gaziantep Organize Sanayi Bolgesi Elektrik Uretim AŞ [100%],,,,,Gaziantip,Baglabarsi,GEM-GOGPT,,,,,,,,,,,
WRI1006146,Wintershall,Germany,DEU,50.894,9.9972,109.5,1967,operating,1,True,,,CCGT,K+S AG,,,,,Hesse,Heringen,WRI,,,,,,,,,,,
WRI1020259,Kispesti Erőmű,Hungary,HUN,47.4568,19.1673,109.2,2004,operating,1,True,,,CCGT,Budapesti Erőmű Zrt [100%],,,,390.5,Budapest,Budapest XVIII. keruelet,WRI,,,,,,,,,,,
WRI1005783,HKW Erfurt-Ost,Germany,DEU,50.9848,11.0299,109.1,1999,operating,2,True,,,CCGT,SWE Energie GmbH,,,,,Thuringia,Erfurt,WRI,,,,,,,,,,,
GOGPT_silkeborgvaerket_denmar,Silkeborgvaerket power station,Denmark,DNK,56.201,9.558,108.2,1995,operating,1,True,,,CCGT,Silkeborg Forsyning A/S [100%],,,,,Midtjylland,Silkeborg,GEM-GOGPT,,,,,,,,,,,
CT-271,SAICA Mill Zaragoza power station,Spain,ES,41.6734,'-0.8704,108.1,1997,operating,3,True,,,CCGT,Industrias Celulosa Aragonesa SA,76873,Climate TRACE,modelled (Climate TRACE),,Aragon,Zaragoza,Climate TRACE,,,,,,,,,,,
WRI1005716,GuD Marienehe,Germany,DEU,54.1255,12.0819,108.0,1996,operating,1,True,,,CCGT,Stadtwerke Rostock AG,,,,,Mecklenburg-Vorpommern,Warnemuende,WRI,,,,,,,,,,,
CT-3539,China Resources Changzhou Zhonglou Distributed Energy Station,China,CN,31.8003,119.8622,108.0,2019,operating,2,True,,,CCGT,China Resources Power (Changzhou) Co Ltd,78511,Climate TRACE,modelled (Climate TRACE),,Jiangsu Sheng,Beigang,Climate TRACE,,,,,,,,,,,
CT-4949,Rithala Gas power plant,India,IN,28.7327,77.1016,108.0,2011,operating,1,False,,,CCGT,National Capital Territory of Delhi,116142,Climate TRACE,modelled (Climate TRACE),,NCT,Pitampura,Climate TRACE,,,,,,,,,,,
CT-4960,Thirumakotai Combined Cycle power plant,India,IN,10.5415,79.4507,108.0,2001,operating,1,False,,,CCGT,Tamil Nadu Power Distribution Corp Ltd,87299,Climate TRACE,modelled (Climate TRACE),,Tamil Nadu,Madukkur,Climate TRACE,,,,,,,,,,,
GOGPT_chimcomplex_romani,Chimcomplex power station,Romania,ROU,45.039955,24.297764,108.0,,pre-construction,1,True,,,CCGT,Chimcomplex SA Borzesti [100%],,,,,Valcea,Ramnicu,GEM-GOGPT,,,,,,,,,,,
USA0010617,CH Resources Beaver Falls,United States of America,USA,43.8861,'-75.4342,107.8,1995,operating,1,True,,,CCGT,Lakeside Beaver Falls LLC,2799,Climate TRACE,modelled (Climate TRACE),1.9,New York,Lowville,WRI,1,True,False,False,,10617,56.3,6065,327,0.006,5.4
AUS0000217,Worsley Cogeneration,Australia,AUS,'-33.2365,116.0637,106.0,2009,operating,1,True,,,CCGT,Worsley Alumina Pty Ltd,,,,,Western Australia,Collie,WRI,,,,,,,,,,,
GOGPT_jemeppesursambre_belgiu,Jemeppe-sur-Sambre power station,Belgium,BEL,50.44772,4.66122,106.0,2000,operating,1,True,Siemens Energy: SGT5-4000F,F-class,CCGT,Luminus NV/SA [100%],,,,,Namur,Jemeppe-sur-Sambre,GEM-GOGPT,,,,,,,,,,,
GOGPT_dongguanshijiexingning_china,Dongguan Shijie (Xingning) Industrial Transfer Industrial Park power station,China,CHN,24.173984,115.697988,106.0,,announced,2,True,,,CCGT,,,,,,Guangdong,Meizhou,GEM-GOGPT,,,,,,,,,,,
AUS0000462,Cape Lambert,Australia,AUS,'-20.6488,117.1407,105.0,2015,operating,1,False,,,CCGT,Rio Tinto Australia Pty Ltd,299870,Climate TRACE,modelled (Climate TRACE),155.9,Western Australia,Roebourne,WRI,,,,,,,,,,,
CT-5297,Ichihara power plant,Japan,JP,35.5447,140.0939,105.0,2004,operating,1,False,,,CCGT,Zero Watt Power Inc [100%],140080,Climate TRACE,modelled (Climate TRACE),,Chiba,Ichihara,Climate TRACE,,,,,,,,,,,
CT-5477,Hallim Complex power station,South Korea,KR,33.4028,126.2723,105.0,1997,operating,1,False,,,CCGT,Korea Southern Power Co Ltd,135840,Climate TRACE,modelled (Climate TRACE),,Jeju-do,Gaigeturi,Climate TRACE,,,,,,,,,,,
GOGPT_elameriyarefinery_egypt,El Ameriya Refinery power station,Egypt,EGY,31.00772,29.845,105.0,2000,operating,1,True,,,CCGT,Egyptian Petrochemicals Co [100%],,,,,Alexandria,Amreya freezone,GEM-GOGPT,,,,,,,,,,,
USA0054592,Massena Energy Facility,United States of America,USA,44.9503,'-74.8928,104.1,1992,operating,1,False,,,CCGT,Power City Partners LP,,,,1.5,New York,Massena,WRI,1,True,False,False,,54592,37.9,8998,485,0.001,0.5
WRI1002875,CTE TAMARETE,Italy,ITA,42.3496,14.4039,104.0,2013,operating,1,True,,,CCGT,Tamarete Energia,,,,174.0,Abruzzo,Ortona,WRI,,,,,,,,,,,
CT-5295,Tokyo Gas Bay power station,Japan,JP,35.4706,139.9766,102.9,2003,operating,1,False,,,CCGT,Tokyo Gas Baypower Co Ltd,153050,Climate TRACE,modelled (Climate TRACE),,Chiba,Kisarazu,Climate TRACE,,,,,,,,,,,
USA0010621,CH Resources Syracuse,United States of America,USA,43.0664,'-76.2144,102.7,1994,operating,1,False,,,CCGT,Lakeside Syracuse LLC,5660,Climate TRACE,modelled (Climate TRACE),13.6,New York,Solvay,WRI,1,True,False,False,,10621,31.9,10694,577,0.003,2.7
USA0010495,Rumford Cogeneration,United States of America,USA,44.5513,'-70.5414,102.6,1990,operating,1,False,,,CCGT,ND Paper  Inc.,,,,560.0,Maine,Rumford,WRI,1,False,False,False,,55100,45.7,7463,402,0.178,428.1
CT-3452,Ningbo Kefeng Gas Thermal power station,China,CN,29.8736,121.6489,102.5,2006,operating,2,True,,,CCGT,Ningbo Kefeng Gas Turbine Thermal Power Co Ltd,177740,Climate TRACE,modelled (Climate TRACE),,Zhejiang Sheng,Qiu'ai,Climate TRACE,,,,,,,,,,,
GEODB0045545,Berakas CCGT Power Plant Brunei,Brunei Darussalam,BRN,4.9707,114.9303,102.0,2015,operating,1,False,,,CCGT,Berakas Power Management Company Sdn Bhd [100%],,,,,Brunei and Muara,Bandar Seri Begawan,WRI,,,,,,,,,,,
GOGPT_kemsleypapermill_united,Kemsley Paper Mill power station,United Kingdom,GBR,51.36412,0.75656,101.8,1995,operating,1,True,,,CCGT,DS Smith PLC [100%],,,,,Kent,Kemsley - Sittingbourne,GEM-GOGPT,,,,,,,,,,,
USA0055043,Cherokee County Cogen,United States of America,USA,35.0727,'-81.613,101.2,1998,operating,1,True,,,CCGT,Cherokee County Cogen Partners LLC,,,,565.7,South Carolina,East Gaffney,WRI,1,False,False,False,,55043,46.4,7359,397,0.472,418.2
WRI1006131,Wedel,Germany,DEU,53.5663,9.7285,101.0,1972,operating,1,True,"Siemens Energy: SGT-800, Siemens Energy: SGT-800",E/legacy-class,CCGT,Vattenfall Europe Generation AG,,,,913.4,Schleswig-Holstein,Wedel,WRI,,,,,,,,,,,
CT-4966,Monarchak Combined Cycle power plant,India,IN,23.438,91.274,101.0,2016,operating,1,False,,,CCGT,North Eastern Electric Power Corp Ltd,81288,Climate TRACE,modelled (Climate TRACE),,Tripura,Sonamura,Climate TRACE,,,,,,,,,,,
WRI1005745,Heizkraftwerk Hafen,Germany,DEU,51.9501,7.6413,100.2,2005,operating,1,True,,,CCGT,Stadtwerke Münster GmbH,,,,,North Rhine-Westphalia,Muenster,WRI,,,,,,,,,,,
WRI1005988,Obernburg,Germany,DEU,49.8293,9.1482,100.0,1995,operating,1,True,,,CCGT,Kraftwerk Obernburg GmbH,,,,,Bavaria,Obernburg am Main,WRI,,,,,,,,,,,
WRI1008207,Zahedan,Iran,IRN,29.477,60.807,100.0,,,1,False,,,CCGT,Unit International Enerji AŞ [100%],,,,,Sistan and Baluchestan,Zahedan,WRI,,,,,,,,,,,
WRI1000263,Sepangar Bay Power Corporation (IPP),Malaysia,MYS,6.0909,116.1667,100.0,2006,operating,1,False,,,CCGT,Sepangar Bay Power Corporation Sdn Bhd [100%],,,,,Sabah,Kota Kinabalu,WRI,,,,,,,,,,,
WRI1061868,Shakhtinskaya CHPP,Russia,RUS,47.7583,40.2997,100.0,1925,operating,1,True,,,CCGT,"LLC ""Shakhty Gas Turbine Power Plant"" (Holding ""Megapolis Group"")",,,,,Rostov,Shakhty,WRI,,,,,,,,,,,
USA0054912,Martinez Refining,United States of America,USA,38.0169,'-122.1117,100.0,1995,operating,1,True,,,CCGT,Martinez Refining Co,,,,827.5,California,Mountain View,WRI,2,True,True,False,,54912,55.4,6158,327,0.887,776.8
CT-3540,Jiangsu Huafeng Microfiber Distributed Energy Station,China,CN,32.0367,121.7299,100.0,2021,operating,2,True,,,CCGT,Huafon Microfibre (Jiangsu) Co Ltd,72696,Climate TRACE,modelled (Climate TRACE),,Jiangsu Sheng,Dongyuan,Climate TRACE,,,,,,,,,,,
CT-3541,Anhui Nantian power station,China,CN,31.1694,118.1934,100.0,2022,operating,2,True,,,CCGT,Nantian Electric Power Co Ltd,72696,Climate TRACE,modelled (Climate TRACE),,Anhui Sheng,Sanshan,Climate TRACE,,,,,,,,,,,
CT-5301,Nakasode Clean power station,Japan,JP,35.454,139.9807,100.0,2008,operating,1,False,,,CCGT,Marubeni Thermal Power Co Ltd,135870,Climate TRACE,modelled (Climate TRACE),,Chiba,Kisarazu,Climate TRACE,,,,,,,,,,,
CT-5302,Shin Nakasode power station,Japan,JP,35.4543,139.982,100.0,2014,operating,1,False,,,CCGT,Shin Nakasode Power Station Co Ltd,135870,Climate TRACE,modelled (Climate TRACE),,Chiba,Kisarazu,Climate TRACE,,,,,,,,,,,
CT-5303,Shin-Minato power station,Japan,JP,35.6073,140.0763,100.0,2005,operating,1,False,,,CCGT,Zero Watt Power Inc,135870,Climate TRACE,modelled (Climate TRACE),,Chiba,Chiba,Climate TRACE,,,,,,,,,,,
GOGPT_bearcreek_canada,Bear Creek cogeneration power station,Canada,CAN,55.0712,'-118.6896,100.0,2003,operating,1,True,,,CCGT,TC Energy Corp [100%],,,,,Alberta,Grande Prairie,GEM-GOGPT,,,,,,,,,,,
GOGPT_dongguansongshanhu_china,Dongguan Songshanhu power station,China,CHN,22.9729255,113.9037333,100.0,,construction,2,True,Guanghan Turbine: H-25,other/unspecified,CCGT,China Resources Power (Dongguan) Co Ltd [100%],,,,,Guangdong,Songshan Lake,GEM-GOGPT,,,,,,,,,,,
GOGPT_borang_indone,Borang power station,Indonesia,IDN,'-2.92344,104.87107,100.0,,operating,1,False,,,CCGT,PT PLN (Persero) [100%],,,,,South Sumatra,Perajen,GEM-GOGPT,,,,,,,,,,,
GOGPT_kalbar2_indone,Kalbar-2 power station,Indonesia,IDN,0.168359,109.30447,100.0,2027,pre-construction,1,False,,,CCGT,PT PLN (Persero),,,,,West Kalimantan,"Kubu Raya regency,",GEM-GOGPT,,,,,,,,,,,
GOGPT_kalsel1_indone,Kalsel 1 power station,Indonesia,IDN,'-2.737592,114.738025,100.0,2027,announced,1,False,,,CCGT,PT PLN (Persero) [100%],,,,,South Kalimantan,,GEM-GOGPT,,,,,,,,,,,
GOGPT_codrongianos_italy,Codrongianos power station,Italy,ITA,40.65292,8.71249,100.0,1969,operating,2,True,,,CCGT,Enel SpA [100%],,,,,Sardinia,Sassari,GEM-GOGPT,,,,,,,,,,,
GOGPT_jiangbuer_kazakh,Jiangbuer power station,Kazakhstan,KAZ,42.833566,71.209224,100.0,2028,construction,2,False,,,CCGT,GES MYRZATAI LLP [100%],,,,,Jambyl,,GEM-GOGPT,,,,,,,,,,,
GOGPT_kimanisspr_malays,Kimanis SPR power station,Malaysia,MYS,5.657655,115.909262,100.0,2014,operating,1,False,,,CCGT,SPR Energy Sdn Bhd [100%],,,,,Sabah,Papar,GEM-GOGPT,,,,,,,,,,,
GOGPT_quirey_mexico,Quirey Cogen power station,Mexico,MEX,27.030267,'-103.371353,100.0,,,1,True,,,CCGT,AES México [100%],,,,,Coahuila,Laguna del Rey,GEM-GOGPT,,,,,,,,,,,
GOGPT_nooriabad_pakist,Nooriabad power plant,Pakistan,PAK,25.274038,68.486457,100.0,2017,operating,2,False,,,CCGT,Sindh Nooriabad Power Company Pvt Ltd [100%],,,,,Sindh,Nooriabad,GEM-GOGPT,,,,,,,,,,,
GOGPT_lulea_sweden,Lulea power station,Sweden,SWE,65.5716,22.082,100.0,,operating,1,True,,,CCGT,LuleKraft AB [100%],,,,,Norrbotten,Lulea,GEM-GOGPT,,,,,,,,,,,
WRI1005816,HKW West,Germany,DEU,50.0984,8.6531,99.0,1994,operating,2,True,Siemens Energy: SGT-800,E/legacy-class,CCGT,Mainova AG,,,,,Hesse,Niederrad,WRI,,,,,,,,,,,
CT-455,Červený Mlýn power station,Czech Republic,CZ,49.2162,16.6063,99.0,1998,operating,1,True,,,CCGT,Teplárny Brno AS,74713,Climate TRACE,modelled (Climate TRACE),,South Moravian,Brno,Climate TRACE,,,,,,,,,,,
GOGPT_berkprai_thaila,Berkprai cogeneration power station,Thailand,THA,13.846182,99.653583,99.0,2019,operating,1,False,,,CCGT,RATCH Group PCL [35%]; Rajburi Sugar Co Ltd [65%],,,,,Ratchaburi,Berkprai,GEM-GOGPT,,,,,,,,,,,
CT-43,Braunschweig Mitte power station,Germany,DE,52.2786,10.5147,98.4,1971,operating,2,True,,,CCGT,BS|Energy AG & Co KG,164952,Climate TRACE,modelled (Climate TRACE),,Lower Saxony,Braunschweig,Climate TRACE,,,,,,,,,,,
USA0058427,Lansing BWL REO Town Plant,United States of America,USA,42.7197,'-84.5517,98.0,2013,operating,1,True,,,CCGT,Lansing Board of Water and Light,101716,Climate TRACE,modelled (Climate TRACE),542.1,Michigan,Lansing,WRI,2,True,False,False,,58427,,,266,0.744,638.9
WRI1005891,Kraftwerk Plattling,Germany,DEU,48.7874,12.8825,97.9,2010,operating,2,True,,,CCGT,Daimler AG / UPM GmbH,204400,Climate TRACE,modelled (Climate TRACE),,Bavaria,Plattling,WRI,,,,,,,,,,,
USA0052026,Dartmouth Power Associates LP,United States of America,USA,41.6731,'-70.9994,97.4,1996,operating,1,False,,,CCGT,Morris Energy Operations Company  LLC,17608,US EPA GHGRP,measured,54.6,Massachusetts,Smith Mills,WRI,1,True,False,False,,52026,37.7,9056,495,0.071,60.5
WRI1021293,NOVEL,Italy,ITA,45.457,8.6496,97.0,2004,operating,1,True,,,CCGT,Alpiq Energia Italia SpA,97107,Climate TRACE,modelled (Climate TRACE),,Piedmont,Novara,WRI,,,,,,,,,,,
USA0007698,General Electric Plastic,United States of America,USA,32.3102,'-86.5254,97.0,1999,operating,1,True,,,CCGT,Alabama Power Co,,,,408.0,Alabama,Hayneville,WRI,1,True,False,False,,7698,,,241,0.583,495.6
CT-5999,CELCSA cogeneration power station,Mexico,MX,18.0393,'-94.5972,97.0,2014,operating,1,True,,,CCGT,ContourGlobal Terra 3 SARL,235120,Climate TRACE,modelled (Climate TRACE),,Veracruz,Hermenegildo J. Aldana,Climate TRACE,,,,,,,,,,,
GOGPT_uzkorchemical_uzbeki,Uz-Kor Gas Chemical power station,Uzbekistan,UZB,41.330526,69.26537,96.8,2015,operating,1,True,"Siemens Energy: SGT-700, Siemens Energy: SGT-400",E/legacy-class,CCGT,Uz-Kor Gas Chemical LLC [100%],,,,,Tashkent,Tashkent,GEM-GOGPT,,,,,,,,,,,
WRI1005572,ADS-Anlage,Germany,DEU,50.0918,8.5311,96.5,2012,operating,4,True,Siemens Energy: SGT-800,E/legacy-class,CCGT,Infraserv GmbH & Co. Höchst KG,,,,,Hesse,Kelsterbach,WRI,,,,,,,,,,,
USA0054349,Nevada Cogen Associates 2 Black Mountain,United States of America,USA,36.2253,'-114.8783,96.3,1992,operating,1,True,,,CCGT,Nevada Cogeneration Assoc # 2,99949,Climate TRACE,modelled (Climate TRACE),706.9,Nevada,Nellis Air Force Base,WRI,3,True,False,False,2030,54349,49.4,6903,366,0.824,695.3
WRI1000390,Changbin,Taiwan,TWN,23.3167,121.4566,96.0,2007,operating,1,False,,,CCGT,Star Energy Power Corp [100%],,,,,Taiwan,Taitung,WRI,,,,,,,,,,,
CT-218,Cassino power station,Italy,IT,41.4759,13.7516,96.0,1997,operating,1,True,,,CCGT,Serene SpA,100811,Climate TRACE,modelled (Climate TRACE),,Latium,Piedimonte San Germano,Climate TRACE,,,,,,,,,,,
CT-4968,Kuttalam Combined Cycle power plant,India,IN,11.0343,79.5852,96.0,2004,operating,1,False,,,CCGT,Tamil Nadu Power Distribution Corp Ltd,75909,Climate TRACE,modelled (Climate TRACE),,Tamil Nadu,Mayiladuthurai,Climate TRACE,,,,,,,,,,,
CT-272,Cartagena Refinery power station,Spain,ES,37.7043,'-1.0999,95.9,2002,operating,1,True,,,CCGT,SABIC Innovative Plastics España SA,74168,Climate TRACE,modelled (Climate TRACE),,Murcia,Fuente-Alamo de Murcia,Climate TRACE,,,,,,,,,,,
WRI1005749,Heizkraftwerk Karlstraße 2,Germany,DEU,50.7338,7.0805,95.0,2013,operating,1,True,,,CCGT,Energie- und Wasserversorgung Bonn/Rhein-Sieg GmbH,,,,,North Rhine-Westphalia,Bonn,WRI,,,,,,,,,,,
WRI1020262,Debreceni Kombináltciklusú Erőmű,Hungary,HUN,47.5185,21.6329,95.0,2000,operating,1,True,,,CCGT,Veolia Víz Tanacsado Zrt [100%],,,,,Hajdu-Bihar,Debrecen,WRI,,,,,,,,,,,
WRI1021298,TERNI,Italy,ITA,42.554,12.6176,95.0,2000,operating,1,False,,,CCGT,Edison SpA [100%],25753,EU ETS,measured,,Umbria,Terni,WRI,,,,,,,,,,,
USA0054350,Nevada Cogen Assoc#1 GarnetVly,United States of America,USA,36.3432,'-114.9207,94.8,1992,operating,1,True,,,CCGT,Nevada Cogeneration Assoc # 1,98394,Climate TRACE,modelled (Climate TRACE),709.6,Nevada,Nellis Air Force Base,WRI,3,True,False,False,2032,54350,47.7,7147,379,0.86,714.0
GOGPT_winningtonbrunner_united,Winnington Brunner power station,United Kingdom,GBR,53.26702,'-2.53098,94.0,2000,operating,1,True,,,CCGT,Winnington CHP Ltd [100%],,,,,Cheshire,Winnington,GEM-GOGPT,,,,,,,,,,,
GOGPT_wissingtonsugarfactory_united,Wissington Sugar Factory power station,United Kingdom,GBR,52.55058,0.44864,93.0,1999,operating,1,True,,,CCGT,British Sugar PLC [100%],,,,,Norfolk,Kings Lynn,GEM-GOGPT,,,,,,,,,,,
CAN1060264,East Windsor Cogeneration,Canada,CAN,42.3258,'-83.0005,92.0,2009,operating,1,True,,,CCGT,SaskPower,,,,,Ontario,Windsor,WRI,,,,,,,,,,,
WRI1061369,Thakayta,Myanmar,MMR,16.81,96.226,92.0,1990,operating,1,False,,,CCGT,Maxpower Thaketa Co Ltd [100%],,,,568.0,Yangon,Syriam,WRI,,,,,,,,,,,
CT-224,Malpensa power station,Italy,IT,45.6181,8.7175,91.5,2008,operating,1,True,,,CCGT,A2A Airport Energy SpA,90744,Climate TRACE,modelled (Climate TRACE),,Lombardy,Vizzola Ticino,Climate TRACE,,,,,,,,,,,
USA0054076,Indeck Olean Energy Center,United States of America,USA,42.0859,'-78.4543,90.6,1994,operating,1,True,,,CCGT,Indeck-Olean Ltd Partnership,17796,US EPA GHGRP,measured,116.6,New York,Saint Bonaventure,WRI,1,True,False,False,,54076,38.1,8963,484,0.127,100.5
USA0006358,Hutchinson Plant #2,United States of America,USA,44.8889,'-94.3493,90.5,1995,operating,1,False,,,CCGT,Hutchinson Utilities Comm,104309,Climate TRACE,modelled (Climate TRACE),15.6,Minnesota,Hutchinson,WRI,1,False,False,False,,6358,29.3,11642,628,0.019,15.1
GEODB0041946,Bulo Bulo OCGT Power Plant Bolivia,Bolivia,BOL,'-17.2424,'-64.5409,90.0,2014,operating,3,False,"Siemens Energy: SGT-800, Siemens Energy: SGT-800, Siemens Energy: SST-400",E/legacy-class,CCGT,Chaco Energías SA [100%],,,,,Santa Cruz,Comarapa,WRI,,,,,,,,,,,
CAN1060359,GTAA Cogeneration,Canada,CAN,43.6911,'-79.6105,90.0,2006,operating,1,True,,,CCGT,Cartier Énergie,,,,,Ontario,Etobicoke,WRI,,,,,,,,,,,
USA0010677,CES Placerita Power Plant,United States of America,USA,34.3801,'-118.4999,90.0,1988,mothballed,1,False,,,CCGT,CES Placerita Inc,,,,,California,Santa Clarita,WRI,1,False,False,False,,10677,,,,,
GOGPT_bursakorteks_trkiye,Bursa Korteks power station,Türkiye,,40.2705,29.0739,90.0,1995,operating,1,True,,,CCGT,Zorlu Enerji Elektrik Uretim AŞ [100%],,,,,Marmara,Bursa,GEM-GOGPT,,,,,,,,,,,
USA0050852,Elmwood Park Power LLC,United States of America,USA,40.9053,'-74.1304,89.5,1989,,1,False,,,CCGT,Elmwood Park Power LLC,,,,1.3,New Jersey,Elmwood Park,WRI,,,,,,,,,,,
USA0008083,Keahole,United States of America,USA,19.7317,'-156.0283,89.1,2000,operating,1,False,,,CCGT,Hawaii Electric Light Co Inc,51515,Climate TRACE,modelled (Climate TRACE),301.9,Hawaii,Kalaoa,WRI,2,False,True,False,,8083,33.6,10156,752,0.366,285.4
GEODB0044826,Osijek TE-TO CHP Power Plant Croatia,Croatia,HRV,45.542,18.7449,89.0,1976,operating,1,True,,,CCGT,HEP-Proizvodnja doo [100%],,,,,Osjecko-Baranjska,Tenja,WRI,,,,,,,,,,,
GOGPT_cemdagakhisar_trkiye,Cemdağ Akhisar power station,Türkiye,,38.90711,27.83879,89.0,2014,operating,1,False,,,CCGT,Cemdag Aydinlatma Sanayi Ve Ticaret AŞ,,,,,Akhisar,Akhisar,GEM-GOGPT,,,,,,,,,,,
USA0054034,Rensselaer Cogen,United States of America,USA,42.6253,'-73.75,88.2,1994,operating,1,False,,,CCGT,Rensselaer Generating LLC,,,,3.5,New York,Rensselaer,WRI,1,True,False,False,,54034,38.7,8808,475,0.092,71.5
GOGPT_avezzanoburgo_italy,Avezzano Burgo power station,Italy,ITA,41.99558,13.43856,88.0,1999,operating,1,True,,,CCGT,Burgo Group SpA [100%],,,,,L'Aquila,Avezzano,GEM-GOGPT,,,,,,,,,,,
GOGPT_pulrose_isleof,Pulrose power station,Isle of Man,,54.150552,'-4.501699,87.0,2003,operating,1,False,,,CCGT,Manx Electricity Authority (MEA) [100%],,,,,Douglas,Douglas,GEM-GOGPT,,,,,,,,,,,
GEODB0044824,Zagreb El-To CHP Power Plant Croatia,Croatia,HRV,45.8069,15.9498,86.8,1980,operating,3,True,Siemens Energy,other/unspecified,CCGT,Hrvatska elektroprivreda dd [100%],,,,,Grad Zagreb,Zagreb - Centar,WRI,,,,,,,,,,,
CT-4965,BCPL Captive power plant,India,IN,27.371,94.8808,86.5,,operating,1,False,,,CCGT,Brahmaputra Cracker and Polymer Ltd,82776,Climate TRACE,modelled (Climate TRACE),,Assam,Dibrugarh,Climate TRACE,,,,,,,,,,,
GOGPT_heracasalegno_italy,Hera Casalegno power station,Italy,ITA,44.36995,11.70129,86.0,2009,operating,1,True,,,CCGT,Hera SpA [100%],,,,,Bologna,Imola,GEM-GOGPT,,,,,,,,,,,
CT-394,Salzburg Mitte power station,Austria,AT,47.8093,13.0382,85.1,2001,operating,1,True,,,CCGT,"Salzburg AG für Energie, Verkehr und Telekommunikation AG",92783,Climate TRACE,modelled (Climate TRACE),,Salzburg,Salzburg,Climate TRACE,,,,,,,,,,,
USA0054586,Tanner Street Generation,United States of America,USA,42.6321,'-71.3132,85.0,2002,,1,False,,,CCGT,Bicent Power,88221,Climate TRACE,modelled (Climate TRACE),13.3,Massachusetts,Lowell,WRI,1,True,False,False,2027,54586,36.2,9430,511,0.03,22.6
GOGPT_lillodegussa_belgiu,Lillo Degussa power station,Belgium,BEL,51.30953,4.30402,85.0,1999,operating,2,True,,,CCGT,Electrabel NV/SA [100%],,,,,Antwerp,Antwerp,GEM-GOGPT,,,,,,,,,,,
GOGPT_aktobegeneratsiyasteel_kazakh,Aktobe Generatsiya steel plant power station,Kazakhstan,KAZ,50.355117,57.145119,85.0,,pre-construction,1,False,Siemens Energy: SGT-700,E/legacy-class,CCGT,Aktobe Generatsiya LLC [100%],,,,,Aktobe region,Aktobe,GEM-GOGPT,,,,,,,,,,,
GOGPT_leiden_nether,Leiden power station,Netherlands,NLD,52.1641,4.4941,85.0,1986,operating,1,False,,,CCGT,Uniper SE [100%],,,,,Zuid-Holland,Leiden,GEM-GOGPT,,,,,,,,,,,
USA0003604,J Robert Massengale,United States of America,USA,33.6039,'-101.8408,84.0,1978,operating,1,False,,,CCGT,City of Lubbock - (TX),17086,US EPA GHGRP,measured,149.9,Texas,Lubbock,WRI,1,True,False,False,,3604,38.4,8878,479,0.023,17.1
USA0010755,Rifle Generating Station,United States of America,USA,39.5173,'-107.7299,84.0,1987,,1,False,,,CCGT,Tri-State G & T Assn  Inc,,,,18.6,Colorado,Rifle,WRI,,,,,,,,,,,
CT-4971,Matix Fertilisers Captive power plant,India,IN,23.4448,87.4915,84.0,,operating,1,False,,,CCGT,Matix Fertilisers and Chemicals Ltd,67560,Climate TRACE,modelled (Climate TRACE),,West Bengal,Sonamukhi,Climate TRACE,,,,,,,,,,,
GOGPT_emslandmill_german,Emsland Mill power station,Germany,DEU,52.97805,7.36087,84.0,2022,operating,1,True,,,CCGT,UPM-Kymmene Oyj [100%],,,,,Lower Saxony,Dörpen,GEM-GOGPT,,,,,,,,,,,
CT-216,Sarroch power station,Italy,IT,39.0963,9.0116,83.4,1970,operating,1,True,,,CCGT,Saras SpA [100%],117822,Climate TRACE,modelled (Climate TRACE),,Sardinia,Sarroch,Climate TRACE,,,,,,,,,,,
USA0007335,Richmond,United States of America,USA,39.8396,'-84.9657,82.8,1992,operating,1,True,,,CCGT,Indiana Municipal Power Agency,,,,2.5,Indiana,Centerville,WRI,,,,,,,,,,,
USA0010156,Fresno Cogen Partners,United States of America,USA,36.617,'-120.0998,82.6,2001,operating,1,True,,,CCGT,Wellhead Energy  LLC,113264,Climate TRACE,modelled (Climate TRACE),7.8,California,San Joaquin,WRI,,,,,,,,,,,
WRI1005775,HKW Barmen,Germany,DEU,51.2689,7.2003,82.0,2005,operating,1,True,,,CCGT,WSW Energie & Wasser AG,,,,,North Rhine-Westphalia,Wuppertal,WRI,,,,,,,,,,,
USA0056188,Pinelawn Power LLC,United States of America,USA,40.7366,'-73.3884,82.0,2005,operating,1,False,,,CCGT,Pinelawn Power LLC,35877,US EPA GHGRP,measured,68.9,New York,North Lindenhurst,WRI,1,True,True,False,,56188,42.0,8133,439,0.234,168.4
GOGPT_matosinhosrefinery_portug,Matosinhos Refinery power station,Portugal,PRT,41.212461,'-8.708739,82.0,2010,,1,True,,,CCGT,Galp Energia SGPS SA [100%],,,,,Matosinhos,Matosinhos,GEM-GOGPT,,,,,,,,,,,
GOGPT_krklarelialarko_trkiye,Kırklareli Alarko power station,Türkiye,,41.7781,27.1921,82.0,2010,operating,1,False,,,CCGT,Alarko-Altek Elektrik AŞ [100%],,,,,Kırklareli,Merkez,GEM-GOGPT,,,,,,,,,,,
GOGPT_lacq_france,Lacq power station,France,FRA,43.4071,'-0.6445,81.9,1995,operating,1,True,,,CCGT,Total Direct Énergie [100%],,,,,Nouvelle-Aquitane,Lacq,GEM-GOGPT,,,,,,,,,,,
GOGPT_shohadayemarvdashpetro_iran,Shohadaye Marvdash Petrochemical power plant,Iran,IRN,29.883361,52.744562,81.0,2015,operating,1,False,,,CCGT,Shiraz Petrochemical Co [100%],,,,,Fars,Marvdash,GEM-GOGPT,,,,,,,,,,,
CAN1060303,Foster Creek,Canada,CAN,55.0674,'-110.536,80.0,2003,operating,1,True,,,CCGT,AbitibiBowater,,,,,Alberta,Cold Lake,WRI,,,,,,,,,,,
WRI1000830,PLTG Gresik,Indonesia,IDN,'-7.1633,112.6615,80.0,1980,operating,1,False,,,CCGT,PLN – Java Bali Generation Unit / PT. PJB,,,,,East Java,Gresik,WRI,,,,,,,,,,,
GEODB0042639,Levice CCGT CHP Power Plant Slovakia,Slovakia,SVK,48.2022,18.597,80.0,2007,operating,1,True,,,CCGT,Veolia Energia Levice AS [100%],,,,,Nitriansky,Levice,WRI,,,,,,,,,,,
WRI1029906,Yoesu Lotte,South Korea,KOR,34.8414,127.6929,80.0,2003,announced,1,False,,,CCGT,Lotte Group,,,,,Jeollanam-do,Yeosu,WRI,,,,,,,,,,,
USA0056253,Millcreek Power Generation,United States of America,USA,37.1121,'-113.5166,80.0,2008,construction,2,False,"GE Vernova: 7HA.03, GE Vernova: STF-D650",H/J-class,CCGT,City of St George,65482,US EPA GHGRP,measured,78.4,Utah,Washington,WRI,,,,,,,,,,,
USA0050127,Signal Hill Generating LLC,United States of America,USA,33.8625,'-98.5894,80.0,1987,operating,1,False,,,CCGT,Signal Hill Generating LLC,83033,Climate TRACE,modelled (Climate TRACE),14.7,Texas,Wichita Falls,WRI,3,False,True,False,,50127,22.4,15262,809,0.007,4.8
CT-3530,"Jiangsu Lihuai Iron & Steel Co., Ltd. power project",China,CN,33.5642,118.983,80.0,2018,operating,1,True,Mitsubishi Heavy Industries: M100S,other/unspecified,CCGT,Jiangsu Lihuai Iron & Steel Co Ltd,93051,Climate TRACE,modelled (Climate TRACE),,Jiangsu Sheng,Huai'an,Climate TRACE,,,,,,,,,,,
GOGPT_crhuoshandistributed_china,CR Huoshan Distributed Gas power station,China,CHN,31.4000077,116.3681257,80.0,,pre-construction,1,True,Shanghai Electric: AE64.3,other/unspecified,CCGT,China Resources Power (Huoshan) Co Ltd [100%],,,,,Anhui,Economic Development Zone,GEM-GOGPT,,,,,,,,,,,
GOGPT_keramasanpln_indone,Keramasan PLN power station,Indonesia,IDN,'-3.031835,104.745957,80.0,2015,operating,1,False,,,CCGT,PT PLN (Persero) [100%],,,,,South Sumatra,Palembang City,GEM-GOGPT,,,,,,,,,,,
GOGPT_setubalmill_portug,Setubal Mill power station,Portugal,PRT,40.686,'-8.5894,80.0,2009,operating,1,True,,,CCGT,The Navigator Co [100%],,,,,Aveiro,Cacia,GEM-GOGPT,,,,,,,,,,,
GOGPT_petromidiarefinery_romani,Petromidia Refinery power station,Romania,ROU,44.3431,28.651,80.0,2025,operating,2,True,Siemens Energy: SGT-750,other/unspecified,CCGT,KMG International NV [100%],,,,,Constanta,Navodari,GEM-GOGPT,,,,,,,,,,,
GOGPT_lacorunarefinery_spain,La Coruna Refinery power station,Spain,ESP,43.3543,'-8.4471,80.0,2001,operating,1,False,,,CCGT,Repsol SA [100%],,,,,A Coruna,Bens,GEM-GOGPT,,,,,,,,,,,
GOGPT_utapaohybrid_thaila,U-Tapao Hybrid power station,Thailand,THA,12.674704,100.997983,80.0,2027,construction,1,True,Siemens Energy,other/unspecified,CCGT,B.Grimm Power PCL [100%],,,,,Rayong,Ban Chang District,GEM-GOGPT,,,,,,,,,,,
WRI1007287,PAPELERA GUIPUZCOANA,Spain,ESP,43.2596,'-1.9688,79.9,2008,operating,1,True,,,CCGT,PAPELERA GUIPUZCOANA DE ZICUNAGA SA,,,,,Basque Country,Hernani,WRI,,,,,,,,,,,
WRI1006062,Süd DT1,Germany,DEU,48.1351,11.582,79.7,1980,operating,2,True,,,CCGT,SWM Services GmbH,,,,,Bavaria,Munich,WRI,,,,,,,,,,,
GEODB0044825,Jertovec CCGT Power Plant Croatia,Croatia,HRV,46.0386,16.1814,78.0,1980,operating,1,False,,,CCGT,HEP-Proizvodnja doo [100%],,,,,Krapinsko-Zagorska,Marija Bistrica,WRI,,,,,,,,,,,
WRI1005712,GuD Baunatal  VW Werksgelände,Germany,DEU,51.2531,9.4379,78.0,2013,operating,1,True,,,CCGT,Volkswagen AG,,,,,Hesse,Baunatal,WRI,,,,,,,,,,,
CT-156,Lavera power station,France,FR,43.3912,4.9969,78.0,2001,operating,1,True,,,CCGT,COGETHERM,93812,Climate TRACE,modelled (Climate TRACE),,Provence-Alpes-Cote d'Azur,Port-de-Bouc,Climate TRACE,,,,,,,,,,,
USA0054637,JCO Oxides Olefins Plant,United States of America,USA,29.9635,'-93.9297,77.2,1992,construction,1,False,Mitsubishi Power: M501JAC,H/J-class,CCGT,Indorama Ventures,107235,Climate TRACE,modelled (Climate TRACE),563.3,Texas,Groves,WRI,,,,,,,,,,,
CT-61,Aalen power station,Germany,DE,48.8211,10.1181,77.0,2021,operating,1,True,,,CCGT,Papierfabrik Palm GmbH & Co KG,75443,Climate TRACE,modelled (Climate TRACE),,Baden-Wuerttemberg,Aalen,Climate TRACE,,,,,,,,,,,
CT-340,Bergen op Zoom GE power station,Netherlands,NL,51.495,4.2917,77.0,1984,,1,False,,,CCGT,SABIC Industrial Investments Co Ltd,86496,Climate TRACE,modelled (Climate TRACE),,North Brabant,Bergen op Zoom,Climate TRACE,,,,,,,,,,,
CT-3527,Ningxia West Gas Thermal power station,China,CN,38.473,106.2567,77.0,2009,operating,2,True,Siemens Energy: SGT5-2000E,E/legacy-class,CCGT,Ningxia West Thermal POWER Co Ltd,99973,Climate TRACE,modelled (Climate TRACE),,Ningxia Huizu Zizhiqu,Yinchuan,Climate TRACE,,,,,,,,,,,
GOGPT_burystedmundssugarfact_united,Bury St Edmunds Sugar Factory power station,United Kingdom,GBR,52.25567,0.72592,77.0,1999,operating,1,True,,,CCGT,British Sugar PLC [100%],,,,,Suffolk,Bury St Edmunds,GEM-GOGPT,,,,,,,,,,,
GOGPT_gajano_spain,Gajano power station,Spain,ESP,43.42204,'-3.75087,76.0,2001,operating,1,True,,,CCGT,Repsol SA [100%],,,,,Santander,Gajano,GEM-GOGPT,,,,,,,,,,,
WRI1005722,GuD-HKW Neubrandenburg,Germany,DEU,53.5745,13.2951,75.0,1997,operating,1,True,,,CCGT,Neubrandenburger Stadtwerke GmbH / VASA Kraftwerkepool GmbH und Co. KG,,,,,Mecklenburg-Vorpommern,Neubrandenburg,WRI,,,,,,,,,,,
WRI1022049,Pisco,Peru,PER,'-13.7159,'-75.9695,75.0,2010,announced,1,False,Mitsubishi Power: M501JAC,H/J-class,CCGT,Emp. de Generación Eléctrica de Arequipa S. A.,,,,524.0,Ica,Independencia,WRI,,,,,,,,,,,
CT-4981,Ramgarh Combined Cycle power plant,India,IN,27.3359,70.5375,75.0,2013,operating,1,False,,,CCGT,Rajasthan State Power Finance and Financial Services Corporation Ltd,52186,Climate TRACE,modelled (Climate TRACE),,Rajasthan,Jaisalmer,Climate TRACE,,,,,,,,,,,
GOGPT_wuhanqianhuchengdistri_china,Wuhan Qianhucheng Distributed power station,China,CHN,30.29731207,114.0534368,75.0,,pre-construction,1,True,,,CCGT,Wuhan Qianhucheng Distributed Energy Co Ltd,,,,,Hubei,Xingfuyuan Road,GEM-GOGPT,,,,,,,,,,,
CT-3550,Xinjiang Kelamayi power station,China,CN,45.6914,85.1189,74.5,1991,operating,4,True,,,CCGT,China Petroleum and Natural Gas Group LTD Xinjiang Oilfield Co,54136,Climate TRACE,modelled (Climate TRACE),,Xinjiang Uygur Zizhiqu,Baijiantan,Climate TRACE,,,,,,,,,,,
CT-341,Maastricht Mill power station,Netherlands,NL,50.858,5.6902,74.4,2007,operating,1,True,,,CCGT,Sappi Ltd,83191,Climate TRACE,modelled (Climate TRACE),,Limburg,Maastricht,Climate TRACE,,,,,,,,,,,
USA0058478,LEPA Unit No. 1,United States of America,USA,29.6911,'-91.1928,74.1,2016,operating,1,False,,,CCGT,Louisiana Energy & Power Authority,,,,158.2,Louisiana,Morgan City,WRI,1,False,True,False,,58478,42.2,8093,436,0.483,313.7
CT-62,Schildescher Straße power station,Germany,DE,52.0335,8.5391,74.0,1966,operating,3,True,,,CCGT,Stadtwerke Bielefeld GmbH,72502,Climate TRACE,modelled (Climate TRACE),,North Rhine-Westphalia,Bielefeld,Climate TRACE,,,,,,,,,,,
CT-1058,"Flint Hills Resources Pine Bend, LLC",United States,US,44.4548,'-93.0212,73.4,2019,operating,1,True,,,CCGT,Flint Hills Resources Pine Bend LLC,76182,Climate TRACE,modelled (Climate TRACE),,Minnesota,Cannon Falls,Climate TRACE,,,,,,,,,,,
GEODB0043049,Orsha Cogeneration CCGT Power Plant Belarus,Belarus,BLR,54.4809,30.3926,73.0,1998,operating,1,True,,,CCGT,Vitebskenergo RUE [100%],,,,,Vitebsk,Horad Orsha,WRI,,,,,,,,,,,
GOGPT_fortnelson_canada,Fort Nelson generating station,Canada,CAN,58.651624,'-122.695271,73.0,,operating,1,False,,,CCGT,B.C. Hydro and Power Authority [100%],,,,,British Columbia,Fort Nelson,GEM-GOGPT,,,,,,,,,,,
GOGPT_mordovcement_russia,Mordovcement power station,Russia,RUS,54.446731,45.848833,73.0,2010,operating,1,True,,,CCGT,Mordovcement JSC [100%],,,,,Mordovia,Komsomolsky,GEM-GOGPT,,,,,,,,,,,
WRI1002470,Nokia kombi,Finland,FIN,61.4667,23.5,72.0,1997,operating,1,True,,,CCGT,Leppäkosken Sähkö Oy,,,,,Pirkanmaa,Nokia,WRI,,,,,,,,,,,
USA0010190,Castleton Energy Center,United States of America,USA,42.5375,'-73.7433,72.0,1992,operating,1,False,,,CCGT,Fortistar Castleton Power,45912,US EPA GHGRP,measured,129.5,New York,Castleton-on-Hudson,WRI,1,True,False,False,,10190,36.0,9488,512,0.276,174.3
GOGPT_berkelcentrale_nether,Berkelcentrale power station,Netherlands,NLD,52.1207,6.53741,72.0,1995,operating,1,True,,,CCGT,Morgan Stanley,,,,,Gelderland,Borculo,GEM-GOGPT,,,,,,,,,,,
USA0010567,Algonquin Windsor Locks,United States of America,USA,41.9227,'-72.6255,71.0,1994,operating,1,True,,,CCGT,Algonquin Windsor Locks LLC,87638,US EPA GHGRP,measured,124.1,Connecticut,Windsor Locks,WRI,2,False,False,False,,10567,,,51,0.216,134.1
GOGPT_vianamill_portug,Viana Mill power station,Portugal,PRT,41.6998,'-8.715,71.0,2008,operating,1,True,,,CCGT,Ds Smith Paper Viana [100%],,,,,Viana de Castelo,Vila Franca,GEM-GOGPT,,,,,,,,,,,
USA0050498,Capitol District Energy Center,United States of America,USA,41.7639,'-72.6925,70.5,1988,,1,True,,,CCGT,Capitol District Energy Center,,,,6.1,Connecticut,Hartford,WRI,1,True,False,False,2025,52061,,,248,0.47,48.6
WRI1061375,Ywama,Myanmar,MMR,16.9,96.089,70.3,2014,operating,1,False,"GE Power: 6F.03, Siemens Energy: SGT5-2000E",E/legacy-class,CCGT,UPP Power (Myanmar) Ltd [100%],,,,238.0,Yangon,Yangon,WRI,,,,,,,,,,,
USA0007294,Central Energy Plant,United States of America,USA,28.4263,'-81.5809,70.0,1989,,1,False,,,CCGT,Reedy Creek Improvement Dist,70429,Climate TRACE,modelled (Climate TRACE),11.2,Florida,Bay Hill,WRI,1,True,False,False,,7294,,,,,
CT-3551,Sichuan Deyang Economic Development Zone Distributed Gas power station,China,CN,31.0755,104.3532,70.0,2024,operating,1,True,Dongfang Electric Corporation: G50,other/unspecified,CCGT,CLP (Deyang) Integrated Energy Co Ltd,50886,Climate TRACE,modelled (Climate TRACE),,Sichuan,Deyang,Climate TRACE,,,,,,,,,,,
GOGPT_gratkornmill_austri,Gratkorn Mill power station,Austria,AUT,47.13505,15.33541,70.0,2004,operating,1,True,,,CCGT,Sappi Austria Produktions GmbH & Co KG [100%],,,,,Styria,Gratkorn,GEM-GOGPT,,,,,,,,,,,
GOGPT_maasvlakteucml_nether,Maasvlakte Ucml power station,Netherlands,NLD,51.96,4.0254,70.0,2003,operating,1,True,,,CCGT,Uniper Benelux NV [100%],,,,,Zuid-Holland,Maasvlakte,GEM-GOGPT,,,,,,,,,,,
GOGPT_whareroa_newzea,Whareroa power station,New Zealand,NZL,'-39.609873,174.29859,70.0,1996,operating,1,True,,,CCGT,Fonterra/Todd JV [100%],,,,,Taranaki,Hāwera,GEM-GOGPT,,,,,,,,,,,
GOGPT_laspalmaslng_spain,Las palmas LNG power station,Spain,ESP,28.13410738,'-15.41487417,70.0,,,1,False,,,CCGT,Totisa Holdings,,,,,Gran Canaria,Las Palmas,GEM-GOGPT,,,,,,,,,,,
USA0054056,Pawtucket Power Associates,United States of America,USA,41.8615,'-71.4069,68.8,1991,,1,False,,,CCGT,Pawtucket Power Associates LP,,,,4.6,Rhode Island,Pawtucket,WRI,3,False,False,False,,3236,39.8,8578,467,0.22,991.1
WRI1023074,Port-Gentil,Gabon,GAB,'-0.7539,8.7536,68.3,2013,operating,1,False,,,CCGT,,,,,,Ogooue-Maritime,Port-Gentil,WRI,,,,,,,,,,,
CAN1060669,Ottawa Health Sciences Centre,Canada,CAN,45.4019,'-75.6557,68.0,1992,operating,1,True,,,CCGT,Enbridge,,,,,Ontario,Ottawa,WRI,,,,,,,,,,,
GBR0004260,Keadby,United Kingdom,GBR,53.6118,'-0.7637,68.0,1996,operating,2,False,Siemens Energy: SGT5-9000HL,H/J-class,CCGT,Scottish and Southern Energy (SSE),,,,,England,Eastoft,WRI,,,,,,,,,,,
CT-343,Ede power station,Netherlands,NL,52.0233,5.6599,68.0,1992,operating,1,True,,,CCGT,Akzo Nobel Nederland BV,79019,Climate TRACE,modelled (Climate TRACE),,Gelderland,Ede,Climate TRACE,,,,,,,,,,,
USA0054593,Batavia Power Plant,United States of America,USA,42.9828,'-78.1592,67.3,1992,operating,1,False,,,CCGT,Seneca Power Partners LP,3137,US EPA GHGRP,measured,9.3,New York,Batavia,WRI,1,False,False,False,,54593,34.8,9806,529,0.004,2.3
WRI1061732,Yelets Thermal Power Plant,Russia,RUS,52.5947,38.5148,67.0,1955,,1,True,,,CCGT,"PJSC ""Quadra - Power Generation""",,,,,Lipetsk,Yelets,WRI,,,,,,,,,,,
USA0007784,Allegany Cogen,United States of America,USA,42.5027,'-78.0686,67.0,1994,operating,1,False,,,CCGT,Allegany Generating Station  LLC,5778,US EPA GHGRP,measured,17.8,New York,Houghton,WRI,1,True,False,False,,7784,,,,,
USA0055977,Bluffview,United States of America,USA,36.7166,'-108.2153,67.0,2005,operating,1,False,,,CCGT,City of Farmington - (NM),195224,US EPA GHGRP,measured,398.7,New Mexico,Farmington,WRI,1,True,False,False,,55977,43.3,7875,425,0.502,294.7
GOGPT_haimawest_oman,Haima West power station,Oman,OMN,19.954732,56.267661,67.0,2002,operating,1,False,,,CCGT,Petroleum Development Oman LLC [100%],,,,,Al Wusta,Haima,GEM-GOGPT,,,,,,,,,,,
GOGPT_figueiradafozindustria_portug,Figueira da Foz Industrial Complex power station,Portugal,PRT,40.0576,'-8.8595,67.0,2000,operating,1,False,,,CCGT,The Navigator Co [100%],,,,,Coimbra,Figuerira da Foz,GEM-GOGPT,,,,,,,,,,,
USA0055558,Combined Locks Energy Center,United States of America,USA,44.2717,'-88.3011,66.5,2002,operating,1,True,,,CCGT,Appleton Coated LLC,88851,Climate TRACE,modelled (Climate TRACE),362.5,Wisconsin,Combined Locks,WRI,1,True,False,False,,55558,45.8,7455,402,0.561,327.1
WRI1005873,Kraftwerk,Germany,DEU,50.8305,6.9594,66.3,1962,operating,1,True,,,CCGT,Basell Polyolefine GmbH,,,,,North Rhine-Westphalia,Wesseling,WRI,,,,,,,,,,,
WRI1005617,BP Werk Lingen,Germany,DEU,52.5606,7.2952,66.0,1996,operating,1,True,,,CCGT,BP Europa SE,,,,,Lower Saxony,Lingen,WRI,,,,,,,,,,,
WRI1005841,Industriekraftwerk Bernburg (IKB),Germany,DEU,51.8012,11.7544,66.0,1994,operating,1,True,,,CCGT,Solvay Chemicals GmbH,,,,,Saxony-Anhalt,Bernburg,WRI,,,,,,,,,,,
USA0055369,Hamakua Energy Plant,United States of America,USA,20.0939,'-155.4711,66.0,2000,operating,1,False,,,CCGT,Hamakua Energy  LLC,36124,Climate TRACE,modelled (Climate TRACE),402.3,Hawaii,Honoka'a,WRI,2,False,False,False,,55369,38.7,8818,540,0.376,217.5
USA0054131,Fortistar North Tonawanda,United States of America,USA,43.0483,'-78.8539,65.7,1993,operating,1,True,,,CCGT,North American Energy Services,34310,US EPA GHGRP,measured,17.8,New York,North Tonawanda,WRI,1,True,False,False,,54131,47.3,7208,389,0.096,55.3
WRI1075827,Plzenska energetika ELU III,Czech Republic,CZE,49.7395,13.3455,65.0,1972,operating,1,True,,,CCGT,Plzenska Energetika As,270560,Climate TRACE,modelled (Climate TRACE),,Plzensky,Pilsen,WRI,,,,,,,,,,,
GOGPT_borisovchp_belaru,Borisov CHP power station,Belarus,BLR,54.190048,28.486291,65.0,2014,operating,1,True,,,CCGT,Minskenergo RUE [100%],,,,,Minsk Oblast,Borisov,GEM-GOGPT,,,,,,,,,,,
GOGPT_marmaracebi_trkiye,Marmara Çebi power station,Türkiye,,41.020091,29.046048,65.0,2003,operating,1,False,,,CCGT,Çebi Enerji Elektrik Üretim AŞ [100%],,,,,Istanbul,Üsküdar,GEM-GOGPT,,,,,,,,,,,
GOGPT_mersin_trkiye,Mersin power station,Türkiye,,36.8681,34.7549,65.0,2011,operating,1,True,,,CCGT,Enerjisa Enerji Uretim AS [100%],,,,,Mersin,Akdeniz,GEM-GOGPT,,,,,,,,,,,
GOGPT_isd_hungar,ISD Power station,Hungary,HUN,46.944381,18.943775,64.5,,operating,1,True,,,CCGT,ISD Power Energiatermelő és Szolgáltató Kft [100%],,,,,Budapest,Dunaujvaros,GEM-GOGPT,,,,,,,,,,,
GOGPT_miskolchold_hungar,Miskolc Hold power station,Hungary,HUN,48.09488,20.74725,64.0,2020,operating,1,True,,,CCGT,MVM MIFŰ Miskolc Heating Plant Ltd [100%],,,,,Borsod-Abaúj-Zemplén,Miskolc,GEM-GOGPT,,,,,,,,,,,
GOGPT_povazskabystrica_slovak,Považská Bystrica power station,Slovakia,SVK,49.1154,18.4246,64.0,2009,operating,1,True,,,CCGT,Teplaren Považská Bystrica sro [100%],,,,,Trencin,Považská Bystrica,GEM-GOGPT,,,,,,,,,,,
WRI1062085,Krasavinskaya GT CHPP,Russia,RUS,60.9575,46.4848,63.8,2009,operating,1,True,,,CCGT,"GEP ""Vologdaoblkommunenergo""",,,,,Vologda,Krasavino,WRI,,,,,,,,,,,
CT-66,Weig Community power station,Germany,DE,50.3211,7.2339,63.0,2013,operating,1,True,,,CCGT,Moritz J. Weig GmbH & Co KG,61725,Climate TRACE,modelled (Climate TRACE),,Rheinland-Pfalz,Mayen,Climate TRACE,,,,,,,,,,,
GOGPT_electropatagonia_argent,Electropatagonia power station,Argentina,ARG,'-45.814397,'-67.444311,63.0,2001,operating,1,False,,,CCGT,Argentine Federation of Light and Power Workers [100%],,,,,Chubut,Comodoro Rivadavia,GEM-GOGPT,,,,,,,,,,,
GOGPT_reggioemilianewpole_italy,Reggio Emilia New Energy Pole power station,Italy,ITA,44.70173,10.56823,63.0,2004,operating,1,True,,,CCGT,Iren Energia SpA [100%],,,,,Emilia-Romagna,Reggio Emilia,GEM-GOGPT,,,,,,,,,,,
GOGPT_cineales_trkiye,Cine Ales power station,Türkiye,,37.636976,27.974789,63.0,2012,operating,1,True,,,CCGT,Ales Enerji Üretim ve Tiçaret AŞ [100%],,,,,Çine,Yürükler,GEM-GOGPT,,,,,,,,,,,
GOGPT_denizlihonaz_trkiye,Denizli Honaz power station,Türkiye,,37.808975,29.257713,63.0,2013,operating,1,False,,,CCGT,Acarsoy Enerji Elektrik Üretim Sanayi ve Ticaret AŞ [100%],,,,,Denizli,Gürleyik,GEM-GOGPT,,,,,,,,,,,
USA0054694,Yuma Cogeneration Associates,United States of America,USA,32.7288,'-114.6541,62.6,1994,operating,1,True,,,CCGT,Falcon Power Operating Company,,,,59.6,Arizona,Yuma,WRI,1,True,False,False,,54694,45.8,7448,402,0.086,47.2
GOGPT_bolgiano_italy,Bolgiano power station,Italy,ITA,45.41634,9.28332,62.0,2015,operating,1,True,,,CCGT,Eni SpA [100%],,,,,Milan,San Donato Milanese,GEM-GOGPT,,,,,,,,,,,
CT-57,Wörth Palm power station,Germany,DE,49.07,8.307,61.6,2007,operating,1,True,,,CCGT,Papierfabrik Palm GmbH & Co KG,93665,Climate TRACE,modelled (Climate TRACE),,Rheinland-Pfalz,Jockgrim,Climate TRACE,,,,,,,,,,,
CT-4982,Ankleshwar Caustic Plant power station,India,IN,21.6387,73.183,61.6,1997,operating,1,False,,,CCGT,UPL Ltd,49848,Climate TRACE,modelled (Climate TRACE),,Gujarat,Ankleshwar,Climate TRACE,,,,,,,,,,,
USA0057564,Algonquin Power Sanger LLC,United States of America,USA,36.6842,'-119.5522,61.5,2008,operating,1,False,,,CCGT,Algonquin Power Sanger LLC,8237,US EPA GHGRP,measured,74.7,California,Sanger,WRI,1,False,False,False,,57564,46.1,7400,399,0.328,177.0
GOGPT_deltaenerji_trkiye,Delta Enerji power station,Türkiye,,41.291517,27.561279,61.0,2009,operating,1,False,,,CCGT,Delta Enerji Üretim ve Ticaret AŞ [100%],,,,,Kirklareli,Buyukkaristiren,GEM-GOGPT,,,,,,,,,,,
GOGPT_cerkezkoyugur_trkiye,Cerkezkoy Ugur power station,Türkiye,,41.292719,27.956255,60.2,2010,operating,1,False,,,CCGT,Uğur Enerji Üretim Ticaret ve Sanayi AŞ [100%],,,,,Çerkezköy/Tekirdağ,Karaağaç,GEM-GOGPT,,,,,,,,,,,
WRI1005711,GuD Anlage WVK,Germany,DEU,48.0202,7.8452,60.1,1998,operating,1,True,,,CCGT,Solvay Acetow GmbH,,,,,Baden-Wuerttemberg,Freiburg,WRI,,,,,,,,,,,
USA0003110,Hunterstown,United States of America,USA,39.8662,'-77.1648,60.0,1971,operating,1,False,GE Power: 7FB.04,F-class,CCGT,Hunterstown Power  LLC,1953011,US EPA GHGRP,measured,1.7,Pennsylvania,Lake Heritage,WRI,3,True,False,False,,55976,48.2,7080,382,0.752,5914.1
WRI1000154,Mubarek,Uzbekistan,UZB,39.2553,65.1528,60.0,1985,pre-construction,1,True,,,CCGT,Uzbekenergo,,,,,Qashqadaryo,Muborak,WRI,,,,,,,,,,,
CT-230,Piombino Elettra power staiton,Italy,IT,42.9445,10.5452,60.0,2003,operating,1,True,,,CCGT,Elettra Produzione SRL,48765,Climate TRACE,modelled (Climate TRACE),,Tuscany,Piombino,Climate TRACE,,,,,,,,,,,
CT-6008,Altamira Dynasol cogeneration power station,Mexico,MX,22.4452,'-97.969,60.0,2017,operating,1,True,,,CCGT,Iberdrola Generación México,138540,Climate TRACE,modelled (Climate TRACE),,Tamaulipas,Unidos Avanzamos,Climate TRACE,,,,,,,,,,,
GOGPT_laakirchenpapermill_austri,Laakirchen Paper Mill power station,Austria,AUT,47.98188,13.82166,60.0,,operating,1,True,,,CCGT,Laakirchen Papier AG [100%],,,,,Oberösterreich,Laakirchen,GEM-GOGPT,,,,,,,,,,,
GOGPT_islandproducers_bahama,Island Power Producers power station,Bahamas,,25.084567,'-77.361009,60.0,2026,announced,1,False,Siemens Energy: unknown,other/unspecified,CCGT,Island Power Producers Ltd [100%],,,,,Arawak Cay,Arawak Cay,GEM-GOGPT,,,,,,,,,,,
GOGPT_tanjungbatu_indone,Tanjung Batu power station,Indonesia,IDN,'-0.381356,117.051316,60.0,1997,operating,1,False,,,CCGT,PT PLN (Persero) [100%],,,,,East Kalimantan,Tenggarong Seberang,GEM-GOGPT,,,,,,,,,,,
GOGPT_pgesolidarity_poland,PGE Solidarity power station,Poland,POL,52.1183,20.4673,60.0,,,1,True,,,CCGT,PGE Zespol Elek Dolna Odra SA [100%],,,,,Masovian,Baranow,GEM-GOGPT,,,,,,,,,,,
GOGPT_eskisehirendustriyel_trkiye,Eskisehir Endustriyel power station,Türkiye,,39.756602,30.622159,60.0,1998,operating,1,False,,,CCGT,Eskişehir Endüstriyel Enerji AŞ [100%],,,,,Eskişehir,Odunpazarı,GEM-GOGPT,,,,,,,,,,,
GOGPT_blackburnmill_united,Blackburn Mill power station,United Kingdom,GBR,53.71818,'-2.53718,60.0,2002,operating,1,True,,,CCGT,VPI Power Ltd [100%],,,,,Lancashire,Blackburn,GEM-GOGPT,,,,,,,,,,,
USA0050451,Indeck Yerkes Energy Center,United States of America,USA,42.9671,'-78.9182,59.9,1990,operating,1,True,,,CCGT,Indeck-Yerkes Ltd Partnership,32861,US EPA GHGRP,measured,25.3,New York,Tonawanda,WRI,1,True,False,False,,50451,33.1,10304,556,0.028,14.5
CT-347,Botlek Refinery power station,Netherlands,NL,51.8741,4.2957,59.0,1991,operating,1,True,,,CCGT,Esso Nederland BV,52153,Climate TRACE,modelled (Climate TRACE),,South Holland,Spijkenisse,Climate TRACE,,,,,,,,,,,
CT-6010,Ramos cogeneration power station,Mexico,MX,25.5955,'-100.8863,59.0,2016,operating,1,True,,,CCGT,Iberdrola Generación México,136090,Climate TRACE,modelled (Climate TRACE),,Coahuila,Ramos Arizpe,Climate TRACE,,,,,,,,,,,
USA0055513,CalPeak Power Enterprise Peaker Plant,United States of America,USA,33.1219,'-117.1174,58.9,2001,operating,1,True,,,CCGT,CalPeak Power  LLC,2843,Climate TRACE,modelled (Climate TRACE),5.5,California,Escondido,WRI,2,True,False,False,,55985,48.4,7049,380,0.486,2381.5
GOGPT_sairegency_india,Sai Regency Power power plant,India,IND,9.362703,78.893266,58.0,2007,operating,1,False,,,CCGT,KSK Energy Ventures Ltd [100%],,,,,Tamil Nadu,Ramanathpuram Dist,GEM-GOGPT,,,,,,,,,,,
CT-5314,Sumitomo Chiba Food Complex cogeneration power station,Japan,JP,35.6015,140.1277,57.6,2004,operating,1,True,,,CCGT,Summit Mihama Power Corp,79232,Climate TRACE,modelled (Climate TRACE),,Chiba,Chiba,Climate TRACE,,,,,,,,,,,
USA0050450,Indeck Oswego Energy Center,United States of America,USA,43.4717,'-76.4935,57.4,1990,operating,1,True,,,CCGT,Indeck-Oswego Ltd Partnership,17012,US EPA GHGRP,measured,24.7,New York,Oswego,WRI,1,True,False,False,,50450,36.6,9324,503,0.026,13.0
GOGPT_aktobechp_kazakh,Aktobe CHP power station,Kazakhstan,KAZ,50.336398,57.140192,57.0,2023,operating,1,True,,,CCGT,Aktobe TPP JSC [100%],,,,,Aktobe,Aktobe,GEM-GOGPT,,,,,,,,,,,
GOGPT_gediz_trkiye,Gediz power station,Türkiye,,38.9652,29.3653,57.0,2013,operating,1,True,,,CCGT,HG Enerji Elektrik Uretimi Sanayi Ticaret AŞ [100%],,,,,Aegean,Gediz,GEM-GOGPT,,,,,,,,,,,
USA0050449,Indeck Silver Springs Energy Center,United States of America,USA,42.6544,'-78.0772,56.6,1991,operating,1,True,,,CCGT,Indeck-Energy Serv Silver Spg,21317,US EPA GHGRP,measured,43.1,New York,Castile,WRI,1,True,False,False,,50449,38.4,8886,479,0.034,16.9
GBR1000113,Castleford,United Kingdom,GBR,53.7259,'-1.3626,56.0,2002,,1,False,,,CCGT,E.On UK,,,,,England,Castleford,WRI,,,,,,,,,,,
GBR1000497,Grain GT,United Kingdom,GBR,51.4444,0.7114,56.0,2011,operating,3,True,GE Vernova: GT26,F-class,CCGT,Uniper UK Limited,,,,,England,Queenborough,WRI,,,,,,,,,,,
GBR1000114,Sandbach,United Kingdom,GBR,53.1623,'-2.4037,56.0,1999,,1,True,,,CCGT,E.On UK,,,,,England,Sandbach,WRI,,,,,,,,,,,
CT-3526,Guodian Binhai power station,China,CN,38.9858,117.6546,56.0,2000,operating,1,False,,,CCGT,Tianjin Binhai Electric Power Co Ltd,101630,Climate TRACE,modelled (Climate TRACE),,Tianjin Shi,Tanggu,Climate TRACE,,,,,,,,,,,
GOGPT_corluchp_trkiye,Corlu CHP power station,Türkiye,,41.138,27.8653,56.0,2007,mothballed,1,True,,,CCGT,Can Enerji Entegre Elektrik Uretim AŞ [100%],,,,,Marmara,Corlu,GEM-GOGPT,,,,,,,,,,,
USA0010169,Carson Cogeneration,United States of America,USA,33.8759,'-118.2491,55.8,1990,operating,1,False,,,CCGT,Carson Cogeneration Co,57917,Climate TRACE,modelled (Climate TRACE),24.7,California,West Rancho Dominguez,WRI,1,False,False,False,,10169,38.8,8795,474,0.056,27.2
USA0003157,Chester Generating Station,United States of America,USA,39.8301,'-75.3837,55.8,1969,,1,False,,,CCGT,Exelon Power,36649,Climate TRACE,modelled (Climate TRACE),0.2,Pennsylvania,Upland,WRI,2,True,True,False,,50410,,,265,0.311,188.8
WRI1061485,Ashgod Energy,Israel,ISR,31.1472,34.7876,55.0,2015,operating,1,True,,,CCGT,Edeltech,,,,,Southern District,Beersheba,WRI,,,,,,,,,,,
CT-2116,Castlelost Flexgen power station,Ireland,IE,53.3994,'-7.3207,55.0,2024,pre-construction,1,False,,,CCGT,Lumcloon Energy Ltd,88944,Climate TRACE,modelled (Climate TRACE),,Leinster,Rochfortbridge,Climate TRACE,,,,,,,,,,,
GOGPT_viborg_denmar,Viborg power station,Denmark,DNK,56.47377,9.41262,55.0,1996,operating,1,True,,,CCGT,Energi Viborg A/S [100%],,,,,Midtjylland,Viborg,GEM-GOGPT,,,,,,,,,,,
GOGPT_altogarda_italy,Alto Garda power station,Italy,ITA,45.886876,10.853338,55.0,2008,operating,1,True,,,CCGT,Alto Garda Power [100%],,,,,Trento,Riva del Garda,GEM-GOGPT,,,,,,,,,,,
GOGPT_monthey_switze,Monthey power station,Switzerland,CHE,46.254209,6.962048,55.0,2009,operating,1,True,,,CCGT,Alpiq AG [100%],,,,,Valais,Monthey,GEM-GOGPT,,,,,,,,,,,
GOGPT_southbangkokinternatio_thaila,South Bangkok International Airport (SBIA) power station,Thailand,THA,13.69409,100.732732,55.0,2006,operating,1,True,,,CCGT,District Cooling System and Power Plant Co Ltd [100%],,,,,Samut Prakan,Nong Prue,GEM-GOGPT,,,,,,,,,,,
GOGPT_sealsands_united,Seal Sands power station,United Kingdom,GBR,54.610203,'-1.169996,55.0,1999,operating,1,True,,,CCGT,RWE Generation UK PLC [100%],,,,,Durham,Stockton,GEM-GOGPT,,,,,,,,,,,
CT-3553,Ningbo Thermal Power Company Chunxiao Gas Thermal power station,China,CN,29.7456,121.8756,54.6,2016,operating,1,True,,,CCGT,Ningbo Thermal Power Co Ltd Beilun Chunxiao branch,39690,Climate TRACE,modelled (Climate TRACE),,Zhejiang Sheng,Xianxiang,Climate TRACE,,,,,,,,,,,
CT-6015,Bajío cogeneration power station,Mexico,MX,20.381,'-99.9777,54.2,2002,operating,2,True,,,CCGT,Iberdrola Generación México,120575,Climate TRACE,modelled (Climate TRACE),,Queretaro,San Juan del Rio,Climate TRACE,,,,,,,,,,,
USA0054667,Chino Mines,United States of America,USA,32.6956,'-108.1225,54.0,1988,operating,1,False,,,CCGT,FreePort-McMoRan-Corp-Chino Mines,,,,4.4,New Mexico,Hurley,WRI,1,True,True,False,,54667,28.2,12099,641,0.04,18.9
CT-280,Peninsular de Cogeneracion Mill power station,Spain,ES,40.2709,'-3.7681,54.0,2001,operating,1,True,,,CCGT,Peninsular Cogeneracion SA,37285,Climate TRACE,modelled (Climate TRACE),,Madrid,Fuenlabrada,Climate TRACE,,,,,,,,,,,
WRI1023166,Kingtom,Sierra Leone,SLE,8.4929,'-13.2474,53.0,2019,pre-construction,1,False,GE Power: LM2500,other/unspecified,CCGT,Karpowership,,,,,Western Area,Freetown,WRI,,,,,,,,,,,
USA0054693,York Generation Company LLC,United States of America,USA,39.9856,'-76.6762,52.2,1989,,1,False,,,CCGT,York Generation Company LLC,,,,0.0,Pennsylvania,East York,WRI,,,,,,,,,,,
WRI1005715,GuD Leuna,Germany,DEU,51.2998,12.0193,52.0,1998,operating,2,True,,,CCGT,InfraLeuna GmbH,148920,Climate TRACE,modelled (Climate TRACE),,Saxony-Anhalt,Spergau,WRI,,,,,,,,,,,
WRI1000846,PLTG Priok,Indonesia,IDN,'-6.1071,106.8716,52.0,1994,operating,4,False,,,CCGT,PT. Indonesia Power,,,,,Jakarta Raya,Jakarta,WRI,,,,,,,,,,,
WRI1023109,Nouakchott (Thermal),Mauritania,MRT,18.046,'-15.9748,51.8,2028,operating,1,False,,,CCGT,New Fortress Energy Inc [100%],,,,,Nouakchott,Nouakchott,WRI,,,,,,,,,,,
USA0004182,Seminoe,United States of America,USA,42.1561,'-106.9085,51.6,1939,pre-construction,1,False,,,CCGT,U S Bureau of Reclamation,,,,141.2,Wyoming,Rawlins,WRI,,,,,,,,,,,
CT-277,Barcelona Cartonboard power station,Spain,ES,41.4642,1.9557,51.1,1998,operating,1,True,,,CCGT,RDM Barcelona Cartonboard SAU,40413,Climate TRACE,modelled (Climate TRACE),,Catalonia,Sant Andreu de la Barca,Climate TRACE,,,,,,,,,,,
WRI1061371,Thaton,Myanmar,MMR,16.96,97.408,51.0,2019,operating,1,False,,,CCGT,Electric Power Generation Enterprise [100%],,,,300.0,Mon,Thaton,WRI,,,,,,,,,,,
WRI1061499,EC Siedlce,Poland,POL,52.1572,22.3061,51.0,2002,operating,1,True,,,CCGT,PEC Siedlce,,,,,Masovian Voivodeship,Siedlce,WRI,,,,,,,,,,,
WRI1030443,Asia Power Sapugaskanda,Sri Lanka,LKA,6.9561,79.9483,51.0,2002,operating,1,False,,,CCGT,Ceylon Electricity Board,,,,,Western,Kelaniya,WRI,,,,,,,,,,,
CT-3554,Jiangsu Changzhou Suyuan power station,China,CN,31.842,119.9632,51.0,1996,operating,1,False,,,CCGT,Changzhou Suyuan Power Generation Co Ltd,37074,Climate TRACE,modelled (Climate TRACE),,Jiangsu Sheng,Hehai,Climate TRACE,,,,,,,,,,,
CT-4979,Hazira Gas Processing Complex Captive Power station,India,IN,21.161,72.7394,51.0,2023,operating,1,False,,,CCGT,Oil and Natural Gas Corporation Ltd,54850,Climate TRACE,modelled (Climate TRACE),,Gujarat,Surat,Climate TRACE,,,,,,,,,,,
BRA0000754,Cogeração International Paper - Fases I e II,Brazil,BRA,'-22.3563,'-46.9605,50.5,1976,operating,1,False,,,CCGT,Sylvamo do Brasil Ltda,,,,,Sao Paulo,Mogi-Gaucu,WRI,,,,,,,,,,,
USA0058151,Central Utility Plant - Texas A&M,United States of America,USA,30.6178,'-96.3433,50.1,2005,operating,1,True,,,CCGT,Texas A&M  Utilities & Energy Services,46810,Climate TRACE,modelled (Climate TRACE),196.6,Texas,College Station,WRI,1,True,False,False,,58151,60.8,5614,298,0.304,120.0
WRI1008117,Asalooyeh,Iran,IRN,27.4866,52.659,50.0,2007,operating,1,False,,,CCGT,Pars Oil and Gas Co [100%],,,,,Bushehr,Bandar-e `Asaluyeh,WRI,,,,,,,,,,,
WRI1008120,Bandar Abbas,Iran,IRN,27.1467,56.1153,50.0,2002,pre-construction,1,False,,,CCGT,Hormozgan Regional Electric Co [100%],,,,,Hormozgan,Bandar 'Abbas,WRI,,,,,,,,,,,
WRI1008200,Tarasht,Iran,IRN,35.724,51.3526,50.0,1959,pre-construction,1,False,,,CCGT,Iranian Mines & Mining Industries Development & Renovation Organization [100%],,,,,Tehran,Tehran,WRI,,,,,,,,,,,
WKS0069823,Kuala Langat,Malaysia,MYS,2.745,101.56,50.0,1996,operating,1,True,,,CCGT,Kuala Langat Power Plant Sdn Bhd [75%]; Worldwide Holdings Bhd [25%],,,,,Selangor,Tanjung Sepat,WRI,,,,,,,,,,,
GBR1000115,Thornhill,United Kingdom,GBR,53.6908,'-1.6291,50.0,1998,operating,1,True,,,CCGT,E.On UK,,,,,England,Dewsbury,WRI,,,,,,,,,,,
GOGPT_plovdivnorth_bulgar,Plovdiv North power station,Bulgaria,BGR,42.18303,24.74138,50.0,2011,operating,1,True,,,CCGT,EVN Bulgaria Toplofikacia EAD [100%],,,,,Plovdiv,Plovdiv,GEM-GOGPT,,,,,,,,,,,
GOGPT_sulbagut1combinedcycle_indone,Sulbagut 1 Combined Cycle power station,Indonesia,IDN,1.657387,125.088874,50.0,2027,announced,1,False,,,CCGT,PT PLN (Persero) [100%],,,,,North Sulawesi,,GEM-GOGPT,,,,,,,,,,,
GOGPT_colognomonzese_italy,Cologno Monzese power station,Italy,ITA,45.53356,9.26311,50.0,1998,operating,1,True,,,CCGT,A2A SpA,,,,,Milan,Cologno Monzese,GEM-GOGPT,,,,,,,,,,,
GOGPT_ferrero_italy,Ferrero cogeneration power station,Italy,ITA,44.703,8.027,50.0,2006,operating,1,True,,,CCGT,Ferrero SpA [100%],,,,,Cuneo,Alba,GEM-GOGPT,,,,,,,,,,,
GOGPT_duenasmill_spain,Duenas Mill power station,Spain,ESP,41.83947,'-4.56014,50.0,2009,operating,1,True,,,CCGT,DS Smith PLC [100%],,,,,Palencia,Duenas,GEM-GOGPT,,,,,,,,,,,
GOGPT_rivne_ukrain,Rivne power station,Ukraine,UKR,50.577565,26.259336,50.0,2025,announced,1,True,,,CCGT,"Closed Undiversified Venture Fund ""Magnum"" JSC",,,,,Rivne Oblast,Rivne,GEM-GOGPT,,,,,,,,,,,
GOGPT_cepimperialvalley1_united,CE&P Imperial Valley 1 power station,United States,US,32.912778,'-115.5183,50.0,,,1,True,,,CCGT,California Ethanol & Power LLC [100%],,,,,California,Brawley,GEM-GOGPT,,,,,,,,,,,
CT-346,Helmond power station,Netherlands,NL,51.4737,5.5832,49.6,1982,operating,2,True,,,CCGT,Ennatuurlijk BV,56300,Climate TRACE,modelled (Climate TRACE),,North Brabant,Nuenen,Climate TRACE,,,,,,,,,,,
GOGPT_hutamiedziglogow_poland,Huta Miedzi Glogow power station,Poland,POL,51.6867,15.97032,49.5,2014,operating,1,True,,,CCGT,Energetyka SP zoo [100%],,,,,Dolnoslaskie,Głogów,GEM-GOGPT,,,,,,,,,,,
CT-278,Motril Mill power station,Spain,ES,36.7316,'-3.5424,49.2,2001,operating,1,True,,,CCGT,Cogeneracion Motril SA,38783,Climate TRACE,modelled (Climate TRACE),,Andalusia,El Varadero,Climate TRACE,,,,,,,,,,,
CT-279,Genfibre cogeneration power station,Spain,ES,42.681,'-2.927,48.0,2000,mothballed,1,True,,,CCGT,Montefibre Hispania SA,38273,Climate TRACE,modelled (Climate TRACE),,Castille and Leon,Miranda de Ebro,Climate TRACE,,,,,,,,,,,
GOGPT_imanta_latvia,Imanta power station,Latvia,LVA,56.96269,24.03559,48.0,2006,operating,1,True,,,CCGT,Rigas Siltums AS [100%],,,,,Riga,Riga,GEM-GOGPT,,,,,,,,,,,
CT-167,Arjowiggins Mill power station,France,FR,47.8248,0.7474,47.1,2000,,1,True,,,CCGT,Kolmi-Hopen,38283,Climate TRACE,modelled (Climate TRACE),,Pays de la Loire,Besse-sur-Braye,Climate TRACE,,,,,,,,,,,
WRI1005719,GuD-Anlage,Germany,DEU,49.9882,9.1558,47.0,2013,operating,1,True,,,CCGT,DS Smith Paper Deutschland GmbH,,,,205.9,Bavaria,Aschaffenburg,WRI,,,,,,,,,,,
WRI1006705,NEUMATICOS MICHELIN-VITORIA,Spain,ESP,42.85,'-2.6667,47.0,2000,operating,1,False,,,CCGT,ENERGYWORKS VIT-VALL  S.L.,43040,Climate TRACE,modelled (Climate TRACE),,Basque Country,Gasteiz / Vitoria,WRI,,,,,,,,,,,
GOGPT_heiderefinery_german,Heide Refinery power station,Germany,DEU,54.1577,9.0745,47.0,1999,operating,1,True,,,CCGT,Raffinerie Heide GmbH [100%],,,,,Schleswig-Holstein,Lieth,GEM-GOGPT,,,,,,,,,,,
GOGPT_nyiregyhazi_hungar,Nyíregyházi power station,Hungary,HUN,47.957,21.699,47.0,2007,operating,1,True,,,CCGT,Veolia Víz Tanacsado Zrt [100%],,,,,Szabolcs-Szatmár-Bereg,Nyiregyhaza,GEM-GOGPT,,,,,,,,,,,
USA0055950,Elk Hills Cogen,United States of America,USA,35.4791,'-119.7375,46.6,1994,operating,1,True,,,CCGT,California Resources Elk Hills LLC,,,,0.0,California,Lost Hills,WRI,,,,,,,,,,,
WRI1006678,MICHELIN VALLADOLID $$,Spain,ESP,41.6552,'-4.7237,46.0,2000,operating,1,False,,,CCGT,ENERGYWORKS VIT-VALL  S.L.,34839,Climate TRACE,modelled (Climate TRACE),,Castille and Leon,Valladolid,WRI,,,,,,,,,,,
GOGPT_aksaakrilik_trkiye,Aksa Akrilik power station,Türkiye,,40.6911294,29.4055962,45.0,,operating,1,True,,,CCGT,Aksa Akrilik Kimya Sanayii AŞ [100%],,,,,Yalova,,GEM-GOGPT,,,,,,,,,,,
GOGPT_izmircementfactory_trkiye,Izmir Cement Factory power station,Türkiye,,38.4267,27.2169,45.0,2011,operating,1,True,,,CCGT,Baticim Bati Anadolu Cimento Sanayii AŞ [100%],,,,,Aegean,Izmir,GEM-GOGPT,,,,,,,,,,,
GOGPT_palmmill_united,Palm mill power station,United Kingdom,GBR,52.733478,0.38553,45.0,2018,operating,1,True,,,CCGT,Palm Paper Ltd [100%],,,,,Norfolk,King's Lynn,GEM-GOGPT,,,,,,,,,,,
WRI1005814,HKW Schwerin Süd,Germany,DEU,53.5779,11.3965,44.9,1994,operating,1,True,,,CCGT,Energieversorgung Schwerin GmbH & Co. Erzeugung KG,,,,,Mecklenburg-Vorpommern,Feldstadt,WRI,,,,,,,,,,,
GOGPT_cornaux_switze,Cornaux power station,Switzerland,CHE,47.038673,7.042353,43.8,1988,operating,1,False,,,CCGT,Group E SA,,,,,Cornaux,Cornaux,GEM-GOGPT,,,,,,,,,,,
WRI1002204,Aalst Syral GT,Belgium,BEL,50.936,4.0355,43.0,2000,operating,1,True,,,CCGT,Electrabel NV/SA [100%],,,,,Flanders,Aalst,WRI,,,,,,,,,,,
WRI1008209,Zargan,Iran,IRN,31.3742,48.7731,43.0,1992,operating,2,False,,,CCGT,Saba Power and Energy Group [100%],,,,,Khuzestan,Ahvaz,WRI,,,,,,,,,,,
CT-234,Termica Colleferro power station,Italy,IT,41.7353,12.9707,43.0,2012,operating,1,True,,,CCGT,SECI Energia SpA,41594,Climate TRACE,modelled (Climate TRACE),,Latium,Colleferro,Climate TRACE,,,,,,,,,,,
CT-396,Wels District Heating power station,Austria,AT,48.1517,14.0075,43.0,2000,,1,True,,,CCGT,Wels Strom GmbH,50519,Climate TRACE,modelled (Climate TRACE),,Upper Austria,Thalheim bei Wels,Climate TRACE,,,,,,,,,,,
GOGPT_toplofikaciapleven_bulgar,Toplofikacia Pleven power station,Bulgaria,BGR,43.421167,24.625314,43.0,2007,operating,1,True,,,CCGT,Toplofikacia Pleven AD [100%],,,,,Pleven,Pleven,GEM-GOGPT,,,,,,,,,,,
GOGPT_sinespolimeros_portug,Sines Polimeros power station,Portugal,PRT,37.9583,'-8.8048,43.0,1981,operating,1,True,,,CCGT,Repsol Polimeros [100%],,,,,Setubal,Sines,GEM-GOGPT,,,,,,,,,,,
GOGPT_zaragozamill_spain,Zaragoza Mill power station,Spain,ESP,41.693617,'-0.825531,43.0,2011,operating,1,True,,,CCGT,Torraspapel SA [100%],,,,,Aragon,Zaragoza,GEM-GOGPT,,,,,,,,,,,
ARG0000073,PUERTO MADRYN,Argentina,ARG,'-42.7069,'-65.1048,42.0,1999,operating,2,False,,,CCGT,CT PATAGONICAS SA,,,,,Chubut,Puerto Madryn,WRI,,,,,,,,,,,
GOGPT_sora_italy,Sora power station,Italy,ITA,41.7,13.58373,42.0,2008,operating,1,True,,,CCGT,Burgo Group SpA [100%],,,,,Frosinone,Sora,GEM-GOGPT,,,,,,,,,,,
USA0002121,Carthage,United States of America,USA,37.1766,'-94.2994,41.8,1965,operating,1,False,,,CCGT,City of Carthage - (MO),,,,'-0.2,Missouri,Carthage,WRI,,,,,,,,,,,
GBR0000132,SAICA Paper Mill,United Kingdom,GBR,53.4251,'-2.4195,41.6,2013,operating,1,True,,,CCGT,GDF SUEZ ENERGY UK,,,,,England,Partington,WRI,,,,,,,,,,,
GOGPT_indoramasines_portug,Indorama Sines power station,Portugal,PRT,37.98091,'-8.82143,41.0,,operating,1,True,,,CCGT,Indorama Ventures Portugal PTA - Unipessoal Lda [100%],,,,,Setubal,Sines,GEM-GOGPT,,,,,,,,,,,
GOGPT_ostimindustrialzone_trkiye,OSTIM Industrial Zone power station,Türkiye,,39.9691,32.7488,41.0,2004,mothballed,1,True,,,CCGT,Ayen Enerji AŞ [100%],,,,,Ankara,Yenimahalle,GEM-GOGPT,,,,,,,,,,,
WRI1006381,COGENERACION REPSOL,Spain,ESP,38.6871,'-4.1073,40.8,1994,operating,1,False,,,CCGT,REPSOL PETROLEO  S.A.,,,,,Castille-La Mancha,Puertollano,WRI,,,,,,,,,,,
CT-350,Ter Apelkanaal Siem power station,Netherlands,NL,52.9215,7.044,40.5,1995,operating,1,True,,,CCGT,Royal Avebe UA,41031,Climate TRACE,modelled (Climate TRACE),,Drenthe,Emmer-Compascuum,Climate TRACE,,,,,,,,,,,
WRI1005881,Kraftwerk Grenzach-Wyhlen,Germany,DEU,47.5397,7.7069,40.0,2004,operating,1,True,,,CCGT,KGW - Kraftwerk Grenzach-Wyhlen GmbH,,,,,Aargau,Kaiseraugst,WRI,,,,,,,,,,,
GOGPT_clabecqsteelworks_belgiu,Clabecq Steel Works power station,Belgium,BEL,50.6813,4.2188,40.0,2012,mothballed,1,True,,,CCGT,NLMK Clabecq SA,,,,,Belgium,,GEM-GOGPT,,,,,,,,,,,
GOGPT_wierzchowiceugs_poland,Wierzchowice Ugs power station,Poland,POL,51.473895,17.305197,40.0,2012,operating,1,False,,,CCGT,ORLEN SA [100%],,,,,Dolnoslaskie,Wierzchowice,GEM-GOGPT,,,,,,,,,,,
GOGPT_solvaytorrelavega_spain,Solvay Torrelavega power station,Spain,ESP,43.37658,'-4.04467,40.0,2001,operating,1,True,,,CCGT,Solvay NV [100%],,,,,Cantabria,Barreda,GEM-GOGPT,,,,,,,,,,,
GOGPT_kentsa_trkiye,Kentsa power station,Türkiye,,40.764,29.9901,40.0,1997,operating,1,True,,,CCGT,Enerjisa Enerji Uretim AS [100%],,,,,Kocaeli,Izmit,GEM-GOGPT,,,,,,,,,,,
WRI1007975,TORTOSA ENERGIA,Spain,ESP,40.8125,0.5216,39.6,2011,operating,1,False,,,CCGT,TORTOSA ENERGIA  SA,55310,EU ETS,measured,,Catalonia,Tortosa,WRI,,,,,,,,,,,
GOGPT_bilecik_trkiye,Bilecik power station,Türkiye,,40.00429,29.92227,39.0,2012,operating,1,True,,,CCGT,Tekno Enerji LŞ,,,,,Marmara,Pazaryeri,GEM-GOGPT,,,,,,,,,,,
WRI1005967,Natural Gas- u. Dampfturbinenanlage Südraum,Germany,DEU,49.2137,6.9781,38.6,2012,operating,1,True,,,CCGT,ZF Friedrichshafen AG,,,,,Saarland,Saarbrucken,WRI,,,,,,,,,,,
WRI1023181,Port Sudan,Sudan,SDN,19.6158,37.2164,38.1,2018,operating,2,False,,,CCGT,Karadeniz Holding AŞ [100%],,,,,Red Sea,Port Sudan,WRI,,,,,,,,,,,
CT-285,Cotesa power station,Spain,ES,28.454,'-16.2781,38.0,1994,operating,1,True,,,CCGT,Compañía Española de Petróleos SA,26236,Climate TRACE,modelled (Climate TRACE),,Canary Islands,Santa Cruz de Tenerife,Climate TRACE,,,,,,,,,,,
GOGPT_dtu_denmar,DTU Cogeneration power station,Denmark,DNK,55.78469,12.52276,38.0,1998,operating,1,True,,,CCGT,Danske Commodities A/S [100%],,,,,Hovedstaden,Lyngby,GEM-GOGPT,,,,,,,,,,,
WRI1005714,GuD Kraftwerk Hillegossen,Germany,DEU,52.0333,8.5333,37.5,2005,operating,1,True,,,CCGT,Stadtwerke Bielefeld GmbH,54750,Climate TRACE,modelled (Climate TRACE),,North Rhine-Westphalia,Bielefeld,WRI,,,,,,,,,,,
GOGPT_bilkentuniversity_trkiye,Bilkent University power station,Türkiye,,39.8666,32.7563,36.5,1993,operating,1,True,,,CCGT,Bilenerji Bilkent Enerji Uretim Sanayi Ve Ticaret AŞ [100%],,,,,Anatolia,Cankaya,GEM-GOGPT,,,,,,,,,,,
USA0058310,Lake Charles Plant,United States of America,USA,30.1489,'-93.3356,36.4,2013,operating,1,False,,,CCGT,Rain CII Carbon LLC,34859,Climate TRACE,modelled (Climate TRACE),195.4,Louisiana,Carlyss,WRI,,,,,,,,,,,
CAN0007732,Cascade,Canada,CAN,51.2002,'-115.5021,36.0,2024,operating,2,False,Siemens Energy: SCC6-8000H,other/unspecified,CCGT,TransAlta (100%),,,,,Alberta,Banff,WRI,,,,,,,,,,,
WRI1005806,HKW Pfaffenwald,Germany,DEU,48.7508,9.1103,36.0,1963,operating,1,True,,,CCGT,Universität Stuttgart,103212,Climate TRACE,modelled (Climate TRACE),,Baden-Wuerttemberg,Gerlingen,WRI,,,,,,,,,,,
WRI1006101,Natural Gas Turbine #3,Germany,DEU,51.1514,13.9776,36.0,2014,operating,1,True,,,CCGT,Sachsenmilch Leppersdorf GmbH,,,,,Saxony,Lichtenberg,WRI,,,,,,,,,,,
WRI1005815,HKW Südstadt,Germany,DEU,50.917,6.9573,35.0,1994,operating,1,True,,,CCGT,RheinEnergie AG,,,,,North Rhine-Westphalia,Bayenthal,WRI,,,,,,,,,,,
GOGPT_panevezys_lithua,Panevėžys power station,Lithuania,LTU,55.74682,24.38319,35.0,2008,operating,1,True,,,CCGT,Panevėžio energija AB [100%],,,,,Panevezys,Panevezys,GEM-GOGPT,,,,,,,,,,,
WRI1005875,Kraftwerk 2,Germany,DEU,50.5691,9.6813,34.2,2012,operating,1,True,,,CCGT,Papierfabrik Adolf Jass Schwarza GmbH,,,,,Hesse,Fulda,WRI,,,,,,,,,,,
GOGPT_horsens_denmar,Horsens power station,Denmark,DNK,55.851905,9.857664,34.0,1991,operating,1,True,GE Power: LM250PE,other/unspecified,CCGT,Ørsted A/S [100%],,,,,Midtjylland,Horsens,GEM-GOGPT,,,,,,,,,,,
GOGPT_tvkindustrial_hungar,TVK Industrial power station,Hungary,HUN,47.9144,21.0236,34.0,2005,operating,1,True,,,CCGT,TVK-Erőmű Kft [100%],,,,,Borsod-Abauj-Zemplen,Tiszaujvaros,GEM-GOGPT,,,,,,,,,,,
CT-286,Pobla De Claramunt power station,Spain,ES,41.5519,1.6855,33.6,2008,operating,1,True,,,CCGT,Unión Industrial Papelera SA,26072,Climate TRACE,modelled (Climate TRACE),,Catalonia,La Pobla de Claramunt,Climate TRACE,,,,,,,,,,,
GOGPT_carricorefinery_portug,Carrico Refinery power station,Portugal,PRT,39.98321,'-8.85129,32.0,2009,operating,1,True,,,CCGT,Carriço Cogeração Sociedade de Geração de Electricidade e Calor SA [100%],,,,,Leiria,Carrico,GEM-GOGPT,,,,,,,,,,,
WRI1006677,MICHELIN ARANDA,Spain,ESP,41.6704,'-3.6892,31.9,2003,operating,1,False,,,CCGT,ENERGYWORKS ARANDA  S.L.,20894,Climate TRACE,modelled (Climate TRACE),,Castille and Leon,Aranda de Duero,WRI,,,,,,,,,,,
CT-294,Smurfit Mengíbar power station,Spain,ES,37.9812,'-3.7934,31.8,2009,operating,1,True,,,CCGT,Smurfit Kappa España SA,19946,Climate TRACE,modelled (Climate TRACE),,Andalusia,Mengibar,Climate TRACE,,,,,,,,,,,
WRI1006142,Wi-Biebrich,Germany,DEU,50.0405,8.2532,31.7,2006,operating,1,True,,,CCGT,InfraServ GmbH & Co. Wiesbaden KG,76423,Climate TRACE,modelled (Climate TRACE),,Hesse,Wiesbaden,WRI,,,,,,,,,,,
WRI1022446,Khormaksar,Yemen,YEM,12.8155,45.0279,30.0,1974,pre-construction,1,False,,,CCGT,Public Electricity Corporation,,,,,Aden,Khawr Maksar,WRI,,,,,,,,,,,
GOGPT_exxonmobilproduction_german,Exxonmobil Production power station,Germany,DEU,52.41025,9.81253,30.0,2014,operating,1,True,,,CCGT,ExxonMobil Production Deutschland GmbH [100%],,,,,Niedersachsen,Hannover,GEM-GOGPT,,,,,,,,,,,
USA0002695,Charles P Keller,United States of America,USA,40.6583,'-73.6406,29.4,1970,,1,True,,,CCGT,Village of Rockville Centre - (NY),42719,Climate TRACE,modelled (Climate TRACE),'-1.0,New York,Rockville Centre,WRI,,,,,,,,,,,
WRI1005785,HKW Erlangen (Natural Gas),Germany,DEU,49.593,11.0016,28.5,2005,operating,1,True,,,CCGT,Erlanger Stadtwerke AG,,,,,Bavaria,Erlangen,WRI,,,,,,,,,,,
CT-295,Losan Talosa power station,Spain,ES,41.7831,'-2.5115,28.5,2018,operating,1,True,,,CCGT,TABLEROS LOSÁN SA,19402,Climate TRACE,modelled (Climate TRACE),,Castille and Leon,Golmayo,Climate TRACE,,,,,,,,,,,
CT-296,GEMASA power station,Spain,ES,37.1841,'-6.9039,28.0,1997,operating,1,True,,,CCGT,Compañía Española de Petróleos SA,19332,Climate TRACE,modelled (Climate TRACE),,Andalusia,Palos de la Frontera,Climate TRACE,,,,,,,,,,,
WRI1005757,Pforzheim power station,Germany,DEU,48.8973,8.7245,26.9,1990,operating,1,True,,,CCGT,Heizkraftwerk Pforzheim GmbH,67286,EU ETS,measured,,Baden-Wuerttemberg,Pforzheim,WRI,,,,,,,,,,,
WRI1005812,HKW Schwarza,Germany,DEU,50.6869,11.3293,26.5,1936,operating,1,True,,,CCGT,Energie- und Medienversorgung Schwarza GmbH,,,,,Thuringia,Rudolstadt,WRI,,,,,,,,,,,
WRI1005638,Dortmund,Germany,DEU,51.5197,7.477,26.0,2004,,1,False,,,CCGT,RWE Generation SE,,,,,North Rhine-Westphalia,Dortmund,WRI,,,,,,,,,,,
CT-290,Álabe Villarrubia power station,Spain,ES,39.9856,'-3.369,25.9,1996,operating,1,True,,,CCGT,FMC Foret SA,21106,Climate TRACE,modelled (Climate TRACE),,Castille-La Mancha,Villarrubia de Santiago,Climate TRACE,,,,,,,,,,,
GBR1000443,Keadby GT,United Kingdom,GBR,53.5944,'-0.7504,25.0,2030,pre-construction,1,False,,,CCGT,Scottish and Southern: Thermal,,,,,England,Gunness,WRI,,,,,,,,,,,
CT-90,Gunvor Ingolstadt Refinery power station,Germany,DE,48.789,11.4733,25.0,1964,operating,1,True,,,CCGT,Gunvor Raffineri Ingolstadt GmbH,24495,Climate TRACE,modelled (Climate TRACE),,Bavaria,Lenting,Climate TRACE,,,,,,,,,,,
CT-300,Bioetanol Galicia power station,Spain,ES,43.1562,'-8.0233,25.0,2003,operating,1,True,,,CCGT,Bioetanol Galicia SA,17261,Climate TRACE,modelled (Climate TRACE),,Galicia,Curtis,Climate TRACE,,,,,,,,,,,
GOGPT_akzomariager_denmar,Akzo Mariager power station,Denmark,DNK,56.681337,10.042186,25.0,1999,operating,1,True,,,CCGT,Maricogen A/S [100%],,,,,Nordjylland,Mariager,GEM-GOGPT,,,,,,,,,,,
GOGPT_martorellseat_spain,Martorell Seat power station,Spain,ESP,41.49612,1.90134,25.0,2012,operating,1,True,,,CCGT,SEAT SA [100%],,,,,Barcelona,Martorell,GEM-GOGPT,,,,,,,,,,,
GOGPT_santjoanmill_spain,Sant Joan Mill power station,Spain,ESP,42.21502,2.51511,25.0,2011,operating,1,False,,,CCGT,Torraspapel SA [100%],,,,,Girona,Sant Joan les Fonts,GEM-GOGPT,,,,,,,,,,,
CT-301,Navia (Prat) power station,Spain,ES,43.5054,'-6.6944,24.0,1997,operating,1,True,,,CCGT,Industrias Lacteas Asturianas SA,16570,Climate TRACE,modelled (Climate TRACE),,Asturias,Navia,Climate TRACE,,,,,,,,,,,
CT-3520,Datang Rugao Natural Gas Distribution power plant,China,CN,32.3385,120.6812,24.0,2025,operating,1,True,"China Aviation Engine Gas Turbine Co., Ltd: AGT - 25",other/unspecified,CCGT,Datang Rugao Integrated Energy Co Ltd,108227,Climate TRACE,modelled (Climate TRACE),,Jiangsu Sheng,Dingyan,Climate TRACE,,,,,,,,,,,
CT-459,Kyjov CHP power station,Czech Republic,CZ,49.0046,17.1288,23.7,2001,operating,1,True,,,CCGT,Teplarna Kyjov AS,17766,Climate TRACE,modelled (Climate TRACE),,South Moravian,Kyjov,Climate TRACE,,,,,,,,,,,
CT-298,Losan Pina power station,Spain,ES,39.9952,'-2.0403,23.4,2003,operating,1,True,,,CCGT,PINA SA,18193,Climate TRACE,modelled (Climate TRACE),,Castille-La Mancha,Fuentes,Climate TRACE,,,,,,,,,,,
GOGPT_macclesfieldzenca_united,Macclesfield Zenca power station,United Kingdom,GBR,53.275459,'-2.110065,23.0,2001,operating,1,True,,,CCGT,AstraZeneca PLC [100%],,,,,Cheshire,Macclesfield,GEM-GOGPT,,,,,,,,,,,
WRI1002214,Beveren Ineos Phenolchemie,Belgium,BEL,51.2119,4.2563,22.8,1993,operating,1,True,,,CCGT,Electrabel NV/SA [100%],,,,,Flanders,Beveren,WRI,,,,,,,,,,,
BRA0031616,Santarém,Brazil,BRA,'-2.4785,'-54.7211,22.6,2014,,1,False,,,CCGT,Atem Distribuidora de Petróleo SA [100%],,,,,Para,Santarem,WRI,,,,,,,,,,,
USA0001867,Zeeland,United States of America,USA,42.8067,'-86.0558,22.3,1972,operating,1,False,,,CCGT,City of Zeeland - (MI),,,,0.3,Michigan,Zeeland,WRI,2,False,False,False,,59093,45.9,7434,401,0.621,812.9
WRI1019967,MAHUL REFINERY,India,IND,19.0162,72.8963,22.0,1994,operating,1,False,,,CCGT,Bharat Corp ltd,6676,Climate TRACE,modelled (Climate TRACE),,Maharashtra,Mumbai,WRI,,,,,,,,,,,
CT-303,Ecocarburantes Españoles power station,Spain,ES,37.5805,'-0.9233,22.0,,operating,1,True,,,CCGT,Ecocarburantes Españoles SA,15190,Climate TRACE,modelled (Climate TRACE),,Murcia,La Union,Climate TRACE,,,,,,,,,,,
CT-299,Enercrisa power station,Spain,ES,42.4838,'-3.1508,21.4,2009,operating,1,True,,,CCGT,Enercrisa SA,18023,Climate TRACE,modelled (Climate TRACE),,Castille and Leon,Cerezo de Rio Tiron,Climate TRACE,,,,,,,,,,,
WRI1061920,GSR CHPP,Russia,RUS,59.7614,30.5752,21.0,1952,operating,1,True,,,CCGT,"JSC ""GSR CHP""",,,,,St.-Petersburg,Kolpino,WRI,,,,,,,,,,,
CT-297,Figuruelas power station,Spain,ES,41.752,'-1.1802,20.9,1993,operating,1,True,,,CCGT,Institute for Diversification and Saving of Energy,18408,Climate TRACE,modelled (Climate TRACE),,Aragon,Figueruelas,Climate TRACE,,,,,,,,,,,
WKS0071083,Hassi R'mel ISCC,Algeria,DZA,33.123,3.356,20.0,2011,operating,1,False,,,CCGT,Sonatrach SpA [100%],,,,,Ghardaia,Berriane,WRI,,,,,,,,,,,
WRI1023007,Lobito,Angola,AGO,'-12.37,13.57,20.0,2018,pre-construction,2,False,,,CCGT,Public Electricity Production Co,,,,,Benguela,Lobito,WRI,,,,,,,,,,,
WKS0071324,Moerdijk,Netherlands,NLD,51.687,4.546,20.0,1997,operating,1,True,,,CCGT,RWE Generation NL BV,429754,Climate TRACE,modelled (Climate TRACE),,North Brabant,Klundert,WRI,,,,,,,,,,,
CT-354,Foxhol Plant power station,Netherlands,NL,53.1698,6.7145,20.0,1995,operating,1,True,,,CCGT,Royal Avebe UA,24879,Climate TRACE,modelled (Climate TRACE),,Groningen,Hoogezand,Climate TRACE,,,,,,,,,,,
GOGPT_premierbraila_romani,Premier Energy Braila power station,Romania,ROU,45.2368978,27.9543604,20.0,,announced,1,True,,,CCGT,Premier Energy PLC,,,,,Brăila County,Braila,GEM-GOGPT,,,,,,,,,,,
WKS0068920,Naâma,Algeria,DZA,33.274,'-0.372,19.9,2021,operating,2,False,,,CCGT,Société Algérienne de Production de l'Electricité SpA [100%],,,,,Wilaya de Naama,Naama,WRI,,,,,,,,,,,
WRI1005684,FS-Karton,Germany,DEU,51.2171,6.6965,18.9,1992,operating,2,True,,,CCGT,FS-Karton GmbH,,,,,North Rhine-Westphalia,Neuss,WRI,,,,,,,,,,,
WRI1002217,BUDA TJ,Belgium,BEL,50.9079,4.4155,18.6,2001,mothballed,1,False,,,CCGT,Electrabel NV/SA [100%],,,,,Flanders,Diegem,WRI,,,,,,,,,,,
WRI1019876,Mtwara,Tanzania,TZA,'-10.26,40.041,18.0,,announced,1,False,,,CCGT,Tanzania Electric Supply Company,,,,,Mtwara,Mtwara,WRI,,,,,,,,,,,
WRI1008205,Yazd,Iran,IRN,31.9545,54.0658,17.0,2009,announced,2,False,,,CCGT,Yazd Regional Electricity JSC [100%],,,,,Yazd,Taft,WRI,,,,,,,,,,,
CT-5843,Lins power station,Brazil,BR,'-21.5756,'-49.7212,16.0,,announced,1,False,,,CCGT,Usina Termelétrica de Lins SA,,,,,Sao Paulo,Lins,Climate TRACE,,,,,,,,,,,
WRI1005799,HKW Merkenich,Germany,DEU,51.0179,6.964,15.5,1965,operating,2,True,,,CCGT,RheinEnergie AG,,,,,North Rhine-Westphalia,Leverkusen,WRI,,,,,,,,,,,
WRI1072384,Shantou Chenghai Jieyuan Municipal Solid Waste,China,CHN,23.546,116.819,15.0,2025,operating,2,True,Siemens Energy: SGT-800,E/legacy-class,CCGT,Shantou Yixin Gas Distributed Energy Co Ltd [100%],,,,,Guangdong,Xinan,WRI,,,,,,,,,,,
USA0000959,Red Bud,United States of America,USA,38.2165,'-89.9992,15.0,1980,operating,4,False,,,CCGT,City of Red Bud - (IL),,,,0.1,Illinois,Red Bud,WRI,,,,,,,,,,,
USA0056687,Mountain View,United States of America,USA,39.8014,'-77.7883,14.4,2003,operating,2,False,,,CCGT,Industrial Power Generating Company LLC,,,,41.3,Pennsylvania,Greencastle,WRI,,,,,,,,,,,
WRI1000391,Datan,Taiwan,TWN,23.3979,121.3603,14.0,2005,operating,8,False,Mitsubishi Power: M501G,other/unspecified,CCGT,Taiwan Power Co [100%],,,,,Taiwan,Hualian,WRI,,,,,,,,,,,
WRI1005589,BHKW Ludwigshafen,Germany,DEU,49.4531,8.4336,12.5,2008,operating,1,True,,,CCGT,MVV Energie AG,,,,2809.3,Rheinland-Pfalz,Neuhofen,WRI,,,,,,,,,,,
USA0054452,Agrium Kenai Nitrogen Operations,United States of America,USA,60.6732,'-151.3784,12.5,1977,operating,1,False,,,CCGT,Agrium US Inc,,,,,Alaska,Nikiski,WRI,1,True,True,False,,55966,38.5,8855,469,0.611,432.1
WKS0070980,Agua Prieta II,Mexico,MEX,31.263,'-109.59,12.0,2015,operating,1,False,,,CCGT,Comisión Federal de Electricidad EPE,958210,Climate TRACE,modelled (Climate TRACE),,Sonora,Agua Prieta,WRI,,,,,,,,,,,
WRI1061360,Mawlamyaing,Myanmar,MMR,16.47,97.654,12.0,1980,operating,1,False,"GE Vernova: 6B, GE Vernova: 6B, GE Vernova: 6B, GE Vernova: LM2500",other/unspecified,CCGT,Myanmar Lighting (IPP) Co Ltd [100%],,,,60.0,Mon,Mawlamyine,WRI,,,,,,,,,,,
USA0002192,Mystic,United States of America,USA,45.2257,'-109.7625,12.0,1925,,2,False,,,CCGT,NorthWestern Energy,,,,57.8,Montana,Absarokee,WRI,,,,,,,,,,,
WRI1029223,Hobiganj (Confidence-EP),Bangladesh,BGD,24.2639,91.379,11.0,2008,operating,1,False,,,CCGT,Confidence EP,,,,,Sylhet,Habiganj,WRI,,,,,,,,,,,
WRI1023035,Limbe,Cameroon,CMR,4.0167,9.2,10.6,2029,pre-construction,2,False,,,CCGT,Ministry of Water and Energy (Cameroon) [100%],,,,,South-West Province,Limbe,WRI,,,,,,,,,,,
WRI1006116,UPM Schongau,Germany,DEU,47.8032,10.9043,10.5,1959,operating,1,True,,,CCGT,UPM GmbH,,,,,Bavaria,Schongau,WRI,,,,,,,,,,,
USA0001326,Sterling,United States of America,USA,38.2143,'-98.2071,10.3,1979,operating,1,False,,,CCGT,City of Sterling - (KS),,,,0.0,Kansas,Sterling,WRI,,,,,,,,,,,
BRA0000312,Brasília,Brazil,BRA,'-15.7968,'-47.9403,10.0,,,1,False,,,CCGT,Termo Norte Energia Ltda [100%],,,,,Federal District,Brasilia,WRI,,,,,,,,,,,
WKS0071881,Hjørring,Denmark,DNK,57.557,9.946,10.0,1996,operating,1,True,,,CCGT,Hjorring Varmeforsyning AMBA [100%],,,,,North Denmark,Hirtshals,WRI,,,,,,,,,,,
WRI1005736,Heizkraftwerk 5,Germany,DEU,49.8828,8.6287,10.0,1999,,1,False,,,CCGT,Merck KGaA,,,,,Hesse,Darmstadt,WRI,,,,,,,,,,,
CT-5841,Itacoatiara power station,Brazil,BR,'-3.1487,'-58.4334,9.0,,,1,False,,,CCGT,Termelétrica Itacoatiara SA,,,,,Amazonas,Itacoatiara,Climate TRACE,,,,,,,,,,,
USA0010431,Anheuser-Busch Jacksonville,United States of America,USA,30.4342,'-81.6454,8.7,1987,pre-construction,1,False,,,CCGT,Anheuser-Busch Inc,,,,75.4,Florida,Jacksonville,WRI,,,,,,,,,,,
USA0060457,Athens Energy,United States of America,USA,44.9455,'-69.6607,8.5,2016,operating,3,False,,,CCGT,Athens Energy  LLC,,,,58.9,Maine,Cornville,WRI,,,,,,,,,,,
WRI1001945,SAN CARLOS,Philippines,PHL,10.9844,122.7711,8.3,,,1,False,,,CCGT,,,,,,Western Visayas,Anilao,WRI,,,,,,,,,,,
USA0000508,Lamar Plant,United States of America,USA,38.0333,'-102.5379,8.0,1989,operating,2,False,,,CCGT,City of Lamar - (CO),,,,9.9,Colorado,Lamar,WRI,,,,,,,,,,,
USA0002945,Anadarko,United States of America,USA,39.757,'-81.1155,7.8,1969,operating,3,False,,,CCGT,City of Woodsfield - (OH),,,,0.0,Ohio,Woodsfield,WRI,,,,,,,,,,,
WRI1023716,Hawar Power ad Water Station,Bahrain,BHR,26.1981,50.5919,7.3,1985,pre-construction,2,False,,,CCGT,The Electricity and Water Authority,,,,,Manama,Manama,WRI,,,,,,,,,,,
WKS0068001,Niigata,Japan,JPN,37.947,139.088,7.0,2011,operating,1,False,,,CCGT,Tohoku Electric Power Co Inc [100%],92782,Climate TRACE,modelled (Climate TRACE),,Niigata,Kameda-honcho,WRI,,,,,,,,,,,
USA0050955,Rousselot Inc,United States of America,USA,42.5217,'-70.9387,6.7,1959,operating,2,False,,,CCGT,Rousselot Inc,,,,16.5,Massachusetts,Peabody,WRI,,,,,,,,,,,
USA0001164,Milford,United States of America,USA,43.3261,'-95.1483,6.5,1989,operating,3,False,,,CCGT,City of Milford - (IA),,,,0.2,Iowa,Milford,WRI,,,,,,,,,,,
USA0004178,Guernsey,United States of America,USA,42.2899,'-104.7606,6.4,1927,operating,3,False,GE Power: 7HA.02,H/J-class,CCGT,U S Bureau of Reclamation,,,,20.3,Wyoming,Guernsey,WRI,,,,,,,,,,,
WRI1061744,Vladimirskaya TPP-2 [boiler-house],Russia,RUS,56.1448,40.4546,6.0,1972,operating,1,True,,,CCGT,"Vladimir Branch of PJSC ""T Plus""",,,,,Vladimir,Kommunar,WRI,,,,,,,,,,,
WKS0060286,Castelnou,Spain,ESP,41.2199,'-0.3017,6.0,2006,operating,1,False,,,CCGT,Initec Energia SA,13600,EU ETS,measured,,Aragon,Castelnou,WRI,,,,,,,,,,,
WRI1005348,Hemweg,Netherlands,NLD,52.4053,4.8466,5.3,2001,operating,1,True,Siemens Energy: SGT5-4000F,F-class,CCGT,Vattenfall AB [100%],,,,,North Holland,Zaandam,WRI,,,,,,,,,,,
WKS0060321,Castejon,Spain,ESP,42.1517,'-1.6556,5.2,2002,operating,3,False,,,CCGT,TotalEnergies SE [100%],,,,,Navarre,Castejon,WRI,,,,,,,,,,,
WRI1002224,DROGENBOS DM 51,Belgium,BEL,50.8023,4.299,5.0,1993,operating,1,False,,,CCGT,Electrabel NV/SA [100%],,,,,Flanders,Drogenbos,WRI,,,,,,,,,,,
WRI1029878,Yeoju,South Korea,KOR,37.3263,127.6052,5.0,2023,operating,1,False,,,CCGT,Korea Water Resources Corporation,,,,,Gyeonggi-do,Yeoju,WRI,,,,,,,,,,,
BRA0030190,Laranjeiras,Brazil,BRA,'-7.6571,'-35.3309,4.8,2004,announced,1,False,,,CCGT,Eneva SA [100%],,,,,Pernambuco,Vicencia,WRI,,,,,,,,,,,
WKS0062416,Archimede,Italy,ITA,37.133,15.217,4.7,2010,operating,2,True,,,CCGT,Enel Produzione SpA,375902,Climate TRACE,modelled (Climate TRACE),,Sicily,Citta Giardino,WRI,,,,,,,,,,,
USA0058664,Frito Lay Incorporated,United States of America,USA,41.8628,'-71.8917,4.6,2009,operating,3,False,,,CCGT,Frito Lay Incorporated Dayville,,,,24.6,Connecticut,Killingly Center,WRI,,False,False,False,,55149,48.1,7088,382,0.778,5723.0
USA0054965,Cargill Salt,United States of America,USA,42.8183,'-82.4856,4.2,1993,operating,1,False,,,CCGT,Cargill Inc,,,,6.2,Michigan,Saint Clair,WRI,2,True,False,False,,62192,49.2,6941,374,0.405,4496.0
USA0054929,Alliant SBD 9403 Aegon DC,United States of America,USA,41.9167,'-91.6542,4.1,2002,announced,2,False,,,CCGT,Industrial Energy Applications Inc,,,,0.0,Iowa,Ely,WRI,,,,,,,,,,,
USA0003697,Gateway,United States of America,USA,41.1365,'-111.8314,4.0,1958,operating,1,False,,,CCGT,Weber Basin Water Conserv Dist,,,,13.8,Utah,Mountain Green,WRI,,,,,,,,,,,
USA0003024,Eagle Point,United States of America,USA,42.5146,'-122.7571,2.8,1957,operating,1,False,,,CCGT,PacifiCorp,,,,16.8,Oregon,Eagle Point,WRI,,,,,,,,,,,
BRA0033225,BAXTER,Brazil,BRA,'-23.6768,'-46.6822,2.0,2003,,2,False,,,CCGT,Petróleo Brasileiro SA [100%],,,,,Sao Paulo,Diadema,WRI,,,,,,,,,,,
GBR0000620,Immingham,United Kingdom,GBR,53.6133,'-0.186,2.0,2004,operating,3,True,,,CCGT,Waste Recycling Group,6263,EU ETS,measured,6653.2,England,Immingham,WRI,,,,,,,,,,,
USA0056423,Dodge Park Engine No 1,United States of America,USA,39.9524,'-83.0144,2.0,2008,construction,1,True,Siemens Energy: SGT-700,E/legacy-class,CCGT,City of Columbus - (OH),,,,0.0,Ohio,Columbus,WRI,,,,,,,,,,,
USA0059019,Griffith,United States of America,USA,41.5214,'-87.4361,2.0,2013,operating,1,False,,,CCGT,Lake County Solar LLC,,,,3.0,Indiana,Griffith,WRI,,,,,,,,,,,
USA0004139,Viola,United States of America,USA,43.507,'-90.669,1.8,2002,pre-construction,1,False,Mitsubishi Power: M501JAC,H/J-class,CCGT,Village of Viola - (WI),,,,'-0.0,Wisconsin,Viroqua,WRI,,,,,,,,,,,
USA0000394,Cottonwood,United States of America,USA,36.4434,'-118.0439,1.6,1908,operating,4,False,,,CCGT,Los Angeles Department of Water & Power,,,,1.0,California,Lone Pine,WRI,,,,,,,,,,,
USA0060514,Seminole,United States of America,USA,31.0651,'-84.9317,1.6,2014,operating,1,False,,,CCGT,Terraform Arcadia,,,,1.3,Georgia,Donalsonville,WRI,,,,,,,,,,,
USA0062002,Brooklyn Hospital Center,United States of America,USA,40.6905,'-73.9779,1.4,1997,,1,False,,,CCGT,Brooklyn Hospital Center,,,,0.0,New York,New York City,WRI,2,False,False,False,,54914,63.8,5346,289,0.697,1965.7
WRI1025577,Montoir-de-Bretagne,France,FRA,47.3192,'-2.1456,1.2,2010,operating,1,False,,,CCGT,Engie Energie Services SA,246560,Climate TRACE,modelled (Climate TRACE),,Pays de la Loire,Montoir-de-Bretagne,WRI,,,,,,,,,,,
WRI1025685,Saint-Étienne-du-Rouvray,France,FRA,49.3814,1.09,1.1,2000,operating,1,True,,,CCGT,Idex Industries SAS,95116,Climate TRACE,modelled (Climate TRACE),,Haute-Normandie,Saint-Etienne-du-Rouvray,WRI,,,,,,,,,,,
CT-1806,Valley (TX),United States,US,33.6281,'-96.3676,,2026,pre-construction,2,False,Siemens Energy: SGT-800,E/legacy-class,CCGT,Fort Worth Power Core LLC,,,,,Texas,Bells,Climate TRACE,,,,,,,,,,,
CT-4232,Qingyuan Shijiao Distributed Natural Gas power station,China,CN,23.5036,112.9664,,2025,operating,2,True,Shanghai Electric: AE64.3A,other/unspecified,CCGT,National Energy Group Guangdong Electric Power Co Ltd,,,,,Guangdong,Shijiao,Climate TRACE,,,,,,,,,,,
CT-4245,Guoxin Yancheng Gas Thermal power station,China,CN,33.4006,120.1171,,,,2,True,,,CCGT,Yancheng Power Generation Co Ltd,,,,,Jiangsu Sheng,Yulong,Climate TRACE,,,,,,,,,,,
CT-4248,SPIC Wusongjiang Gas power station,China,CN,31.2063,120.6803,,2025,operating,2,True,Shanghai Electric: AE64.3A,other/unspecified,CCGT,Suzhou Wuzhong Integrated Energy Co Ltd,,,,,Jiangsu Sheng,Songling,Climate TRACE,,,,,,,,,,,
CT-4302,Hebei Wanzhong Gas Thermal power station,China,CN,37.9726,114.6934,,2025,operating,2,True,,,CCGT,Hebei Wanzhong Thermal Power Co Ltd,,,,,Henan Sheng,Beile,Climate TRACE,,,,,,,,,,,
CT-4303,Huadian Huizhou Dongjiang Gas cogeneration power station,China,CN,23.1348,114.5644,,2025,operating,2,True,Dongfang Electric Corporation: M701F5,F-class,CCGT,Guangdong Huadian Huizhou Energy Co Ltd,,,,,Guangdong,Shuikou,Climate TRACE,,,,,,,,,,,
CT-4304,Chuantou Luzhou power station,China,CN,28.7754,105.285,,2025,operating,2,False,Dongfang Electric Corporation: M701J,H/J-class,CCGT,Sichuan Investment (Luzhou) Gas Power Generation Co Ltd,,,,,Sichuan,Naxi,Climate TRACE,,,,,,,,,,,
CT-4305,"Zhejiang Zheneng Zhenhai United Power Generation Co., Ltd. power station",China,CN,29.071,119.5804,,2025,operating,1,False,"Ansaldo Energia: AE94.3A, Shanghai Electric: AE94.3A",other/unspecified,CCGT,Zhenlian Gas Power Generation (Jinhua) Co Ltd,,,,,Zhejiang Sheng,Qiubin,Climate TRACE,,,,,,,,,,,
CT-5152,GMR Energy Limited Combined Cycle power plant,India,IN,16.9501,82.2702,,2001,,1,False,,,CCGT,GMR Energy Ltd,,,,,Andhra Pradesh,Ramanayyapeta,Climate TRACE,,,,,,,,,,,
CT-6057,CCC San Luis Potosí power station,Mexico,MX,21.8347,'-100.9338,,2025,operating,1,False,Mitsubishi Power: M501JAC,H/J-class,CCGT,Comisión Federal de Electricidad EPE,,,,,San Luis Potosi,Ejido Gogorron (Ex-Hacienda de Gogorron),Climate TRACE,,,,,,,,,,,
